"";"ID";"item";"questionItem";"value";"category_probe";"category_probe_again";"questionComprehension";"comp_probe";"comp_probe_again"
"1";"1";"hedonism01";"is personally unsatisfactory...is personally satisfactory";"4";"I selected 4 on this scale because I am torn between its ethical appropriateness. I believe the benefits will do more good than harm, but I can understand if others are uncomfortable with that step affecting many. Overall, I would be neutral about the decision on either part.";NA;"When in your opinion is the described technology <b>personally satisfactory</b>?";"In my opinion, the described technology is personally satisfactory when I feel as though saying yes to this movement is bettering the environment. By having sulfur inputs in the atmosphere to deflect sun rays, it is meant to cool the environment a bit more which is very beneficial without making citizens do much.";NA
"2";"1";"hedonism03";"requires me to make sacrifices in order to use it...does not require me to make sacrifices in order to use it";"7";"I selected 7 for this scale because if it is implemented, it seems as though it will be a large scale governmental procedure that has little to nothing to do with me. I would simply vote for it and then see its work flourish without putting much work into it. ";NA;"When in your opinion requires the described technology to <b>make sacrifices in order to use it</b>?";"In my opinion, the described technology does not make sacrifices in order to use it at all really, but if there were to be any sacrifices it would be to accept the viewing of SAI in the sky every once in a while for many years. ";NA
"3";"1";"contractualist02";"is unfair...is fair";"6";"I selected 6 because it has the potential to be very fair. So long as a majority agrees with its introduction, including other countries, I feel it has the potential to be really helpful for our climate situation. ";NA;"When in your opinion is the described technology <b>fair</b>?";"In my opinion I described the technology as fair because it is seemingly for the better of the people, what's left is just making sure everyone is on the same page for its implementation. ";NA
"4";"1";"deontology02";"harms the autonomy of users...promotes the autonomy of users";"4";"I selected 4 in this scale because I believe it isn't directly affecting anyone's autonomy. It is a procedure that would happen alongside living; people's daily routines will most likely stay the same. ";NA;"What does <b>autonomy of users</b> mean for you in a technological context?";"Autonomy of users in a technological context means whether or not integrating a form of technology will affect my already established routine (whether in a harmful way or beneficial way). For instance if I use an advanced wheelchair when I can't walk, that is promoting autonomy because I can move more now. In this case, because it is such a procedure that is happening out of reach from average citizens, the autonomy is more or less the same as before its implementation.";NA
"5";"1";"deontology03";"obliges a certain immoral behavior...obliges a certain moral behavior";"6";"I chose 6 on this scale because I can agree it is easier to say yes ""morally"" than to say no to this procedure. If it is for the better of society and the environment, it is much more for the greater good to say yes. ";NA;"What do you consider to be a <b>moral behavior</b> in a technological context?";"Moral behavior in a technological context would be about whether or not the technology is benefitting the greater good. It would be encouraging a product that is helpful, and feeling selfish if you deny its process because of your own reasons. ";NA
"6";"1";"contractualist06";"violates my ideas of fairness...does not violate my ideas of fairness";"6";"I selected 6 in this scale because I do not feel personally violated in terms of fairness because of this technology. I feel it just brought out my ideas of fairness without altering them. ";NA;"What do you consider to be a <b>idea of fairness</b> in a technological context?";"My idea of fairness in a technological context is if its implementation falls under the implementation of technology we have willingly welcomed previously. So far, it seems like companies have made a good claim to produce anything they want anyway (harmful or beneficial) as long as it serves a purpose for the average person. That's why implementing this would just fall under that category again.";NA
"7";"1";"hedonism08";"harms my freedom...promotes my freedom";"4";"I selected 4 in this scale because it is similar to autonomy scale. The implementation of SAI does nothing to my daily routine, or the average person's daily routine. If anything, I am able to be more free because there is something doing the work at a larger scale for the environment that I don't have to do. ";NA;"How can the described technology <b>promotes your freedom</b>?";"The describe technology can promote my freedom in the way that I encouraged the implementation of a technology that can do something better and greater for the environment, removing that responsibility from me in different ways. ";NA
"8";"2";"deontology04";"is not morally right...is morally right";"5";"It is morally right as an emergency measure, but there are ethical concerns about unknown consequences of using the aerosol. ";NA;"When in your opinion is the described technology <b>morally right</b>?";"If it is an effective measure, it is morally right to use as an emergency tool to prevent heating of the planet.";NA
"9";"2";"contractualist01";"is unjust...is just";"5";"Because it is needed to prevent further damage to the planet, despite unknown risks surrounding its use.";NA;"When in your opinion is the described technology <b>just</b>?";"When it becomes necessary to employ as an emergency climate measure.";NA
"10";"2";"hedonism07";"harms my health...promotes my health";"4";"Because according to the science, it is protecting my health from the effects of a heating planet, however the unknown variables are the long terms effects of the sulfur.";NA;"How can the described technology <b>promotes your health</b>?";"By reflecting back heat to outer space and preventing the warming of the planet.";NA
"11";"2";"utilitarian01";"provides the least utility for society...provides the greatest utility for society";"2";"Because it does nothing about the source of the planet's pollution, and does nothing to stop ocean acidification. ";NA;"Which type of <b>utilities</b> were you thinking of when you answered the question?";"I was thinking of utilities that would mitigate the effects of the heating planet described in the text.";NA
"12";"2";"deontology02";"harms the autonomy of users...promotes the autonomy of users";"4";"People will still have their autonomy, however there will always be a nagging question of whether this aerosol somehow threatens their autonomy, until more research is done to prove or disprove this. ";NA;"What does <b>autonomy of users</b> mean for you in a technological context?";"People being free to exist and live without being exposed to potentially hazardous substances. ";NA
"13";"2";"deontology01";"does not imply a moral obligation to act in a certain way...implies a moral obligation to act in a certain way";"7";"Because it shows a moral obligation to cool the heating planet by using an unproven technology, which would be a balancing act between the good of the entire planet versus the good of the individual.";NA;"What do you consider to be a <b>moral obligation</b>?";"To behave in ways that reflect the common good for everybody, the greater health of the planet versus the individual. ";NA
"14";"2";"contractualist06";"violates my ideas of fairness...does not violate my ideas of fairness";"4";"Because I can see how it would be fair for everybody, but not fair for the individual, so I'm straddling between thinking it's fair and unfair. ";NA;"What do you consider to be a <b>idea of fairness</b> in a technological context?";"Technology that promotes the wellbeing of the everybody while also considering the individual's rights and freedoms.";NA
"15";"3";"virtue01";"is developed by someone who has wrong motivations...is developed by someone who has good motivations";"6";"They have good intentions and are trying to help the earth by stopping climate change by creating new technologies ";NA;"For the development of the technology  <b>which people or groups of people</b> did you have in mind?";"I have in mind scientists or engineers ";"Scientists and engineers because they are the most educated about climate change and would know best on what to do to solve it"
"16";"3";"contractualist03";"does not respect an unwritten contract...respects an unwritten contract";"6";"They respect an unwritten contract because they wouldn’t be stuck in doing something";NA;"What do you consider to be an <b>unwritten contract</b> in a technological context?";"A idea or proposition not trapped into doing";"Unwritten contract would be a propoition or idea being done that isnt mandatory or having to do done without choice"
"17";"3";"utilitarian01";"provides the least utility for society...provides the greatest utility for society";"6";"It is a very great help to use for climate change";"It can aim to reflect the heat from the sun back into outer space to prevent warming of land and oceans";"Which type of <b>utilities</b> were you thinking of when you answered the question?";"I was thinking of the stratopsheric aerosol injection";NA
"18";"3";"deontology03";"obliges a certain immoral behavior...obliges a certain moral behavior";"6";"It gets a good job done for the earth and society";"It aids in saving the earth and humanity";"What do you consider to be a <b>moral behavior</b> in a technological context?";"Helping or aiding ";"The help or aid to earth or humanity to help with a cause"
"19";"3";"deontology01";"does not imply a moral obligation to act in a certain way...implies a moral obligation to act in a certain way";"6";"It is used to help the earth and stop climate change";NA;"What do you consider to be a <b>moral obligation</b>?";"Using utilitys or tool to stop climate change or help to";NA
"20";"3";"virtue09";"is developed by someone who is acting on ill intentions...is developed by someone who is acting on good intentions";"6";"It is being used to help stop climate change ";"People are trying to help the earth and humanity";"For the development of the technology  which <b>which people or groups of people</b> did you have in mind?";"Scientists or engineers who are creating utilitys and tools to help climate change";NA
"21";"3";"hedonism03";"requires me to make sacrifices in order to use it...does not require me to make sacrifices in order to use it";"1";"It definitely requires to make sacrifices as most climate change problems come from humans";NA;"When in your opinion requires the described technology to <b>make sacrifices in order to use it</b>?";"We all are going to have to deal with some consequences when using it to help stop climate change";NA
"22";"4";"virtue09";"is developed by someone who is acting on ill intentions...is developed by someone who is acting on good intentions";"6";"Since it is the only known solution for now.";"Because it is meant to solve a problem.";"For the development of the technology  which <b>which people or groups of people</b> did you have in mind?";"The government. ";"NGO"
"23";"4";"virtue01";"is developed by someone who has wrong motivations...is developed by someone who has good motivations";"7";"I feel confident about them.";"I have a positive feeling for the future.";"For the development of the technology  <b>which people or groups of people</b> did you have in mind?";"Top Business Men";"Government"
"24";"4";"deontology08";"prevents treatment with dignity in interactions...ensures treatment with dignity in interactions";"5";"I have a strong positive feeling about its objective.";NA;"What does <b>dignity in interactions</b> mean for you in a technological context?";"Considers its impacts on humans.";"It is designed to make life easier."
"25";"4";"contractualist02";"is unfair...is fair";"6";"Because I have faith in it.";"I can trust it.";"When in your opinion is the described technology <b>fair</b>?";"When the benefits outways its issues.";"It is a solution to a problem."
"26";"4";"contractualist01";"is unjust...is just";"4";"I can't tell how just it is.";"Because until I see its impact physically, I cant put a measure to it.";"When in your opinion is the described technology <b>just</b>?";"How balanced it is.";"If it is serving its purpose."
"27";"4";"deontology03";"obliges a certain immoral behavior...obliges a certain moral behavior";"4";"Depends on how well it serves humans.";"When its negative impact is not hidden from the public.";"What do you consider to be a <b>moral behavior</b> in a technological context?";"How friendly is the technology? ";"It considers the safety of its implementation to humans. "
"28";"4";"deontology04";"is not morally right...is morally right";"5";"Since it is to solve a particular problem.";"Because fixing the future for the next generation.";"When in your opinion is the described technology <b>morally right</b>?";"The measure of its positive impacts.";"How great the innovation is."
"29";"5";"deontology05";"goes against an important moral rule by which I live...does not go against an important moral rule by which I live";"7";"This issue is up to all issue to solve emergency";"This issue is up to all issue to solve emergency";"What do you consider to be a <b>important moral rule</b> in a technological context?";"To save self live to save environment.";"To save self live to save environment."
"30";"5";"deontology02";"harms the autonomy of users...promotes the autonomy of users";"7";"To save self life need to save environment.";"To save self life need to save environment.";"What does <b>autonomy of users</b> mean for you in a technological context?";"That can function and execute task without being controlled by a human.";NA
"31";"5";"deontology07";"prevents treatment with respect in interactions...ensures treatment with respect in interactions";"7";"In my point of view is like that.";"In my point of view is like that.";"What does <b>respect in interactions</b> mean for you in a technological context?";"How the system act on user and how the user act on system.";NA
"32";"5";"deontology08";"prevents treatment with dignity in interactions...ensures treatment with dignity in interactions";"7";"Because it is one of the most useful way to protect ";NA;"What does <b>dignity in interactions</b> mean for you in a technological context?";"It means a positive feedback ";"It means a positive feedback "
"33";"5";"contractualist01";"is unjust...is just";"7";"To protect man made climate change that's process is one of the effective way so that. ";NA;"When in your opinion is the described technology <b>just</b>?";"When I understand and calculation the effect.";"When I understand and calculation the effect."
"34";"5";"virtue09";"is developed by someone who is acting on ill intentions...is developed by someone who is acting on good intentions";"7";"Because you need to support what is useful for all.";NA;"For the development of the technology  which <b>which people or groups of people</b> did you have in mind?";"We should support all because is will be helpful for us all.";NA
"35";"5";"deontology09";"attacks the intrinsic value of nature...protects the intrinsic value of nature";"7";"Because it try to help to protect nature";"Because it try to help to protect nature";"What do you consider to be a <b>intrinsic value of nature</b> in a technological context?";"A lot";"A lot"
"36";"6";"hedonism02";"would be selfish for me to use...would not be selfish for me to use";"6";"I think that the Stratospheric Aerosol Injection could cool down the earth at times.";NA;"Under which circumstances in your opinion is the described technology <b>selfish for you to use</b>?";"I don't know.";"I think it would be selfish to use too much."
"37";"6";"deontology05";"goes against an important moral rule by which I live...does not go against an important moral rule by which I live";"6";"I don't have a moral rule when it comes to dropping things out of the sky.";NA;"What do you consider to be a <b>important moral rule</b> in a technological context?";"No clue";"No clue."
"38";"6";"contractualist03";"does not respect an unwritten contract...respects an unwritten contract";"5";"I haven't heard of any unwritten contracts.";"I DON'T KNOW.";"What do you consider to be an <b>unwritten contract</b> in a technological context?";"No clue.";"No clue."
"39";"6";"contractualist06";"violates my ideas of fairness...does not violate my ideas of fairness";"6";"It's fair.";"The Stratospheric Aerosol Injection technology doesn't violate my ideas of fairness at all.";"What do you consider to be a <b>idea of fairness</b> in a technological context?";"Not using so much electricity.";"Not using much electricity."
"40";"6";"virtue09";"is developed by someone who is acting on ill intentions...is developed by someone who is acting on good intentions";"6";"This person wants to help with climate change.";"This person wants to help with climate change.";"For the development of the technology  which <b>which people or groups of people</b> did you have in mind?";"Jack Niles, Marty Cooper.";"Jack Niles, Marty Cooper."
"41";"6";"deontology01";"does not imply a moral obligation to act in a certain way...implies a moral obligation to act in a certain way";"6";"Implies that we should be more cautious with our planet.";NA;"What do you consider to be a <b>moral obligation</b>?";"What you think is right or wrong to do.";"What you think is right or wrong to do."
"42";"6";"deontology03";"obliges a certain immoral behavior...obliges a certain moral behavior";"5";"I selected five because Stratospheric Aerosol Injection technology obliges a certain moral behavior.";NA;"What do you consider to be a <b>moral behavior</b> in a technological context?";"I don't know.";"I don't know."
"43";"7";"hedonism02";"would be selfish for me to use...would not be selfish for me to use";"5";"Although the side effects are unknown it is still of supreme importance that the temperature is brought down. It is possible that the need for lower temperatures trumps the other possible side effects.";NA;"Under which circumstances in your opinion is the described technology <b>selfish for you to use</b>?";"It would be selfish for me to use if it only cooled the temperature during my lifetime but did nothing to improve things in the long term and/or if it was not being used in conjunction with other efforts to combat climate change.";NA
"44";"7";"virtue09";"is developed by someone who is acting on ill intentions...is developed by someone who is acting on good intentions";"7";"It appears to have been developed by someone who wants to help combat climate change.";NA;"For the development of the technology  which <b>which people or groups of people</b> did you have in mind?";"Scientists.";"Scientists who are working to combat climate change and global warming."
"45";"7";"virtue01";"is developed by someone who has wrong motivations...is developed by someone who has good motivations";"6";"The technology appears to combat climate change so the develper likely has good intentions.";NA;"For the development of the technology  <b>which people or groups of people</b> did you have in mind?";"Scientists who are working to combat climate change.";NA
"46";"7";"deontology07";"prevents treatment with respect in interactions...ensures treatment with respect in interactions";"4";"Does not appear that the technology has been completely vetted but still appears to be needed.";NA;"What does <b>respect in interactions</b> mean for you in a technological context?";"regard to use";"I think that respect to interactions means in regard to use."
"47";"7";"deontology04";"is not morally right...is morally right";"6";"Because it seems to be fighting global warming which is essential to the survival of the human race.";NA;"When in your opinion is the described technology <b>morally right</b>?";"When it aids in the survival of the human race.";"If the product was developed with good intentions and is being used with good intentions and there is a dire need than I would find it morally right. "
"48";"7";"utilitarian01";"provides the least utility for society...provides the greatest utility for society";"4";"I think it provide a good utility for society, whether or not it is the greatest utility for society is yet to be determined.";NA;"Which type of <b>utilities</b> were you thinking of when you answered the question?";"To aid in the prevention of global warming and to participate in the protection of the human race.";NA
"49";"7";"deontology02";"harms the autonomy of users...promotes the autonomy of users";"4";"Hard to say whether it protects or harms the autonomy of users as we do not know how the use became agreed to.";NA;"What does <b>autonomy of users</b> mean for you in a technological context?";"The ability for the users to make a decision as to whether or not they thiink the technology should be used.";NA
"50";"8";"deontology04";"is not morally right...is morally right";"6";"It is morally right when the technology serves its goal on a good note";NA;"When in your opinion is the described technology <b>morally right</b>?";"When the technology is been used on a good note to perform its purpose";NA
"51";"8";"deontology09";"attacks the intrinsic value of nature...protects the intrinsic value of nature";"6";"When the technology causes no harm to nature";"Because the technology will be used to protect mother nature";"What do you consider to be a <b>intrinsic value of nature</b> in a technological context?";"When the value of a product is being used to protect nature much more than causing harm.";NA
"52";"8";"deontology02";"harms the autonomy of users...promotes the autonomy of users";"5";"This is when the user has believe in the technology and knows it will deliver";NA;"What does <b>autonomy of users</b> mean for you in a technological context?";"When the technology is being used on the purpose of its manufacturing";NA
"53";"8";"hedonism02";"would be selfish for me to use...would not be selfish for me to use";"6";"The technology will not e sell because it is being used to help the general world for e\everyone's benefit";NA;"Under which circumstances in your opinion is the described technology <b>selfish for you to use</b>?";"When the technology is being use for some specific purpose form its original usage";NA
"54";"8";"deontology08";"prevents treatment with dignity in interactions...ensures treatment with dignity in interactions";"6";"The technology will make interaction with humans comfortable and serve right";NA;"What does <b>dignity in interactions</b> mean for you in a technological context?";"I think to uphold and deliver on a good p[purpose by making fulfilment";NA
"55";"8";"contractualist02";"is unfair...is fair";"6";"The technology will be fair due to its usage to help solve the situation";NA;"When in your opinion is the described technology <b>fair</b>?";"It is fair when the purpose is achieved and a god note without any harm";NA
"56";"8";"hedonism07";"harms my health...promotes my health";"4";"It is not convinced the technology will promote health. Until it is done with it purpose";NA;"How can the described technology <b>promotes your health</b>?";"When the technology cause no harm to human health and environment";NA
"57";"9";"hedonism07";"harms my health...promotes my health";"3";"I didn't hear a ton of information about how acidity of the ocean impacts my health negatively. However, there were concerns about the controversial nature of releasing sulfur into the atmosphere. I wish there was more information, honestly.";NA;"How can the described technology <b>promotes your health</b>?";"In a ""big picture"" way, protecting our environment protects our health. This technology doesn't sound like it protects the immediate health of individuals alive now, but may protect the health of individuals in the future";NA
"58";"9";"virtue09";"is developed by someone who is acting on ill intentions...is developed by someone who is acting on good intentions";"6";"The intentions are to protect further harm of our planet. ";NA;"For the development of the technology  which <b>which people or groups of people</b> did you have in mind?";"People who have the mind to cease global warming?";"All people"
"59";"9";"virtue01";"is developed by someone who has wrong motivations...is developed by someone who has good motivations";"4";"It sounds like the motivations might  be right, but there may be consequences/unforeseen barriers-- but intent might be good";NA;"For the development of the technology  <b>which people or groups of people</b> did you have in mind?";"All people? ";"All people benefit from improving the enviornment"
"60";"9";"deontology01";"does not imply a moral obligation to act in a certain way...implies a moral obligation to act in a certain way";"4";"The stratospheric Aerosol Injection requires centuries long commitment by peoples and their governments. ";NA;"What do you consider to be a <b>moral obligation</b>?";"A moral obligation is an imperative to act in the benefit of ourselves and others";NA
"61";"9";"hedonism02";"would be selfish for me to use...would not be selfish for me to use";"4";"Stratesepheric Aerosol injection is one possible solution to the larger issue, but what are the other options? There may be others that are more ethical or less ethical. ";NA;"Under which circumstances in your opinion is the described technology <b>selfish for you to use</b>?";"If the harm outweighs the benefits";"There may be long term consequences that outweigh the current benefit"
"62";"9";"contractualist01";"is unjust...is just";"4";"There is not enough information about context of the use of this technology to make a determination if this is just.";NA;"When in your opinion is the described technology <b>just</b>?";"When there are multiple technologies that can be considered, when that technology has benefits that outweigh the consequences and there are alternatives for use";NA
"63";"9";"deontology04";"is not morally right...is morally right";"4";"I cannot judge if there it is morally right. There is not enough information. ";NA;"When in your opinion is the described technology <b>morally right</b>?";"When the use of the technology has benefits that outweigh the potential negative consequences. ";NA
"64";"11";"hedonism07";"harms my health...promotes my health";"1";"Our atmosphere was never meant to be sprayed with chemicals. No one knows the long term effects of this and therefore it detrimental to one’s health. ";NA;"How can the described technology <b>promotes your health</b>?";"There is absolutely no way this can promote my health. Humans can adapt to a naturally changing environment. Spraying chemicals into the atmosphere is not something which is natural.";NA
"65";"11";"contractualist02";"is unfair...is fair";"1";"By doing this you are gambling with unforeseen consequences. Men have very limited knowledge of what their actions can cause in the long run.";NA;"When in your opinion is the described technology <b>fair</b>?";"It is never fair unless everyone - not a majority - agree to it. ";NA
"66";"11";"hedonism01";"is personally unsatisfactory...is personally satisfactory";"1";"This is unproven and just experimental. No one truly knows the repercussions this will have.";NA;"When in your opinion is the described technology <b>personally satisfactory</b>?";"This technology is never personally satisfying.";"This will never be personally satisfactory as there will always be questions of doubt in my mind as to the side effects this will have on my health "
"67";"11";"deontology02";"harms the autonomy of users...promotes the autonomy of users";"4";"This does not harm or promote the autonomy of a user. It just uses them as experimental subjects. ";NA;"What does <b>autonomy of users</b> mean for you in a technological context?";"It means having my own free will, increasing my freedom from day to day, etc.";NA
"68";"11";"deontology07";"prevents treatment with respect in interactions...ensures treatment with respect in interactions";"4";"I really have no idea what this question is asking. ";NA;"What does <b>respect in interactions</b> mean for you in a technological context?";"Humans and technology interact in a moral way.";"Humans and technology interact in a decent and moral way."
"69";"11";"contractualist06";"violates my ideas of fairness...does not violate my ideas of fairness";"1";"It is immoral  to be putting chemicals into the air that I breath without my consent ";NA;"What do you consider to be a <b>idea of fairness</b> in a technological context?";"There needs to be consent from both parties to be fair";NA
"70";"11";"virtue01";"is developed by someone who has wrong motivations...is developed by someone who has good motivations";"1";"Trying to change a natural phenomenon is wrong and immoral. ";NA;"For the development of the technology  <b>which people or groups of people</b> did you have in mind?";"I was thinking of people who value their health ";"I was thinking of people who do not want to be polluted with chemicals sprayed into the atmosphere "
"71";"12";"hedonism03";"requires me to make sacrifices in order to use it...does not require me to make sacrifices in order to use it";"4";"Im very uneasy about this. I'm not sure how i feel about releasing tons of particles into the air. This also brings into play the divide with in our country-there would without a doubt be a multitude of conspiracy theories that we are being ""poisoned"" or ""controlled"" by the particles. ";NA;"When in your opinion requires the described technology to <b>make sacrifices in order to use it</b>?";"I dont have to make physical sacrifices but i think the overall feeling of what it happening and the consequences of it would have an effect. ";NA
"72";"12";"deontology09";"attacks the intrinsic value of nature...protects the intrinsic value of nature";"5";"it's artificial but being done to protect the earth/nature and stop the climate change effects from getting worse. ";NA;"What do you consider to be a <b>intrinsic value of nature</b> in a technological context?";"the ""value"" of nature is that we have to live on the planet and use its resources to survive. if the earth is deteriorating it will negatively affect our way of life. ";NA
"73";"12";"deontology03";"obliges a certain immoral behavior...obliges a certain moral behavior";"4";"i'm in the middle. again, i dont know how i feel about pumping particles in the air. but, on the other hand, it would be to try to stop/slow down climate change, thus preserving the earth. ";NA;"What do you consider to be a <b>moral behavior</b> in a technological context?";"to do no harm, or at least the positives have to greatly outweigh the negatives. ";NA
"74";"12";"deontology01";"does not imply a moral obligation to act in a certain way...implies a moral obligation to act in a certain way";"5";"we have to preserve the earth to keep living here and function as we do.";NA;"What do you consider to be a <b>moral obligation</b>?";"something you have to do, and not doing it would violate your core values.";NA
"75";"12";"hedonism01";"is personally unsatisfactory...is personally satisfactory";"5";"i mean if it helps and if the positives outweigh the negatives i guess i am for it.";NA;"When in your opinion is the described technology <b>personally satisfactory</b>?";"when it does not negatively impact people and does benefit society. ";NA
"76";"12";"hedonism08";"harms my freedom...promotes my freedom";"5";"i guess it promotes it my helping to slow the effects of climate change, thus allowing me to live without excessive worry.";NA;"How can the described technology <b>promotes your freedom</b>?";"slowing climate change and letting life continue with less negative effects.";NA
"77";"12";"deontology07";"prevents treatment with respect in interactions...ensures treatment with respect in interactions";"6";"i'm not sure what these means. i think it's respectful as long as it's not harming the environment.";NA;"What does <b>respect in interactions</b> mean for you in a technological context?";"not harming the surrounding areas. ";"using technology for good, not for bad. in this case, the particles should not harm the surrounding areas where they are being released. that means no negative impacts on trees, humans, animals, etc. "
"78";"13";"deontology01";"does not imply a moral obligation to act in a certain way...implies a moral obligation to act in a certain way";"1";"It does not imply a moral obligation to act in a certain way because it is not a moral choice. It is a choice that has been proven by science that it works and it is a science that is being used. ";NA;"What do you consider to be a <b>moral obligation</b>?";"A moral obligation is a way that we feel obligated to act a certain way based upon our values and what we think is good to other people. The technology is not a moral obligation, it is common sense because it it science. ";NA
"79";"13";"deontology08";"prevents treatment with dignity in interactions...ensures treatment with dignity in interactions";"6";"It ensures that the environment is not harmed and it is helping the environment to lower its temperature. It makes sure that the earth is being treated right. ";NA;"What does <b>dignity in interactions</b> mean for you in a technological context?";"It means that in the usage of technology other people are not harmed and that it is used in a way that science is leading the technology and it is going to do good in the world. ";NA
"80";"13";"deontology02";"harms the autonomy of users...promotes the autonomy of users";"5";"It helps to promote autonomy of users because it helps them to see that some of their actions can be fixed with this technology. They can then choose to make more ecological decisions that can help the environment. ";NA;"What does <b>autonomy of users</b> mean for you in a technological context?";"The autonomy of users means that people are able to act on their own and have certain feelings due to their own moral obligations about a specific technology and have an opinion about it. ";NA
"81";"13";"deontology03";"obliges a certain immoral behavior...obliges a certain moral behavior";"5";"It helps others to see that we need to help the environment and that helping the environment we can help to fix it. ";NA;"What do you consider to be a <b>moral behavior</b> in a technological context?";"A moral behavior in a technological context is when a person acts a certain way using a certain technology to guide their morals or to do something that they feel strongly aligns with their morals. ";NA
"82";"13";"contractualist06";"violates my ideas of fairness...does not violate my ideas of fairness";"6";"It does not violate my idea of fairness because it is helping the environment. It is doing whatever we can to stop climate change. ";NA;"What do you consider to be a <b>idea of fairness</b> in a technological context?";"The idea of fairness in a technological context means that the technology is being used to be fair to others and the environment. ";NA
"83";"13";"hedonism08";"harms my freedom...promotes my freedom";"5";"It promotes my freedom because it is helping to reduce climate change and can perhaps lead to less restrictions. ";NA;"How can the described technology <b>promotes your freedom</b>?";"The technology promotes my freedom because it helps me to see that technology is solving a problem and that I can have less restrictions due to that or I can be inspired to do even more to help the environment. ";NA
"84";"13";"hedonism07";"harms my health...promotes my health";"6";"It promotes my health because it is helping to reduce climate change which is harming my health by having an environment that is unstable. ";NA;"How can the described technology <b>promotes your health</b>?";"It promotes my health because it is helping to reduce climate change of the earth and this is beneficial to my health.";NA
"85";"14";"deontology08";"prevents treatment with dignity in interactions...ensures treatment with dignity in interactions";"4";"I don't see how it has anything to do with dignity in interactions. ";NA;"What does <b>dignity in interactions</b> mean for you in a technological context?";"It would perhaps mean that the technology allows for those with disabilities or handicaps to interact fully in our society without being dependent on another. ";NA
"86";"14";"hedonism07";"harms my health...promotes my health";"4";"I don't know enough about it. ";"I don't know enough about it to make a conclusion like that. ";"How can the described technology <b>promotes your health</b>?";"It prevents rising temperatures and the health risks associated with that. ";NA
"87";"14";"virtue01";"is developed by someone who has wrong motivations...is developed by someone who has good motivations";"4";"I don't know enough to make a strong conclusion. ";"I do not know enough to make a strong conclusion. ";"For the development of the technology  <b>which people or groups of people</b> did you have in mind?";"People in countries most effected by climate change. ";NA
"88";"14";"contractualist01";"is unjust...is just";"4";"It could be applied anywhere. ";"It could be done anywhere";"When in your opinion is the described technology <b>just</b>?";"when used for the benefit of those most needy";"when it can be used to benefit the most needy"
"89";"14";"deontology09";"attacks the intrinsic value of nature...protects the intrinsic value of nature";"3";"its a bit of playing god. ";"it seems a bit like playing god. ";"What do you consider to be a <b>intrinsic value of nature</b> in a technological context?";"technology that respects the natural order";"Same. "
"90";"14";"utilitarian01";"provides the least utility for society...provides the greatest utility for society";"4";"i don't know enough about it all.";"i don't know enough about it all.";"Which type of <b>utilities</b> were you thinking of when you answered the question?";"value to human beings";"value to human beings"
"91";"14";"contractualist03";"does not respect an unwritten contract...respects an unwritten contract";"4";"i don't know enough about it all.";"i don't know enough about it all.";"What do you consider to be an <b>unwritten contract</b> in a technological context?";"to do no harm";"to do no harm"
"92";"15";"deontology08";"prevents treatment with dignity in interactions...ensures treatment with dignity in interactions";"4";"There are too many unknown variables good or bad in the scenario presented to accurately ascertain the side effects.  Is there a ""law of unintended consequences"" result or is there not.  Have ethics already been thrown out the window before the project commenced because governments chose the cheap option (as it was mentioned it was a low cost solution in said scenario) for something that is at least touted as paramount importance?  Is this yet another case of society simply ""going through the motions"" .  Also, a definition of dignity in interactions should be spelled out, as that aspect could be relative across different individuals or cultures.";NA;"What does <b>dignity in interactions</b> mean for you in a technological context?";"To be honest, I am not quite sure, as I view that as relative, especially regarding technology (ie - robots and artificial intelligence are already issues where the hubris and xenophobia of average people in western culture has generated much dissonance and differing views, some ethics related (sex robots for example);  I personally embrace these technologies and the innovations they yield to society supersede ethical concerns (which should however be thought about nonetheless).  I will guess that in the study it means that no one is put at a disadvantage or mistreated/exploited because of others actions.  Alternatively, it could infer is the solution (spraying sulfur in this case) something we should do, or an abomination of nature.";NA
"93";"15";"deontology04";"is not morally right...is morally right";"3";"Again - I will preced my answer saying that ""moral"" is relative as somewhere someone makes the call on what is moral and it may not necessarily match what an individual or specific culture or society views as moral.  However, my decision was made simply due to it tinkering with the natural order of things (nature).";NA;"When in your opinion is the described technology <b>morally right</b>?";"I personally do not feel the technology as described can be morally right, as it is essentially man violating nature at it's basic concept. This is seperate from my opinion as to whether it should or should not be used, as that is an entirely different issue, similar to something like nuclear weapons or particle colliders, both technological innovations that *might* not be morally right in some peoples minds, yet have their place.";NA
"94";"15";"hedonism07";"harms my health...promotes my health";"4";"To state what should be obvious - This cannot be ascertained without extensive study.  As in the scenario presented, it is a chemical based alteration of a natural heating function of the planet.  At it's simplest level you are 1.) Interfering with a natural cycle of the planet and 2.) Altering the levels of an element on the planet and 3.) Doing so with for what can be considered zero due dilligence as to the long term effects it would have on the planet or individuals populating it.  The preceding variables are all compounded by them being done in an enviroment that has already been altered hapzardly by past folly.  I'm no supersonic scientist, but any think tank would have a field day with those above 4 variables alone.  The Law of unintended consequence is cynically beautiful.  Thus at time of implementation, and for no foreseeable future can health detriments or benefits be discerned.";NA;"How can the described technology <b>promotes your health</b>?";"If it guarantees a longer, safer, healthier existence for me without introducing any detrimental factors.  However, I would say the presented technology (like many) falls into the category of everything has a price.";NA
"95";"15";"hedonism01";"is personally unsatisfactory...is personally satisfactory";"3";"I feel it is a case of going with the cheap option (which is ridiculous but probably exactly what would happen), and I also feel it has not enough due dillengence undertaken before it's implementation.  At best, it is a stop gap measure, and an awful one at that.";NA;"When in your opinion is the described technology <b>personally satisfactory</b>?";"An aspect I have always found intrinsically beautiful about technology is that it is the one thing that there is almost no subjectivity about.  People can of course have a differing opinion, but thankfully science and math can prove them wrong. 
 Everything is measurable, quantifiable.  Results, whether by benchmark or demonstration of function can clearly show A is better than B, C etc.  Think computers, smartphones, modern cars.  There may exist times where C is best for a specific use case, but that is often niche (and no, price is not an excuse/the same as use case).  Thus you can choose a best.  When the technological solution is the best (which should also have the least unintended consequences, or work the quickest, or last longer etc etc), then it would be satisfactory.";NA
"96";"15";"deontology02";"harms the autonomy of users...promotes the autonomy of users";"2";"Because outside of extreme actions (coup/revolution etc), the average person (user?) has no say whatsoever.  If user means the government entities, then they too do not have much autonomy, as a solution as presented (spraying an element into the stratosphere to interrupt a natural planetary cycle???) would be something they would have little control of once the genie was let out of the bottle metophorically.";NA;"What does <b>autonomy of users</b> mean for you in a technological context?";"Control of one's actions/fate, or the results of use of a tool or technology.  Some things in science and technology can be controlled, others cannot (think certain chemical/physics reactions/possibly AI etc).  Thus the user is at the mercy of the technology - what was supposed to be the tool.";NA
"97";"15";"deontology09";"attacks the intrinsic value of nature...protects the intrinsic value of nature";"1";"There is no doubt that it attacks the intrinsic value of nature, as it is interrupting planetary cycles that occur on a number of levels from temperature, to amount of at least one (law of unintended consequencev) element(s) in the air/planet/species.    During the association portion of the study I mentioned weather dominator.  It was a reference to the initial episodes of the 80's American cartoon GI Joe, where a villian in the show utilizes a new technology. I am hoping those behind this study are familar, as it is highly relevant.  It was also meant as a negative connotation, and sprung to mind immediately.";NA;"What do you consider to be a <b>intrinsic value of nature</b> in a technological context?";"A line that once crossed is violated.  Examples - man inducing the splitting of the atom.  Man utilizing particle colliders.  AI (though disclaimer I love that one).  Cloning.  Project Genesis in Star Trek 2 (which again I hope the creators of this study are familiar with at least as far as their research is concerned).  The violation of base scientific disciplines.";NA
"98";"15";"contractualist06";"violates my ideas of fairness...does not violate my ideas of fairness";"7";"Fair is both something that is relative, and given the state that society/the world has been in for most of recorded history does not really exist.";NA;"What do you consider to be a <b>idea of fairness</b> in a technological context?";"If I was to think fair existed, I would say something that ensures equal treatment both beneficially and detrimentally (if a factor) to all that it affects.";NA
"99";"16";"hedonism01";"is personally unsatisfactory...is personally satisfactory";"3";"The technology of SAI is personally unsatisfactory at this point because there is not much known on the side effects or other issues it may cause. It does not help with the amount of CO2 and seemingly only ""helps"" to reduce the amount of heat on Earth's surface. ";NA;"When in your opinion is the described technology <b>personally satisfactory</b>?";"The technology SAI sounds okay in theory but it would only be personally satisfactory if there were many studies done prior to it's use and only if it will create more good with no harm. ";NA
"100";"16";"deontology02";"harms the autonomy of users...promotes the autonomy of users";"4";"I feel that the technology SAI seemingly would not harm or promote the autonomy of users as it would be something that would just be implemented or not. ";NA;"What does <b>autonomy of users</b> mean for you in a technological context?";"In the technological context, autonomy of users means to me that if SAI were to be used, the people who are for the use would be pleased and those who are against would be unpleased. ";NA
"101";"16";"deontology01";"does not imply a moral obligation to act in a certain way...implies a moral obligation to act in a certain way";"5";"The SAI technology would imply a moral obligation to act in a certain way so the technology is constantly used and monitored properly. ";NA;"What do you consider to be a <b>moral obligation</b>?";"I consider a moral obligation would be for humans to act in a way in which they know right from wrong and choose the right way. ";NA
"102";"16";"utilitarian01";"provides the least utility for society...provides the greatest utility for society";"3";"I feel that the SAI technology has not been proved to provide the greatest utility for society so I would have to go towards that it currently would provide the least. ";NA;"Which type of <b>utilities</b> were you thinking of when you answered the question?";"I was thinking of utilities like electric, solar, and wind power mostly. ";NA
"103";"16";"hedonism07";"harms my health...promotes my health";"2";"I feel that the SAI technology would likely do more harm than good as far as health for living things on Earth until further proof is shown that it has zero negative side effects. ";NA;"How can the described technology <b>promotes your health</b>?";"If the technology SAI can prove that it creates more good than harm on the health of life on earth, I would consider that something that would promote health. ";NA
"104";"16";"deontology08";"prevents treatment with dignity in interactions...ensures treatment with dignity in interactions";"4";"This question is unclear to me but my best guess would be that the SAI would be governed in a way that is dignified when interacting with society. ";NA;"What does <b>dignity in interactions</b> mean for you in a technological context?";"This question is unclear to me but my best guess would be that the SAI would be governed in a way that is dignified when interacting with society. ";NA
"105";"16";"deontology07";"prevents treatment with respect in interactions...ensures treatment with respect in interactions";"4";"I feel that I can't say whether or not the SAI would prevent or ensure treatment with respect in interactions. It seems that it can go either way depending on how it is governed. ";NA;"What does <b>respect in interactions</b> mean for you in a technological context?";"In a technological sense respect in interactions means to me that respect is shown in the way the technology is regulated and governed. ";NA
"106";"17";"contractualist06";"violates my ideas of fairness...does not violate my ideas of fairness";"7";"It's not unfair to me because it was necessary. People see climate change as a ""political issue"", which I find stupid but I digress, so there will always be people fighting as hard as possible to try to stop genuine preventative action that will really help for good. The second best thing sometimes is to do what you're able to, especially when it's dangerous otherwise.";NA;"What do you consider to be a <b>idea of fairness</b> in a technological context?";"I suppose in a technological context I was just thinking that fairness would be whether or not it's morally right or infringes on the rights of others to implement it. ";NA
"107";"17";"virtue09";"is developed by someone who is acting on ill intentions...is developed by someone who is acting on good intentions";"7";"I can't think of any way that it would be done with ill intentions.";NA;"For the development of the technology  which <b>which people or groups of people</b> did you have in mind?";"I'm not exactly sure, honestly. ";"I suppose I thought it would be developed by a government backed environmental group made up of competent scientists. "
"108";"17";"deontology08";"prevents treatment with dignity in interactions...ensures treatment with dignity in interactions";"5";"I wasn't sure how to reply to this one, to be completely transparent. Surely the 'last chance, not actually making it better' treatment doesn't feel fully dignified. ";NA;"What does <b>dignity in interactions</b> mean for you in a technological context?";"I wasn't sure. I think maybe the amount of confidence and social correctness and prose and such that goes with implementing the technology.";NA
"109";"17";"hedonism03";"requires me to make sacrifices in order to use it...does not require me to make sacrifices in order to use it";"1";"I picked 1 because it inherently does require many different sacrifices. The environment is still being hurt, it only protects a little bit, there are political implications, etc.";NA;"When in your opinion requires the described technology to <b>make sacrifices in order to use it</b>?";"I think when times are dire it's more than understandable to make sacrifices if you can help.";NA
"110";"17";"hedonism08";"harms my freedom...promotes my freedom";"4";"It doesn't take away or add to my personal freedoms.";NA;"How can the described technology <b>promotes your freedom</b>?";"It promotes freedom in that it lets you continue to live to do the things you've always done, I suppose.";NA
"111";"17";"deontology03";"obliges a certain immoral behavior...obliges a certain moral behavior";"6";"I would say saving humanity if even temporarily is a pretty moral behavior.";NA;"What do you consider to be a <b>moral behavior</b> in a technological context?";"In a technological context, I would consider moral behavior to be how and how much it's made to help people.";NA
"112";"17";"hedonism02";"would be selfish for me to use...would not be selfish for me to use";"4";"It's both understandable and selfless for us to want us all to survive, yet it's selfish to let the planet to continue to actually be hurt.";NA;"Under which circumstances in your opinion is the described technology <b>selfish for you to use</b>?";"I think it's selfish for the planet.";"The Earth is the one facing the wrath of selfishness using this. The environment would be our victim. "
"113";"18";"deontology02";"harms the autonomy of users...promotes the autonomy of users";"4";"I don't think I have a strong enough opinion on this either way. I would need to have more information. While I wouldn't want to stop a process that may help cool the earth I think there need to be better solutions that are beneficial to all of the population.";NA;"What does <b>autonomy of users</b> mean for you in a technological context?";"It means that the population has control over the use of the product.";NA
"114";"18";"hedonism01";"is personally unsatisfactory...is personally satisfactory";"3";"I don't think it is a long-term solution for everyone.";NA;"When in your opinion is the described technology <b>personally satisfactory</b>?";"If someone has the choice to use the product/technology or not.";NA
"115";"18";"contractualist01";"is unjust...is just";"4";"I think that the people utilizing it are trying to save the earth so I'm not sure that it is completely unjust.";NA;"When in your opinion is the described technology <b>just</b>?";"When the benefits outweigh the harm.";"When it is beneficial to the majority."
"116";"18";"hedonism07";"harms my health...promotes my health";"4";"I think it is beneficial to attempt to stop global warming but there is not enough evidence if this would harm people's individual health.";NA;"How can the described technology <b>promotes your health</b>?";"If it benefits people living longer or in a healthier way.";NA
"117";"18";"hedonism08";"harms my freedom...promotes my freedom";"4";"It doesn't seem like this is a choice I have that it is just happening.";NA;"How can the described technology <b>promotes your freedom</b>?";"By letting me have more choices and freedom during my daily life.";NA
"118";"18";"contractualist04";"does not respect an unspoken promise...respects an unspoken promise";"3";"I think that it is done without most peoples' input.";NA;"What do you consider to be an <b>unwritten promise</b> in a technological context?";"That it does not harm people.";"Only using technology that is not known to harm people/animals."
"119";"18";"hedonism03";"requires me to make sacrifices in order to use it...does not require me to make sacrifices in order to use it";"4";"I'm unsure if there are health sacrifices in order to use this technology (in the long run).";NA;"When in your opinion requires the described technology to <b>make sacrifices in order to use it</b>?";"If there are harmful effects to people and animals.";NA
"120";"19";"hedonism01";"is personally unsatisfactory...is personally satisfactory";"1";"it tells that the earth has lost its natural state";"it tells that the earth has lost its natural state";"When in your opinion is the described technology <b>personally satisfactory</b>?";"the technology is just fine but using this tech means the end of the earth's natural condition.";NA
"121";"19";"hedonism02";"would be selfish for me to use...would not be selfish for me to use";"4";"if it is  needed then we must have to use it unless it should not be.";NA;"Under which circumstances in your opinion is the described technology <b>selfish for you to use</b>?";"if i use it randomly";"if i use it randomly"
"122";"19";"deontology07";"prevents treatment with respect in interactions...ensures treatment with respect in interactions";"6";"i felt like that";"i felt like that";"What does <b>respect in interactions</b> mean for you in a technological context?";"no idea";"no idea"
"123";"19";"deontology03";"obliges a certain immoral behavior...obliges a certain moral behavior";"6";"just think so";"just think so";"What do you consider to be a <b>moral behavior</b> in a technological context?";"no idea";"no idea"
"124";"19";"hedonism07";"harms my health...promotes my health";"1";"aerosol injections are harmful for health as it contains sulphur";NA;"How can the described technology <b>promotes your health</b>?";"dont know";"dont know"
"125";"19";"deontology05";"goes against an important moral rule by which I live...does not go against an important moral rule by which I live";"6";"just think like that";"just think like that";"What do you consider to be a <b>important moral rule</b> in a technological context?";"no idea";"no idea"
"126";"19";"contractualist06";"violates my ideas of fairness...does not violate my ideas of fairness";"4";"not sure";"not sure";"What do you consider to be a <b>idea of fairness</b> in a technological context?";"no idea";"no idea"
"127";"20";"deontology02";"harms the autonomy of users...promotes the autonomy of users";"3";"it seems like it is not going to work and cause possible problems for users";NA;"What does <b>autonomy of users</b> mean for you in a technological context?";"users to have their freedom";"users to have their freedom to use the program"
"128";"20";"deontology03";"obliges a certain immoral behavior...obliges a certain moral behavior";"3";"not sure if it is the right thing to do";"I'm not sure if it would be the right thing to do.";"What do you consider to be a <b>moral behavior</b> in a technological context?";"Everything being fair, users being able to make their own decisions.";NA
"129";"20";"virtue09";"is developed by someone who is acting on ill intentions...is developed by someone who is acting on good intentions";"4";"I feel neutral because I think the person may have good intentions but also could be selfish.";NA;"For the development of the technology  which <b>which people or groups of people</b> did you have in mind?";"government workers, computer workers";"I had government workers and computer developers in mind."
"130";"20";"hedonism01";"is personally unsatisfactory...is personally satisfactory";"4";"I feel that a better job could have been done to make an efficient change.";NA;"When in your opinion is the described technology <b>personally satisfactory</b>?";"to me this means technology that gets its job done and makes a change in this case.";NA
"131";"20";"utilitarian01";"provides the least utility for society...provides the greatest utility for society";"4";"it seems to provide some utility for society.";"it seems to provide some utility for society.";"Which type of <b>utilities</b> were you thinking of when you answered the question?";"i was thinking of change and value.";"i was thinking of change and value for society."
"132";"20";"hedonism08";"harms my freedom...promotes my freedom";"4";"it seems to want to do the right thing but may harm the freedom of users if there is no autonomy.";NA;"How can the described technology <b>promotes your freedom</b>?";"it can help create change and give users a way to do that.";NA
"133";"20";"contractualist03";"does not respect an unwritten contract...respects an unwritten contract";"4";"it seems to be based on a set of rules but not sure.";NA;"What do you consider to be an <b>unwritten contract</b> in a technological context?";"i would consider it to be fair and equal for its users.";NA
"134";"21";"deontology09";"attacks the intrinsic value of nature...protects the intrinsic value of nature";"6";"I would say it more protects the intrinsic value of nature because its' aim is to combat global warming. I know that it does not fix all of the issues associated, but it is a feasible fix to at least lower the temperatures.";NA;"What do you consider to be a <b>intrinsic value of nature</b> in a technological context?";"I consider it to be something for the good of the nature of the planet. The internal nature of the planet.";NA
"135";"21";"hedonism03";"requires me to make sacrifices in order to use it...does not require me to make sacrifices in order to use it";"5";"I do not think that it requires any sacrifices particularly, it just does not exactly take care of the entire problem.";NA;"When in your opinion requires the described technology to <b>make sacrifices in order to use it</b>?";"Something that I will have to change in order to have it. Something I do not want to change, but will be forced to.";NA
"136";"21";"hedonism01";"is personally unsatisfactory...is personally satisfactory";"6";"It is going to be personally satisfactory because it will help the welfare of all. I want our future populations to continue to be able to live on this planet.";NA;"When in your opinion is the described technology <b>personally satisfactory</b>?";"When the problem can be reversed and this planet can be saved.";NA
"137";"21";"contractualist03";"does not respect an unwritten contract...respects an unwritten contract";"6";"I certainly think it should be an unwritten contract to respect the earth and want the best for it. I know not all people agree, but global warming is real and something needs to be done for it.";NA;"What do you consider to be an <b>unwritten contract</b> in a technological context?";"It is an underlying truth.";"I think that it is an underlying truth. Like we should all respect the planet, so it should be an unwritten contract,"
"138";"21";"hedonism07";"harms my health...promotes my health";"3";"I'm not sure if they know fully how injecting sulfur into the atmosphere will affect my health.";NA;"How can the described technology <b>promotes your health</b>?";"I'm not sure if it will promote my health or really affect it in any way at all. I don't know if the research is there to provide that answer.";NA
"139";"21";"deontology05";"goes against an important moral rule by which I live...does not go against an important moral rule by which I live";"7";"This technology does not go against any moral rules I live by.";NA;"What do you consider to be a <b>important moral rule</b> in a technological context?";"The welfare of others and promoting others' health and wellness in addition to your own.";NA
"140";"21";"contractualist01";"is unjust...is just";"6";"It seems as though it is just in its' goal of combatting global warming.";NA;"When in your opinion is the described technology <b>just</b>?";"It would be just if it successfully reverses some of the impacts of global warming.";NA
"141";"22";"deontology09";"attacks the intrinsic value of nature...protects the intrinsic value of nature";"4";"The technology helps to lower temperatures so it's not terrible for nature. But it's potential side effects don't seem to be well known and it doesn't reduce the acidity of oceans due to CO2 emissions. ";NA;"What do you consider to be a <b>intrinsic value of nature</b> in a technological context?";"I consider it to be minimizing any damage humans do and have done to nature. ";NA
"142";"22";"deontology04";"is not morally right...is morally right";"3";"I think it has some moral value because it's reducing global temperatures. However, I think it's immoral to be using a new technology on such a large scale without fully understanding potential side effects. If there are any, poorer countries who probably weren't using the new technology and have no say in the matter will likely be hurt the worst. ";NA;"When in your opinion is the described technology <b>morally right</b>?";"It's morally right when it lowers global temperatures. ";NA
"143";"22";"deontology07";"prevents treatment with respect in interactions...ensures treatment with respect in interactions";"2";"I think it prevents treatment with respect in interactions because it's a new technology so it's likely expensive. Wealthier countries are probably the only ones who are using and developing this technology. ";NA;"What does <b>respect in interactions</b> mean for you in a technological context?";"For me it means that various parties affected by the technology can discuss the new technology on equal grounds and have their concerns actually taken into consideration.  ";NA
"144";"22";"contractualist01";"is unjust...is just";"4";"I think it it just to lower global temperatures but it is unjust to use a technology on a wide-scale without fully understanding the side effects.";NA;"When in your opinion is the described technology <b>just</b>?";"The technology is just when it reduces global temperatures to try to reverse some effects of climate change. ";NA
"145";"22";"deontology08";"prevents treatment with dignity in interactions...ensures treatment with dignity in interactions";"4";"I don't think the technology has much of an effect on dignity in interactions. ";NA;"What does <b>dignity in interactions</b> mean for you in a technological context?";"Dignity in interactions means having various parties' needs and concerns taken seriously during discussion. ";NA
"146";"22";"deontology02";"harms the autonomy of users...promotes the autonomy of users";"3";"I think that technologies to combat climate change have to be applied on a large global scale to have any effect. However, releasing sulfur into the air without fully understanding potential side effects harms people's autonomy. ";NA;"What does <b>autonomy of users</b> mean for you in a technological context?";"For me it means people's ability to opt-in or opt-out of using a technology. ";NA
"147";"22";"utilitarian01";"provides the least utility for society...provides the greatest utility for society";"2";"It has some value because it reduces global temperatures but it doesn't fix the root cause of climate change and it doesn't fix some effects of it like ocean acidity. ";NA;"Which type of <b>utilities</b> were you thinking of when you answered the question?";"I was thinking of reducing climate change and reducing the effects of climate change. ";NA
"148";"23";"deontology03";"obliges a certain immoral behavior...obliges a certain moral behavior";"6";"I think that lowering the temperature of the earth in order to combat climate change is inherently a moral behavior.";NA;"What do you consider to be a <b>moral behavior</b> in a technological context?";"I consider a behavior that is intended to make things better for life on earth and help contribute availability of food, shelter, water, basic needs, etc. as moral behavior.";NA
"149";"23";"contractualist06";"violates my ideas of fairness...does not violate my ideas of fairness";"7";"Nothing about it seems unfair to me.";"It just does not seem unfair to me in any way. It provides the same benefit to everyone it affects regardless of socioeconomic status, race, etc.";"What do you consider to be a <b>idea of fairness</b> in a technological context?";"To me fairness is mostly related to unequal/equal allocation of resources. It is unfair when some people have more access to the items we all need for survival simply because of their race, the income bracket they were born into, location, etc. ";NA
"150";"23";"virtue01";"is developed by someone who has wrong motivations...is developed by someone who has good motivations";"7";"I think the person who developed this technology had the intent of helping the earth heal from climate change, which is a good motivation. I think this because I can't really see any way that this technology can be monetized and in fact it seems like it will actually cost a lot of money, so it doesn't seem like they are motivated by impure reasons like money.";NA;"For the development of the technology  <b>which people or groups of people</b> did you have in mind?";"I was picturing the climate scientists/researchers in general who helped develop this idea. I pictured that they were most likely employed by the government or research universities.";NA
"151";"23";"hedonism01";"is personally unsatisfactory...is personally satisfactory";"7";"I think it seems like a great solution in that there aren't very many (if any) downsides and it helps everyone. It's even based off of something that the earth already does (the volcanoes).";NA;"When in your opinion is the described technology <b>personally satisfactory</b>?";"It is personally satisfactory when it is successful, which it was to some degree in the described scenario. ";NA
"152";"23";"deontology01";"does not imply a moral obligation to act in a certain way...implies a moral obligation to act in a certain way";"4";"I didn't think it implied an obligation to act either way; it was just a process that was already happening with no immediate requirement to act by the average citizen.";NA;"What do you consider to be a <b>moral obligation</b>?";"A moral obligation is something that we are required to do as citizens of earth in order to contribute to the continued existence and health of all species on earth. There may not be any immediate punishment or reward for doing or not doing; but generally relates to whether or not someone is a ""good person""";NA
"153";"23";"hedonism07";"harms my health...promotes my health";"7";"It lowers the temperature of the earth and makes it more habitable for both my current generation and those to come. Therefore it contributes to my health by working towards a healthy planet for myself and others to live on.";NA;"How can the described technology <b>promotes your health</b>?";"It makes the planet healthier for us and all species to live on. Therefore, it contributes to my continued health by making earth a place where I can live and exist without my health being harmed.";NA
"154";"23";"deontology09";"attacks the intrinsic value of nature...protects the intrinsic value of nature";"7";"It helps to lower the temperature of the earth back down from dangerous levels. This is important to preserving nature and helping to reverse the damage to nature already caused by humans. It also mirrors a process that nature already produces (volcanoes).";NA;"What do you consider to be a <b>intrinsic value of nature</b> in a technological context?";"I consider it to be using our knowledge and technology to try and prevent any further harm to nature and trying to undo some of the damage we have already caused so that plants and animals can exist in a symbiotic ecosystem.";NA
"155";"25";"contractualist04";"does not respect an unspoken promise...respects an unspoken promise";"6";"In my point of thinking it's an ideal way";"In my point of thinking It's an ideal way.";"What do you consider to be an <b>unwritten promise</b> in a technological context?";"For our own interest we need to do that's technical promise.";NA
"156";"25";"utilitarian01";"provides the least utility for society...provides the greatest utility for society";"6";"To protect human made climate change.";"To protect human made climate change.";"Which type of <b>utilities</b> were you thinking of when you answered the question?";"For our own interest we need to do that's technical promise.";NA
"157";"25";"contractualist03";"does not respect an unwritten contract...respects an unwritten contract";"7";"For our own interest we need to do that's technology Stratospheric Aerosol Injection";NA;"What do you consider to be an <b>unwritten contract</b> in a technological context?";"To protect ourself";"To protect ourself"
"158";"25";"deontology05";"goes against an important moral rule by which I live...does not go against an important moral rule by which I live";"7";"Because it is a demand of time";"Because it is a demand of time";"What do you consider to be a <b>important moral rule</b> in a technological context?";"If you want to save yourself you need to save environment";NA
"159";"25";"deontology02";"harms the autonomy of users...promotes the autonomy of users";"7";"Because it is the most important issue";"Because it is the most important issue";"What does <b>autonomy of users</b> mean for you in a technological context?";"self responsible";"Self responsible"
"160";"25";"virtue01";"is developed by someone who has wrong motivations...is developed by someone who has good motivations";"7";"If you want to save yourself you need to save environment";NA;"For the development of the technology  <b>which people or groups of people</b> did you have in mind?";"If you want to save yourself you need to save environment";NA
"161";"25";"hedonism07";"harms my health...promotes my health";"7";"It protect us from man made climate change";"It protect us from man made climate change";"How can the described technology <b>promotes your health</b>?";"Because it reduce man made climate climate change ";"Because it reduce man made climate climate change "
"162";"26";"contractualist02";"is unfair...is fair";"4";"it can be good or bad";"because it has good and bad effects";"When in your opinion is the described technology <b>fair</b>?";"It means it can be good or bad";"means good or bad"
"163";"26";"virtue01";"is developed by someone who has wrong motivations...is developed by someone who has good motivations";"7";"because it was intended to stop greenhouse effects";"it was good invention.";"For the development of the technology  <b>which people or groups of people</b> did you have in mind?";"scientist";"Scientist create the technology to help solve our daily problem with solar global warming"
"164";"26";"deontology08";"prevents treatment with dignity in interactions...ensures treatment with dignity in interactions";"4";"Indifferent about it";"It can be good or bad";"What does <b>dignity in interactions</b> mean for you in a technological context?";"effective communication";"effective communication"
"165";"26";"deontology03";"obliges a certain immoral behavior...obliges a certain moral behavior";"4";"indifferent about it. ";"because it does not affect moral values";"What do you consider to be a <b>moral behavior</b> in a technological context?";"good or bad behavior in the society";"good or bad behavior in the society"
"166";"26";"deontology04";"is not morally right...is morally right";"4";"indifferent because it can have good or bad effects to humans";NA;"When in your opinion is the described technology <b>morally right</b>?";"when it does more good than harm";"when it does more good than harm."
"167";"26";"contractualist03";"does not respect an unwritten contract...respects an unwritten contract";"4";"both respects and doesn't respect written contract";"indifferent";"What do you consider to be an <b>unwritten contract</b> in a technological context?";"A contract that is oral and not documented";"an undocumented contract"
"168";"26";"deontology07";"prevents treatment with respect in interactions...ensures treatment with respect in interactions";"5";"because it saves human lives";"saves human live in terms of communications.";"What does <b>respect in interactions</b> mean for you in a technological context?";"obeying communications";"listening to communications"
"169";"27";"deontology02";"harms the autonomy of users...promotes the autonomy of users";"2";"I felt that the users autonomy is taken away, such as believing that we can enact preventative measures to help this from happening, so we do not have to resort to drastic, and largely unknown measures. If we do not hold everyone accountable for conserving, sizing down, companies changing the way they make things, the issue will only get larger. It will never go away.";NA;"What does <b>autonomy of users</b> mean for you in a technological context?";"In a moral sense, it lets world citizens ""off the hook"" so to speak, they will, as a whole just keep on doing what they are doing to the planet because they think there is a fix for it.";NA
"170";"27";"deontology04";"is not morally right...is morally right";"3";" It is how I perceive how we should react. To me, I have taken personal accountability for what I can. I live in a small space, drive a small, economical car, I would drive an electric but I cannot afford it. I grow produce in my tiny yard, on my deck, and on my windowsills. I recycle. I have reduced plastics drastically in my home. I compost. I eat mostly plants.I walk everywhere. I live minimally. Science such as this plan can help, but it does not roll the clock back as far as how we contribute.";NA;"When in your opinion is the described technology <b>morally right</b>?";"The plan if it works is good, but to me, not on its own. We need to be vested personally, not just by shouting on social media about the scourge of using a plastuc straw, we need to make fundamental changes in our behavior. We are utterly and completely materialistic to the point that we atre destroying the planet. We need a complete attitude reassessment.";NA
"171";"27";"contractualist06";"violates my ideas of fairness...does not violate my ideas of fairness";"2";"To me, everyone should do their part. I feel by only using this solution, it creates a feeling of , all is okay, the government is taking care of it. It does nothing to stop the reasons why we are in this place in the first place.";NA;"What do you consider to be a <b>idea of fairness</b> in a technological context?";"There should be a combination of ways. Much like a type 2 diabetic, you need the scientificly prover medicine, but you also need th changes to the behaviors that created the issue in the first place";NA
"172";"27";"deontology03";"obliges a certain immoral behavior...obliges a certain moral behavior";"3";"It creates a certain complacency in the general public, a feeling like , everything is okay now, we do not have to do anything.";NA;"What do you consider to be a <b>moral behavior</b> in a technological context?";"It's a duo-fold issue. We need to stop contributing with our habits and actions, as well as encat the Injection. We are in this together";NA
"173";"27";"deontology05";"goes against an important moral rule by which I live...does not go against an important moral rule by which I live";"2";"To me, I live by a code of not inflicting harm if at all possible, whether it be to a person or nature.";NA;"What do you consider to be a <b>important moral rule</b> in a technological context?";"It needs to be changed  with more than just a bandaid, ie, the Injection fixing the temperature, we need to change the behaviors that lead to it in the first place.";NA
"174";"27";"hedonism07";"harms my health...promotes my health";"4";"The Injection is not inethical itself, but it should be paired with change.";NA;"How can the described technology <b>promotes your health</b>?";"By keeping the earth's temperature where it should be, it would reduce cancers, extreme weather and help crops, the ocean, all contributes to our health";NA
"175";"27";"hedonism03";"requires me to make sacrifices in order to use it...does not require me to make sacrifices in order to use it";"7";"There are no requirements, it does changes all by itself.";NA;"When in your opinion requires the described technology to <b>make sacrifices in order to use it</b>?";"I do not think there has to be sacrifices to the technology, there needs to be additional things done by our population";NA
"176";"29";"contractualist02";"is unfair...is fair";"5";"It is a technology that occurs somewhat in nature so from that standpoint man is not making any drastic changes to the environment.  There is a question about how this technology may affect others not in the area where it is being used, so between my two points, I rated it slightly fair.";NA;"When in your opinion is the described technology <b>fair</b>?";"When all nations have the opportunity to use and it would become more of a global or worldwide initiative.  Right now it appears to be by individual countries.";NA
"177";"29";"virtue09";"is developed by someone who is acting on ill intentions...is developed by someone who is acting on good intentions";"6";"Due to the seriousness of the global warming in the 2030 scenario, my hope would be that everyone that is using and developing this technology has man's best interest at heart.  Couldn't rate it a 7 because there are always bad actors out there that may try to use strictly to their individual nation's benefit.";NA;"For the development of the technology  which <b>which people or groups of people</b> did you have in mind?";"I really viewed it from a totally global perspective.  Nearly all nations working together to solve a common problem.";NA
"178";"29";"contractualist06";"violates my ideas of fairness...does not violate my ideas of fairness";"5";"Because right now it is being used by individual nations it is not a completely fair process but I will believe that those that are using it are thinking of the broader global implications which makes it slightly fair.";NA;"What do you consider to be a <b>idea of fairness</b> in a technological context?";"That the use of the product while may harm some in the short term, in the long term everyone will eventually benefit.";NA
"179";"29";"hedonism01";"is personally unsatisfactory...is personally satisfactory";"5";"In nearly all cases like this, we must be doing something and from a personal standpoint, I hope is benefits me but also will be good for others as the technology is developed.";NA;"When in your opinion is the described technology <b>personally satisfactory</b>?";"At the time that it is being used and developed.";"It is personally satisfactory at the moment.  Right in the here and now."
"180";"29";"virtue01";"is developed by someone who has wrong motivations...is developed by someone who has good motivations";"6";"As I stated before, I will always assume that they are looking out for a benefit for a majority of the global population.  There will always be a rogue nation or two that only thinks for themselves or will try to sabotage an initiative if it benefits them.";NA;"For the development of the technology  <b>which people or groups of people</b> did you have in mind?";"Basically the whole global population.";"The benefit of the technology should in the long run help everyone if proven effective."
"181";"29";"deontology07";"prevents treatment with respect in interactions...ensures treatment with respect in interactions";"4";"I would rate this neutral as I think that most of the uses are for a positive purpose, but harm can come to others because it is being used on a nation by nation basis.  While some benefit, harm may come to others.";NA;"What does <b>respect in interactions</b> mean for you in a technological context?";"How and who the use of the technology will affect as it is being deployed.";NA
"182";"29";"contractualist03";"does not respect an unwritten contract...respects an unwritten contract";"4";"It is very neutral at this time because it is used only for individual countries and there is no law or rules that pertain to impact on other countries.  At this point, it is somewhat survival of the fittest.";NA;"What do you consider to be an <b>unwritten contract</b> in a technological context?";"Is there any type of thought put into the impact on others not using the technology?";NA
"183";"30";"virtue01";"is developed by someone who has wrong motivations...is developed by someone who has good motivations";"6";"I would like to believe that the person who developed this SAI technology is motivated by the desire to slow down the effects of climate change. However there is always a possibility that this person has the wrong motivations, such as being driven purely by a desire for profit.";NA;"For the development of the technology  <b>which people or groups of people</b> did you have in mind?";"I did not have a very specific vision in mind, but I suspect it would be a researcher at some high-tech company, perhaps a company with some involvement with the aviation industry, like Boeing or Lockheed Martin, who developed this technology.";NA
"184";"30";"deontology01";"does not imply a moral obligation to act in a certain way...implies a moral obligation to act in a certain way";"4";"I don't think that the existence of this technology implies a moral obligation either way. It would depend on its effectiveness and its actual use.";NA;"What do you consider to be a <b>moral obligation</b>?";"I believe that we have a moral obligation to stop our ongoing damage and destruction to this planet, for the sake of all life on this planet including future lives. I am just not convinced that the SAI technology involves a moral obligation. It treats the symptoms but not the cause.";NA
"185";"30";"hedonism02";"would be selfish for me to use...would not be selfish for me to use";"4";"This technology does not solve or reduce any of the true causes of climate change. All it does is slightly mitigate the effects. While this could be useful and beneficial, I think it also takes away time and effort from truly impactful options.";NA;"Under which circumstances in your opinion is the described technology <b>selfish for you to use</b>?";"I think it would be selfish to use this technology when companies are choosing this type of technology over making actual, impactful changes on their destructive practices - like abandoning the use of fossil fuels. They may use this technology because it is cheaper and easier than making actual changes.";NA
"186";"30";"deontology08";"prevents treatment with dignity in interactions...ensures treatment with dignity in interactions";"5";"I don't believe that this technology causes any indignities, other than the possible odor of the sulfur. Based on what I've read, it seems relatively harmless.";NA;"What does <b>dignity in interactions</b> mean for you in a technological context?";"To me this means that the technology does not cause indignities to the people who interact with it, such as health harms or other forms of distress.";NA
"187";"30";"contractualist03";"does not respect an unwritten contract...respects an unwritten contract";"3";"I interpret this ""unwritten contract"" to refer to our stewardship of the planet. We, as a species, have a responsibility not to destroy our environment. I do not think that this technology respects this contract because it does not solve any of the issues, and although it seems safe we do not really know all of the possible outcomes of its use, especially over the long term.";NA;"What do you consider to be an <b>unwritten contract</b> in a technological context?";"I consider the ""unwritten contract"" in this context to be our responsibility to be good stewards to the environment, and not cause needless harm or wanton destruction to ourselves or other living things. Our technology should obey this contract. Breaking this contract is what caused our climate disaster.";NA
"188";"30";"deontology03";"obliges a certain immoral behavior...obliges a certain moral behavior";"1";"Although this might be a beneficial technology, I would say it obliges immoral behavior because it mitigates some of the harm caused by industries without requiring them to make any actual changes or improvements.";NA;"What do you consider to be a <b>moral behavior</b> in a technological context?";"A moral behavior would be holding those responsible for contributing to climate change accountable, and forcing them to make actual changes in their practices instead of employing technology to mitigate the ongoing damage.";NA
"189";"30";"hedonism08";"harms my freedom...promotes my freedom";"4";"I don't see how this technology either harms or promotes my freedom, in particular. It does not seem that it would have a considerable personal effect on me.";NA;"How can the described technology <b>promotes your freedom</b>?";"It may reduce the severe weather effects of climate change, giving me more freedom to enjoy the outdoors and garden.";NA
"190";"31";"hedonism03";"requires me to make sacrifices in order to use it...does not require me to make sacrifices in order to use it";"7";"It doesn't seem like this technology would impact me personally on a day to day level. ";NA;"When in your opinion requires the described technology to <b>make sacrifices in order to use it</b>?";"I do not understand this question. I don't think that individual humans would have to make sacrifices in order for the described technology to be used. ";NA
"191";"31";"hedonism08";"harms my freedom...promotes my freedom";"4";"I don't beleive the technology would have much impact on my freedom in either direction.";NA;"How can the described technology <b>promotes your freedom</b>?";"I guess the technology could promote freedom further down the road if it works and allows individuals to live in a world that is less impacted by climate change, but I don't see the technology promoting freedom in the shorter term.";NA
"192";"31";"deontology08";"prevents treatment with dignity in interactions...ensures treatment with dignity in interactions";"4";"I don't believe the technology has impact on treatment with dignity in interactions one way or the other.";NA;"What does <b>dignity in interactions</b> mean for you in a technological context?";"Dignity in interactions means feeling respected in experiences with other individuals.";NA
"193";"31";"contractualist02";"is unfair...is fair";"5";"It doesn't sound like the technology would have a lot of impact on individuals day to day and could potentially help the world as a whole. Some may consider it unfair if they are not convinced climate change is real.";NA;"When in your opinion is the described technology <b>fair</b>?";"I think the technology could be considered fair when it has equal benefit for all individuals.";NA
"194";"31";"hedonism01";"is personally unsatisfactory...is personally satisfactory";"5";"I think the technology would be considered satisfactory when it starts to show results. I did not rate it as a 7 because it would not battle the carbon dioxide side of climate change but sounds like it's not likely to hurt if deployed correctly. ";NA;"When in your opinion is the described technology <b>personally satisfactory</b>?";"The technology is personally satisfactory when the world starts seeing a positive impact of its use.";NA
"195";"31";"utilitarian01";"provides the least utility for society...provides the greatest utility for society";"5";"I think the technology provides more utility than less utility for society. Some action must be taken to slow rising temperatures and while this technology might not be the complete answer, it could still be part of the solution.";NA;"Which type of <b>utilities</b> were you thinking of when you answered the question?";"I was thinking of how useful the technology would be in slowing the rising temperatures that are greatly impacting the world.";NA
"196";"31";"deontology01";"does not imply a moral obligation to act in a certain way...implies a moral obligation to act in a certain way";"4";"I don't think it implies a moral obligation to act in a certain why, however, the visual of this technology might remind individuals of the seriousness of the issue and encourage them to adjust their behaviors also.";NA;"What do you consider to be a <b>moral obligation</b>?";"I consider a moral obligation to be a commitment to ethics and the overall wellbeing of all individuals.";NA
"197";"33";"deontology08";"prevents treatment with dignity in interactions...ensures treatment with dignity in interactions";"7";"It allows us to fix our problems more effectively because we can get a break from the suffering due to the climate change we've already caused and maybe remind us of what it was like before. ";NA;"What does <b>dignity in interactions</b> mean for you in a technological context?";"the ability to exist comfortably where one feels most effective and at ease";NA
"198";"33";"deontology07";"prevents treatment with respect in interactions...ensures treatment with respect in interactions";"7";"The heat makes people crazy.";"The heat makes people crazy. There's an episode of The Boondocks that makes this point. I recommend it. Seriously, though, it makes people violent, anxious... definitely isn't conducive to respect in interactions.";"What does <b>respect in interactions</b> mean for you in a technological context?";"the ability to be at ease with others";"the way one feels at ease when communicating with another"
"199";"33";"deontology02";"harms the autonomy of users...promotes the autonomy of users";"7";"climate change has harmed autonomy";"we need freedom from the heat goddammit";"What does <b>autonomy of users</b> mean for you in a technological context?";"the ability to do as one wills";"Do what thou wilt shall be the whole of the Law.
Love is the Law. Love under will."
"200";"33";"contractualist06";"violates my ideas of fairness...does not violate my ideas of fairness";"7";"if anything it ensures fairness";"wars will be fought over climate otherwise... jeez";"What do you consider to be a <b>idea of fairness</b> in a technological context?";"not getting fucked over because someone is desperate because they were displaced by climate change";NA
"201";"33";"hedonism08";"harms my freedom...promotes my freedom";"7";"this is the same thing as autonomy. ";"it's analogous even";"How can the described technology <b>promotes your freedom</b>?";"climate increase is what restricts freedom";"it removes the symptoms if not providing a cure"
"202";"33";"virtue09";"is developed by someone who is acting on ill intentions...is developed by someone who is acting on good intentions";"7";"does it matter what the intentions were in the first place? do you know the history of IBM? HP? Bayer?";NA;"For the development of the technology  which <b>which people or groups of people</b> did you have in mind?";"Average Americans";"my mental picture had a mixture of white and latino or middle eastern people around my age.. "
"203";"33";"hedonism07";"harms my health...promotes my health";"6";"I feel that the heat is harmful to my health";"I'll take the sulfur! sign me up!";"How can the described technology <b>promotes your health</b>?";"It makes me comfortable";"easing discomfort"
"204";"37";"utilitarian01";"provides the least utility for society...provides the greatest utility for society";"5";"This is a difficult question to answer because there are so many unknown factors that have yet to be explored or understood. I think that some utility is being provided. while its uses are also somewhat limited. The positives seem to outweigh the negatives, given the information provided.";NA;"Which type of <b>utilities</b> were you thinking of when you answered the question?";"This will help the environment and even if it's in a limited way so far, I still see this as a positive.";NA
"205";"37";"deontology05";"goes against an important moral rule by which I live...does not go against an important moral rule by which I live";"6";"I don't see too many negatives listed, at least so far.";NA;"What do you consider to be a <b>important moral rule</b> in a technological context?";"An important moral rule would be to not cause any additional harm to the environment or to any living creature on earth.";NA
"206";"37";"contractualist02";"is unfair...is fair";"5";"It seems reasonably fair to use this technology to attempt to improve the situation regarding global warming.";NA;"When in your opinion is the described technology <b>fair</b>?";"This is a difficult question to define, because by fair do you mean, fair to humans? Fair to the balancing act of keeping global warming in check? The cost of this technology and how it would be paid for hasn't been mentioned but is an important consideration.";NA
"207";"37";"contractualist01";"is unjust...is just";"4";"I selected a neutral number because I don't have enough information to say if this technology is unjust. I fell that it's closer to being just than it isn't but am still hesitant to take a firm stance on that.";NA;"When in your opinion is the described technology <b>just</b>?";"When it's determined that the technology won't harm any living thing on earth, it's explained how it will be paid for and who will shoulder that cost, and when it has a good track record for a positive outcome with few or no additional negative impacts to the environment.";NA
"208";"37";"hedonism01";"is personally unsatisfactory...is personally satisfactory";"5";"I feel that the ethical considerations are reasonably satisfactory given the information provided.";NA;"When in your opinion is the described technology <b>personally satisfactory</b>?";"When a positive and sustainable environmental improvement has been established.";NA
"209";"37";"deontology04";"is not morally right...is morally right";"5";"It's the closest to how I feel on this subject. Slightly positive but reserving my opinion until the technology has been in place for a longer amount of time, to determine how positive the results are long term.";NA;"When in your opinion is the described technology <b>morally right</b>?";"When no humans or living creatures aren't harmed by this technology, and when a proven track record of positive results is achieved over an extended amount of time.";NA
"210";"37";"hedonism07";"harms my health...promotes my health";"5";"I would think that it would work to promote my health in the long run.";NA;"How can the described technology <b>promotes your health</b>?";"By reducing the impact of global warming.";"By improving the likelihood that global warming would not continue to have a negative effect on not only my own health, but also on the health of every living creature."
"211";"40";"hedonism02";"would be selfish for me to use...would not be selfish for me to use";"5";"Overall it is not selfish to use and is in fact actually the exact opposite. While it has to happen long term in order to not overall harm it seems as if it needs to be done for the greater good of humanity.";NA;"Under which circumstances in your opinion is the described technology <b>selfish for you to use</b>?";"If you are only doing it to save yourself without caring about the repercussions or any others/there well being in general. Intent is ultimately the deciding factor.";NA
"212";"40";"hedonism03";"requires me to make sacrifices in order to use it...does not require me to make sacrifices in order to use it";"3";"Overall it doesn't require much sacrifice, the things that are sacrificed are small overall. ";NA;"When in your opinion requires the described technology to <b>make sacrifices in order to use it</b>?";"If you for instance had to kill half the population or something drastic like that ";NA
"213";"40";"contractualist01";"is unjust...is just";"5";"Not exactly sure what it means... it is just if it is necessary for sure.";NA;"When in your opinion is the described technology <b>just</b>?";"It is just when it is necessary for human survival.";NA
"214";"40";"hedonism01";"is personally unsatisfactory...is personally satisfactory";"4";"Personally it doesn't matter, it matters for the greater good. ";NA;"When in your opinion is the described technology <b>personally satisfactory</b>?";"When it helps one/their loved ones survive.";"The same as the prior answer, when it is necessary for your own or your families survival."
"215";"40";"contractualist04";"does not respect an unspoken promise...respects an unspoken promise";"5";"It seems to respect scientific virtues and follow norms that I would back.";NA;"What do you consider to be an <b>unwritten promise</b> in a technological context?";"Something that isn't stated but is just known to typically be followed.";NA
"216";"40";"deontology08";"prevents treatment with dignity in interactions...ensures treatment with dignity in interactions";"4";"I'm not entirely sure what this is asking but I do feel it is a dignified response overall.";NA;"What does <b>dignity in interactions</b> mean for you in a technological context?";"It means that we can be proud of the creation/the reason it was created and is being used.";NA
"217";"40";"virtue09";"is developed by someone who is acting on ill intentions...is developed by someone who is acting on good intentions";"6";"The intentions are overall good, they are trying to save humanity.";NA;"For the development of the technology  which <b>which people or groups of people</b> did you have in mind?";"All of humanity overall..";"Everyone on earth, it would help the entire planet
"
"218";"41";"contractualist01";"is unjust...is just";"6";"I think it's a smart way to help the problem of global warming, you can use this technique while other solutions are found";NA;"When in your opinion is the described technology <b>just</b>?";"When there is no other way to stop the problem, use what is available";NA
"219";"41";"virtue01";"is developed by someone who has wrong motivations...is developed by someone who has good motivations";"6";"I think this tries to find the best solution to this problem";NA;"For the development of the technology  <b>which people or groups of people</b> did you have in mind?";"I think it is aimed at that person who seeks to improve the quality of life in the future";NA
"220";"41";"virtue09";"is developed by someone who is acting on ill intentions...is developed by someone who is acting on good intentions";"7";"That person definitely has good intentions and I think the wants to improve everyone's life.";NA;"For the development of the technology  which <b>which people or groups of people</b> did you have in mind?";"People with the ability to believe in innovative and unique solution";NA
"221";"41";"contractualist03";"does not respect an unwritten contract...respects an unwritten contract";"4";"In this part I am a bit neutral regarding this topic, since it is mainly looking for a solution";NA;"What do you consider to be an <b>unwritten contract</b> in a technological context?";"There is nothing written on a piece of paper that forces that person to do something, they can act freely";NA
"222";"41";"contractualist04";"does not respect an unspoken promise...respects an unspoken promise";"5";"I think it's mainly about tactically focusing on solving the problem";NA;"What do you consider to be an <b>unwritten promise</b> in a technological context?";"You don't explicitly guarantee that something will happen the way you said";NA
"223";"41";"hedonism08";"harms my freedom...promotes my freedom";"6";"I don't think I ruined my freedom, try to help me stay free and have no problems in the future";NA;"How can the described technology <b>promotes your freedom</b>?";"Making it possible for me to freely go anywhere without worrying about global warming";NA
"224";"41";"utilitarian01";"provides the least utility for society...provides the greatest utility for society";"7";"Help society to solve a very serious problem in the future that can harm";NA;"Which type of <b>utilities</b> were you thinking of when you answered the question?";"Utilities regarding personal and world comfort regarding the problems that are solved by this inconvenience";NA
"225";"42";"deontology09";"attacks the intrinsic value of nature...protects the intrinsic value of nature";"5";"Although it does not solve all the problems related to global warning, it is a step in the right direction. I thought it was slightly more positive than neutral and definitively more positive than negative. I do think every little bit helps. ";NA;"What do you consider to be a <b>intrinsic value of nature</b> in a technological context?";"An intrinsic value of nature in regards to technology is a value that does more harm than good and functions at a level that serves the greater good (utilitarianism). ";NA
"226";"42";"utilitarian01";"provides the least utility for society...provides the greatest utility for society";"5";"The SAI provide some value for society - not the utmost, but some. It creates an opportunity to make an impact, albeit small.";NA;"Which type of <b>utilities</b> were you thinking of when you answered the question?";"The utility of creating potential to reduce the overall increase in temperature. ";NA
"227";"42";"contractualist03";"does not respect an unwritten contract...respects an unwritten contract";"5";"As humans we have an unwritten contract to save our planet and to care for it. That means that although we may not be able to solve every problem on a large scale, or fix all things broken, we continually strive to reduce harm and take steps to ammend the harms we have already caused. ";NA;"What do you consider to be an <b>unwritten contract</b> in a technological context?";"I epxlained that in the previous answer. To protect the earth reduce harms and right the wrongs that have already occurred. ";NA
"228";"42";"virtue01";"is developed by someone who has wrong motivations...is developed by someone who has good motivations";"6";"Someone was motivated to reduce the earths temperature by creating these particles that deflect light. That motivation was good. ";NA;"For the development of the technology  <b>which people or groups of people</b> did you have in mind?";" I had no person or people in mind when I thought of the technology";NA
"229";"42";"hedonism02";"would be selfish for me to use...would not be selfish for me to use";"5";"I don't understand how it could be considered selfish at all?";NA;"Under which circumstances in your opinion is the described technology <b>selfish for you to use</b>?";"I can't imagine any circumstances in which it would be selfish?";NA
"230";"42";"deontology05";"goes against an important moral rule by which I live...does not go against an important moral rule by which I live";"6";"The moral rule that hopefully many of us live by is to reduce harm to the planet. ";NA;"What do you consider to be a <b>important moral rule</b> in a technological context?";"An important moral rule is one that falls on the right side of the Principalist approach, autonomy, beneficense, non-malfeasance, justice";NA
"231";"42";"hedonism03";"requires me to make sacrifices in order to use it...does not require me to make sacrifices in order to use it";"7";"Nothing has to change in my behavior for this technology to be used. ";NA;"When in your opinion requires the described technology to <b>make sacrifices in order to use it</b>?";"This question is not clear to me and does not seem to fit, an overall aerosol technology does not require society or an individual to make sacrifices. ";NA
"232";"43";"hedonism01";"is personally unsatisfactory...is personally satisfactory";"2";"I find Sratospheric Aerosol Injection to be a temporary band-aid solution. If SAI malfunctions, it would put humanity at risk. There's also a risk of SAI being targeted by bad actors. SAI fixes the problem, but does not solve the problem.";NA;"When in your opinion is the described technology <b>personally satisfactory</b>?";"Stratospheric Aerosol Injection is personally satisfactory because if it weren't for the system, the planet would not be habitable. I believe while SAI is deployed, a real permanent solution should be worked on.";NA
"233";"43";"contractualist06";"violates my ideas of fairness...does not violate my ideas of fairness";"6";"Stratospheric Aerosol Injection does not violate my ideas of fairness because the creation of the technology itself would benefit society until a permanent solution is found.";NA;"What do you consider to be a <b>idea of fairness</b> in a technological context?";"The technology should be shared by all of humanity. Improvements to the system should be a global project while also working on a more permanent solution.";NA
"234";"43";"contractualist04";"does not respect an unspoken promise...respects an unspoken promise";"3";"As I've mentioned before, Stratospheric Aerosol Injection is a temporary fix. Temperatures will continue to increase if humanity does not find a real solution to combat global warming.";NA;"What do you consider to be an <b>unwritten promise</b> in a technological context?";"I'm not sure what this question is asking of me. ";"I'm not sure what this question is asking, but I believe climate change needs to be addressed directly and not indirectly with a system like Stratospheric Aerosol Injection. Oceans also need to be protected."
"235";"43";"hedonism02";"would be selfish for me to use...would not be selfish for me to use";"4";"It would be up to the government to use the system. I would not have much of a choice in whether I use the system or not. If I did have a choice, it would only be used as a last resort.";NA;"Under which circumstances in your opinion is the described technology <b>selfish for you to use</b>?";"It would be selfish if the system was used just for the sake of using it. Kind of like turning on the air conditioner when it's a little warm.";NA
"236";"43";"deontology02";"harms the autonomy of users...promotes the autonomy of users";"3";"Although temperatures would drop and people will benefit from it, it may do more harm than good in the long run. Releasing all the sulfur particles into the atmosphere may lead to more problems down the road. ";NA;"What does <b>autonomy of users</b> mean for you in a technological context?";"SAI technology does not give people a choice in the matter. The system would be forced on people who oppose it.";NA
"237";"43";"deontology05";"goes against an important moral rule by which I live...does not go against an important moral rule by which I live";"2";"People have grown accustomed to instant gratification and this is what the SAI system provides. No one knows the damage SAI may cause in the future. I am against a system that gambles the lives of mankind.";NA;"What do you consider to be a <b>important moral rule</b> in a technological context?";"The technology should not be abused or used as a weapon or bargaining tool. It should also not be forced onto people.";NA
"238";"43";"hedonism08";"harms my freedom...promotes my freedom";"2";"As I mentioned before, I do not have much of a choice in whether SAI is used or not which I consider a violation of my freedom.";NA;"How can the described technology <b>promotes your freedom</b>?";"The technology could support my freedom by keeping me a live if a permanent solution to global warming is not found.";NA
"239";"45";"hedonism08";"harms my freedom...promotes my freedom";"4";"I don't feel that it either harms my freedom or promotes my freedom. It might hinder some people's freedom, especially if they are allergic to sulfur. I have a neighbor that is allergic to it and I have a son that is allergic to it, it might affect their being able to be outside, they already have allergy problems.";NA;"How can the described technology <b>promotes your freedom</b>?";"The only way that I could see it promoting my freedom would be that the temperatures don't rise so significantly that I would be able to enjoy the outside like I already do. I can't really see how it would be beneficial to several things like air quality though, or changes in weather patterns. Doesn't lightening put off a certain amount of sulfur in the air already?";NA
"240";"45";"hedonism02";"would be selfish for me to use...would not be selfish for me to use";"2";"Again, I'm thinking of the people that may be allergic to the injection process and how it might would affect the weather in a different way than expected. Trying to keep the temps the same might would have an adverse affect also.";NA;"Under which circumstances in your opinion is the described technology <b>selfish for you to use</b>?";"Not thinking of the adverse affects and allergies from the sulfur on people that are allergic to it.";NA
"241";"45";"deontology04";"is not morally right...is morally right";"3";"I think it's messing with the power of God and how He has the main control over the weather and man is always trying to mess things up...I really can't see it as a morally right thing to do to go with messing with the natural weather given us.";NA;"When in your opinion is the described technology <b>morally right</b>?";"I can't see it as morally right. It's messing with something that we can not control either way.";NA
"242";"45";"virtue01";"is developed by someone who has wrong motivations...is developed by someone who has good motivations";"1";"I think it's motivated by scientific experiments and think that it has wrong motivations from the beginning.";NA;"For the development of the technology  <b>which people or groups of people</b> did you have in mind?";"Scientist, and inventors. I think it's to benefit their purpose in understanding more things that they have no control over in the beginning.";NA
"243";"45";"hedonism07";"harms my health...promotes my health";"1";"I can see/imagine it as harming people's health in the long run, instead of benefiting the weather. ";NA;"How can the described technology <b>promotes your health</b>?";"I can't really see/imagine it promoting one's health. ";NA
"244";"45";"contractualist03";"does not respect an unwritten contract...respects an unwritten contract";"1";"I don't think that it respects the nature of God and how He is in control of the weather. I think that man would love to be in control of the weather but they can't accept the fact. ";NA;"What do you consider to be an <b>unwritten contract</b> in a technological context?";"Unwritten contract, the laws of nature. Man can not fix something that is not given to him to manage in the first place.";NA
"245";"45";"deontology07";"prevents treatment with respect in interactions...ensures treatment with respect in interactions";"4";"I can't say either way.";"I can't say either way whether it ensures treatment with respect in interactions or not.";"What does <b>respect in interactions</b> mean for you in a technological context?";"How it will turn out in the long run, the benefits or the non-benefits.";NA
"246";"46";"virtue09";"is developed by someone who is acting on ill intentions...is developed by someone who is acting on good intentions";"5";"The goal - lowering the effects of global warming - is a positive one, and this seems to be a sensible solution.";NA;"For the development of the technology  which <b>which people or groups of people</b> did you have in mind?";"Researchers and product developers working for companies producing these injections.";NA
"247";"46";"deontology01";"does not imply a moral obligation to act in a certain way...implies a moral obligation to act in a certain way";"4";"No strong feeling on this - it's just a strategy to manage and mitigate temperature changes. However, there is a degree of implied moral obligation when it is stated that it will only work in combination with other strategies.";NA;"What do you consider to be a <b>moral obligation</b>?";"An unstated social contract and codes of conduct between members of society.";NA
"248";"46";"deontology02";"harms the autonomy of users...promotes the autonomy of users";"3";"In one sense, injection deals with the problem, but it does so without the consent of all of those involved and affected by it.";NA;"What does <b>autonomy of users</b> mean for you in a technological context?";"The freedom of a user to choose solutions they prefer over one that is mandated.";NA
"249";"46";"contractualist04";"does not respect an unspoken promise...respects an unspoken promise";"5";"The unspoken promise is that we're going to take care of each other and do what is in the best common interest - in this case, taking steps to slow global warming.
";NA;"What do you consider to be an <b>unwritten promise</b> in a technological context?";"As I said earlier, an unwritten promise and a moral obligation are essentially interchangeable to me.";NA
"250";"46";"contractualist03";"does not respect an unwritten contract...respects an unwritten contract";"5";"Again, the unwritten contract of humans doing their best to protect one another while respecting one anothers' right to choose ideas and solutions for oneself is more or less satisfied.";NA;"What do you consider to be an <b>unwritten contract</b> in a technological context?";"The technology serves the common good in a common sense way.";NA
"251";"46";"contractualist02";"is unfair...is fair";"5";"On one hand, I'd like to allow for more individual approaches, but on the other, we have to roll out something effective on an important issue as soon as possible. The tradeoff made sense.";NA;"When in your opinion is the described technology <b>fair</b>?";"The technology is fair when it is a safe, cost-effective option given with the public's consent.";NA
"252";"46";"deontology08";"prevents treatment with dignity in interactions...ensures treatment with dignity in interactions";"4";"I don't see how the two things are interrelated - dignity and this aerosol technology.";NA;"What does <b>dignity in interactions</b> mean for you in a technological context?";"Showing respect and common courtesy while returning suit.";NA
"253";"48";"hedonism08";"harms my freedom...promotes my freedom";"4";"Because I can make an argument for both cases. That it harms my freedom and promote my freedom. Some people may say that it harms their freedom because they did not consent to have things sprayed in their air. In the air that they and their families breathe. But you can also say that it promotes your freedom because it will improve life on the planet and therefore, make life better for the people of the planet.";NA;"How can the described technology <b>promotes your freedom</b>?";"Because it will make the planet  just a little more habitable. The quality of life in the planets will improve.";NA
"254";"48";"deontology08";"prevents treatment with dignity in interactions...ensures treatment with dignity in interactions";"5";"This is a bit of a strange question. I don't think I understand it. Insures treatment with dignity? Treatment by whom?";NA;"What does <b>dignity in interactions</b> mean for you in a technological context?";"Being treated equally and with respect no matter where you come from or where your background is. Everybody should we talk to like an adult and taken seriously. Because these types of technologies affect every single one of us and we deserve to know what is happening and how it will affect us";NA
"255";"48";"deontology07";"prevents treatment with respect in interactions...ensures treatment with respect in interactions";"3";"I feel like this technology or the people implementing this technology will not talk to everybody equally. Only the wealthiest and most informed would know about the implications. Everybody else would be left to wonder";NA;"What does <b>respect in interactions</b> mean for you in a technological context?";"Respect in interactions means that people are treated and talked to with respect. They are educated and informed by those people implementing the technologies.";NA
"256";"48";"hedonism03";"requires me to make sacrifices in order to use it...does not require me to make sacrifices in order to use it";"5";"I don't think I would be required to make any sacrifices aside from accept the technology. Unless there is some kind of tax that I have to pay  or a health sacrifice that I have to make. ";NA;"When in your opinion requires the described technology to <b>make sacrifices in order to use it</b>?";"  When it affects me and my family directly. Either financially or physically. If we have to change our lifestyle or change any part of our living standard, that is a sacrifice. If it affects our health, that is a sacrifice";NA
"257";"48";"deontology01";"does not imply a moral obligation to act in a certain way...implies a moral obligation to act in a certain way";"5";"It implies a moral obligation because we only have one planet and one people. If we do nothing to change our path, who are we? Do we have any morals?";NA;"What do you consider to be a <b>moral obligation</b>?";"If we are ever placed in a situation where a person or persons can be harmed if we do nothing, we have a moral obligation to act. If we can help, we must act. A moral obligation is when we are faced with a choice to improve the life of others and ourselves.";NA
"258";"48";"contractualist01";"is unjust...is just";"5";"It is just because we caused the problems in our planet. And if we want to do justice by this planet and our people, we must try to fix the problems that we caused.";NA;"When in your opinion is the described technology <b>just</b>?";"This technology is just when it is actually helping and reversing problems we caused. If it's doing good, it is just. If it's improving lives, it is just";NA
"259";"48";"virtue09";"is developed by someone who is acting on ill intentions...is developed by someone who is acting on good intentions";"5";"I believe that people who have good intentions created this technology. It is not the best solution or the wisest, but it is a solution, which is better than nothing.";NA;"For the development of the technology  which <b>which people or groups of people</b> did you have in mind?";"Scientist and the scientific community.";"I was thinking about the people who developed this technology. The group of scientists and experts who know about climate change and the atmosphere. I was also thinking about oil companies and fossil fuel companies. "
"260";"49";"deontology01";"does not imply a moral obligation to act in a certain way...implies a moral obligation to act in a certain way";"6";"If the average global temperature has risen to 2 degrees C above that of 1900 it seems that even an emergency action with not fully known consequences would be morally required to be taken to prevent potentially catastrophic collapse of global ecosystems due to temperature increase caused by carbon dioxide emissions.";NA;"What do you consider to be a <b>moral obligation</b>?";"It is a moral obligation to correct the global ecological damage caused by human carbon dioxide emissions to prevent ecological collapse.";NA
"261";"49";"deontology09";"attacks the intrinsic value of nature...protects the intrinsic value of nature";"6";"Using Stratospheric Aerosol Injection to stop the increase of global average temperatures would protect the intrinsic value of nature because without this action continued human production of excessive atmospheric carbon dioxide could cause irreparable damage to many natural systems and individual living organisms.";NA;"What do you consider to be a <b>intrinsic value of nature</b> in a technological context?";"The intrinsic value of nature is what allows the continued safe inhabitation of earth's biosphere by humans and other life forms.";NA
"262";"49";"hedonism01";"is personally unsatisfactory...is personally satisfactory";"4";"Stratospheric Aerosol Injection could and probably would lead to unknown consequences to earth's biological systems even though it may be required to prevent ecological collapse.";NA;"When in your opinion is the described technology <b>personally satisfactory</b>?";"Stratospheric Aerosol Injection is personally satisfactory when its required use is more necessary than the potential unknown harms it could cause.";NA
"263";"49";"hedonism07";"harms my health...promotes my health";"4";"Using Stratospheric Aerosol Injection could cause unforeseen problems to humans and other life forms even though it may be the only known way to prevent a further catastrophic rise in global average temperatures.";NA;"How can the described technology <b>promotes your health</b>?";"A technology that promotes health is one that improves living conditions.";NA
"264";"49";"hedonism08";"harms my freedom...promotes my freedom";"4";"Stratospheric Aerosol Injection may not be something individuals would choose but is required by society as a whole.";NA;"How can the described technology <b>promotes your freedom</b>?";"A technology that promotes freedom is one that allows continued pursuit of an individuals goals in the way of life.";NA
"265";"49";"deontology03";"obliges a certain immoral behavior...obliges a certain moral behavior";"4";"Because Stratospheric Aerosol Injection is something that may be required by not wanted.";NA;"What do you consider to be a <b>moral behavior</b> in a technological context?";"A moral behavioral use of a technology is one that is used for the benefit of the most number of people and conditions. ";NA
"266";"49";"contractualist06";"violates my ideas of fairness...does not violate my ideas of fairness";"4";"Stratospheric Aerosol Injection may not be wanted or seem fair to have to implement but it could become required due to past behaviors of humans.";NA;"What do you consider to be a <b>idea of fairness</b> in a technological context?";"Fair use of technology is a use of technology that balances requirements with costs.";NA
"267";"50";"hedonism03";"requires me to make sacrifices in order to use it...does not require me to make sacrifices in order to use it";"6";"I don't have to change my behavior for it, but I should.  I take comfort that it is like a volcano.";NA;"When in your opinion requires the described technology to <b>make sacrifices in order to use it</b>?";"It means having to change my behavior and I really don't for this.";NA
"268";"50";"hedonism08";"harms my freedom...promotes my freedom";"6";"It allows me to still pollute, but I would try not to.";NA;"How can the described technology <b>promotes your freedom</b>?";"It doesn't prevent me from doing things.";"It means to allow me to choose my behavior."
"269";"50";"deontology07";"prevents treatment with respect in interactions...ensures treatment with respect in interactions";"4";"I think some won't like it and some will.";"I think it is passive.";"What does <b>respect in interactions</b> mean for you in a technological context?";"It means forcing it on us.";"It means having a choice."
"270";"50";"contractualist06";"violates my ideas of fairness...does not violate my ideas of fairness";"4";"I am not sure about it, but something must be done.";NA;"What do you consider to be a <b>idea of fairness</b> in a technological context?";"I guess having a choice would be most fair.";"I guess having a choice is what I think of."
"271";"50";"contractualist01";"is unjust...is just";"7";"It is necessary to save the Earth and allows people to function.";NA;"When in your opinion is the described technology <b>just</b>?";"It seems like it is necessary.";"It is causing the least restrictions."
"272";"50";"virtue09";"is developed by someone who is acting on ill intentions...is developed by someone who is acting on good intentions";"7";"It is used to save the Earth.";"I think it is good to be natural like a volcano.";"For the development of the technology  which <b>which people or groups of people</b> did you have in mind?";"I think of all people.";"I think of all people."
"273";"50";"deontology02";"harms the autonomy of users...promotes the autonomy of users";"6";"It allows people to still have freedom.";"It is a way to keep Earth safe without causing restrictions on people.";"What does <b>autonomy of users</b> mean for you in a technological context?";"It is a way for people to still have freedom.";"It allows people to behave the way they have been."
"274";"51";"hedonism02";"would be selfish for me to use...would not be selfish for me to use";"5";"Other countries are already using it. We need to try something to halt the temperature from rising further before it is too late.";NA;"Under which circumstances in your opinion is the described technology <b>selfish for you to use</b>?";"If we are the only country using it without regard for other countries.";NA
"275";"51";"deontology02";"harms the autonomy of users...promotes the autonomy of users";"5";"It draws attention to the fact that someone is at least attempting to address and resolve the issue of global warming.";NA;"What does <b>autonomy of users</b> mean for you in a technological context?";"People are somewhat autonomous in their use as they are governed by their own laws. They are independent and not governed by outside laws.";NA
"276";"51";"utilitarian01";"provides the least utility for society...provides the greatest utility for society";"4";"There may or may not be better alternatives.";"At this point; this technique is affordable and fairly effective as an emergency procedure but it has several side effects that can be dangerous";"Which type of <b>utilities</b> were you thinking of when you answered the question?";"Things such as solar power; wind and electric cars.";NA
"277";"51";"deontology08";"prevents treatment with dignity in interactions...ensures treatment with dignity in interactions";"5";"Fairly ethical means to address the issue";"The current situation dictates we need to act now and try to address this issue. No more waiting.";"What does <b>dignity in interactions</b> mean for you in a technological context?";"We do not put anyone in real danger";"We maintain face and our own dignity as a country"
"278";"51";"deontology07";"prevents treatment with respect in interactions...ensures treatment with respect in interactions";"6";"We can do this without losing respect as a country";"We can use this technique and be ethical and not lose respect as a country";"What does <b>respect in interactions</b> mean for you in a technological context?";"We are still respected for our efforts";"to still be viewed as ethical and respected as such"
"279";"51";"deontology01";"does not imply a moral obligation to act in a certain way...implies a moral obligation to act in a certain way";"6";"When using any technique I think it must be moral and ethical";NA;"What do you consider to be a <b>moral obligation</b>?";"To do something that is not immoral or harmful to anyone";NA
"280";"51";"hedonism01";"is personally unsatisfactory...is personally satisfactory";"5";"Not a perfect solution by far but one that can be used to buy some time I believe";NA;"When in your opinion is the described technology <b>personally satisfactory</b>?";"Personally I can live with the results";"It makes me feel like we made at least SOME progress toward improving global warming"
"281";"52";"hedonism01";"is personally unsatisfactory...is personally satisfactory";"4";"Because despite its advantages it has bad side effect that causes danger to human health.";NA;"When in your opinion is the described technology <b>personally satisfactory</b>?";"Means it does more good than harm.";"It causes more good than harm when used and its negative effect is not that bad."
"282";"52";"hedonism07";"harms my health...promotes my health";"3";"Means it could have negative effect on my health";"It has some negative effects";"How can the described technology <b>promotes your health</b>?";"It saves lives";"It saves lives and promote good health"
"283";"52";"contractualist02";"is unfair...is fair";"5";"It is fair because it has both good and bad side effects.";NA;"When in your opinion is the described technology <b>fair</b>?";"When its good nor bad";"When its good nor bad"
"284";"52";"deontology05";"goes against an important moral rule by which I live...does not go against an important moral rule by which I live";"7";"It doesn't go against my moral value";"It doesn't go against my values";"What do you consider to be a <b>important moral rule</b> in a technological context?";"Making work easier and faster.";"what does using technology help in your daily lives.?"
"285";"52";"utilitarian01";"provides the least utility for society...provides the greatest utility for society";"4";"I selected 4 because I feel indifferent.";"Because I am indifferent";"Which type of <b>utilities</b> were you thinking of when you answered the question?";"solar radiation technology";"What technology were you thinking of"
"286";"52";"deontology04";"is not morally right...is morally right";"4";"neither agree or disagree";"indifferent";"When in your opinion is the described technology <b>morally right</b>?";"when its accepted by humans";"When it is accepted by humans"
"287";"52";"deontology03";"obliges a certain immoral behavior...obliges a certain moral behavior";"2";"because its has its negative side effect which is bad for humans";NA;"What do you consider to be a <b>moral behavior</b> in a technological context?";"A behavior that is accepted.";"Something that is accepted or unaccepted by the society."
"288";"53";"deontology02";"harms the autonomy of users...promotes the autonomy of users";"5";"I chose 5 because it seems like it wouldn't have that much impact on a person like Charlie, besides allowing him to continue his daily life with the autonomy that he would have had before the usage of SAI";NA;"What does <b>autonomy of users</b> mean for you in a technological context?";"Being able to pursue the life that they want, without heavy ramifications";NA
"289";"53";"contractualist02";"is unfair...is fair";"6";"The SAI seems fair in terms of its impact on an everyday person. There is not much to affect them, and it allows them to continue living in a place where it may otherwise be unsafe";NA;"When in your opinion is the described technology <b>fair</b>?";"There is not another alternative suggested at this point in 2030, and it would be very unfair to the Earth to not try in some manner to save it";NA
"290";"53";"contractualist03";"does not respect an unwritten contract...respects an unwritten contract";"4";"Not every country has agreed to using SAI in this prompt, so it technically is unfair to those disagreeing to its use. However, the alternative is terrible for humanity as a whole and we should all seek ways to preserve our environment ";NA;"What do you consider to be an <b>unwritten contract</b> in a technological context?";"An unwritten contract would be something that goes without saying, that most people would agree to, but countries have not formally acknowledged it for there to be any disagreement. Such as the pursuit of keeping our planet safe";NA
"291";"53";"deontology07";"prevents treatment with respect in interactions...ensures treatment with respect in interactions";"6";"It is possible to stop using the technology if there are qualms with its usage. It will be easy to cease if another country has a major complaint ";NA;"What does <b>respect in interactions</b> mean for you in a technological context?";"Being conscious of another's feelings when they bring them to your attention";NA
"292";"53";"hedonism02";"would be selfish for me to use...would not be selfish for me to use";"5";"It is not selfish to try the best way to help our climate, as it will help everything else living on the Earth. However, in this scenario it is not formally agreed upon by every nation, so it is a bit selfish to not take every opinion into account prior to implementation ";NA;"Under which circumstances in your opinion is the described technology <b>selfish for you to use</b>?";"It would be selfish to use if there were unforeseen consequences to the usage, that would affect other beings on Earth. It may greatly benefit some countries, but it may affect other countries badly, and that would be unfair to those countries";NA
"293";"53";"hedonism01";"is personally unsatisfactory...is personally satisfactory";"6";"It seems like there are not many drawbacks to using this technology, and there is not another alternative at this time, so I would be satisfied with the usage. The longer we delay in fixing the environment, the worse it will become and we may need to use technology with more impact that will be harder to implement ";NA;"When in your opinion is the described technology <b>personally satisfactory</b>?";"In my opinion, I am personally satisfied when something is of great benefit to all of the inhabitants of the planet. With the information I am given, this technology fulfills that requirement";NA
"294";"53";"deontology04";"is not morally right...is morally right";"5";"It is not morally right for something that affects the entire planet to be done without complete agreement of every government, but it has a proven benefit to Earth. It would be worse to allow climate change to continue because of potential unraised disagreements";NA;"When in your opinion is the described technology <b>morally right</b>?";"When it is to the benefit of all of humanity, and will not impact their autonomy ";NA
"295";"54";"deontology03";"obliges a certain immoral behavior...obliges a certain moral behavior";"4";"I chose 4 because I couldn't lean either way. It sounds like sai could help but there is not enough known about what side effects it could cause.";NA;"What do you consider to be a <b>moral behavior</b> in a technological context?";"I would consider it being moral if you know all of the side effects and know that it wouldn't cause more harm then good.";NA
"296";"54";"deontology05";"goes against an important moral rule by which I live...does not go against an important moral rule by which I live";"4";"The same reason I picked 4 for the last one. There isn't enough information known to lean either way.";NA;"What do you consider to be a <b>important moral rule</b> in a technological context?";"An important moral rule is to know that it wouldn't cause more harm then good.";NA
"297";"54";"hedonism02";"would be selfish for me to use...would not be selfish for me to use";"2";"It would be selfish for me to use because I don't know if it would be harmful.";NA;"Under which circumstances in your opinion is the described technology <b>selfish for you to use</b>?";"By caring more about how it could help you then how harmful it could possibly be.";NA
"298";"54";"deontology08";"prevents treatment with dignity in interactions...ensures treatment with dignity in interactions";"4";"I don't know enough to lean either way.";"I don't know enough to lean either way.";"What does <b>dignity in interactions</b> mean for you in a technological context?";"By having all the information needed to make the right choice.";NA
"299";"54";"contractualist04";"does not respect an unspoken promise...respects an unspoken promise";"3";"I don't know how harmful it could be so without knowing that it wouldn't respect an unspoken promise.";NA;"What do you consider to be an <b>unwritten promise</b> in a technological context?";"By having all the information needed to know if you are making the right choice or not.";NA
"300";"54";"hedonism07";"harms my health...promotes my health";"4";"I chose 4 because it can promote my health but there can also be side effects that harms my health.";NA;"How can the described technology <b>promotes your health</b>?";"It can promote my health by lowering the temperature and making the planet safer and healthier to live on.";NA
"301";"54";"virtue01";"is developed by someone who has wrong motivations...is developed by someone who has good motivations";"6";"I chose 6 because the people that developed it has good motivations because they want to make the planet a better place.";NA;"For the development of the technology  <b>which people or groups of people</b> did you have in mind?";"Scientist ";"I'd imagine that it was scientist that have expertise in this."
"302";"56";"deontology01";"does not imply a moral obligation to act in a certain way...implies a moral obligation to act in a certain way";"4";"Morality is completely relative, so I chose the centermost option, leaning toward neither extreme.";NA;"What do you consider to be a <b>moral obligation</b>?";"Again, since I do not believe in any definite moral position--as it is all completely subjective--in no way can something like a moral obligation exist.";NA
"303";"56";"contractualist06";"violates my ideas of fairness...does not violate my ideas of fairness";"4";"The technology is neither fair nor unfair.  It may affect the entire atmosphere but that seems to me to be acceptable in light of the situation.";NA;"What do you consider to be a <b>idea of fairness</b> in a technological context?";"An idea of fairness takes into consideration all parties' perspcetives.";NA
"304";"56";"deontology08";"prevents treatment with dignity in interactions...ensures treatment with dignity in interactions";"2";"I suppose not all concerned parties' dignity was respected, but drastic times call for drastic measures.";NA;"What does <b>dignity in interactions</b> mean for you in a technological context?";"It means attempting to respect the positions of all parties concerned.";NA
"305";"56";"hedonism01";"is personally unsatisfactory...is personally satisfactory";"7";"I am all for decisive technology that takes action.";NA;"When in your opinion is the described technology <b>personally satisfactory</b>?";"Personally satisfactory means it has my full support.";NA
"306";"56";"virtue01";"is developed by someone who has wrong motivations...is developed by someone who has good motivations";"4";"I would imagine the group who developed and deployed this technology contained people from both sides.";NA;"For the development of the technology  <b>which people or groups of people</b> did you have in mind?";"The people who developed and deployed the technology.";NA
"307";"56";"deontology07";"prevents treatment with respect in interactions...ensures treatment with respect in interactions";"4";"I think it neither prevents nor ensures treatment either way.";NA;"What does <b>respect in interactions</b> mean for you in a technological context?";"It means...well...respect in interactions.  I cannot reduce it further.";NA
"308";"56";"deontology02";"harms the autonomy of users...promotes the autonomy of users";"4";"I think it equally harms and promotes the autonomy of users.  Some people will be happy about it, some won't, and will feel violated.";NA;"What does <b>autonomy of users</b> mean for you in a technological context?";"It means the freedom to choose.";"It means whether or not I have a choice in using are experiencing the effects of technology."
"309";"57";"deontology07";"prevents treatment with respect in interactions...ensures treatment with respect in interactions";"5";"It seems like a viable option but like new medicines we do not know about the side effects. It also doesn't address correcting current issues.";NA;"What does <b>respect in interactions</b> mean for you in a technological context?";"To me it means the results of interactions, like mixing different chemicals.";NA
"310";"57";"contractualist04";"does not respect an unspoken promise...respects an unspoken promise";"4";"Something has to be done or at least tried even if it may go against others thoughts and morals.";NA;"What do you consider to be an <b>unwritten promise</b> in a technological context?";"It seems to mean that results can not be assured.";"we have technology but we do not know how it will work so we can not say for sure if it will work."
"311";"57";"hedonism02";"would be selfish for me to use...would not be selfish for me to use";"5";"I would be in favor of the use of the technology as an attempt to control greenhouse gases.";NA;"Under which circumstances in your opinion is the described technology <b>selfish for you to use</b>?";"because others may not feel as i do but i would proceed anyway.";NA
"312";"57";"virtue01";"is developed by someone who has wrong motivations...is developed by someone who has good motivations";"6";"Because the technology appears to be a potential help to the problem of greenhouse gases and not a try at potential financial gain.";NA;"For the development of the technology  <b>which people or groups of people</b> did you have in mind?";"All people but primarily those with a scientific backgroud.";NA
"313";"57";"utilitarian01";"provides the least utility for society...provides the greatest utility for society";"5";"Becasue there are no other options on the horizon and something has to be done.";NA;"Which type of <b>utilities</b> were you thinking of when you answered the question?";"Improved health and quality of life.";"The benefits to society health and well being could be enormous."
"314";"57";"deontology05";"goes against an important moral rule by which I live...does not go against an important moral rule by which I live";"6";"Morally I believe something has to be done. At some point moral thoughts have to be discarded and action needs to be taken.";NA;"What do you consider to be a <b>important moral rule</b> in a technological context?";"Technology should be for the good of the people.";"That the advancement in technology should be for the good of the people."
"315";"57";"deontology01";"does not imply a moral obligation to act in a certain way...implies a moral obligation to act in a certain way";"3";"The plan does not appear a moral issue but a plan to move forward.";NA;"What do you consider to be a <b>moral obligation</b>?";"A moral obligation would be for companies to do right for the people and not their own bottom line.";NA
"316";"58";"hedonism08";"harms my freedom...promotes my freedom";"4";"This is because from the scenario I think this isn't a concrete plan in solving the issue at had. It's something that could work or not.";NA;"How can the described technology <b>promotes your freedom</b>?";"By it helping solve the problem at hand";"By solving the situation at hand. If it can promote my freedom I think it should work effectively."
"317";"58";"deontology03";"obliges a certain immoral behavior...obliges a certain moral behavior";"5";"Because this should line up in a behavior that will help humanity";NA;"What do you consider to be a <b>moral behavior</b> in a technological context?";" By following the normal rules and norms of nature or humans";NA
"318";"58";"contractualist03";"does not respect an unwritten contract...respects an unwritten contract";"4";"Because the a contract not written can be a bit dangerous";NA;"What do you consider to be an <b>unwritten contract</b> in a technological context?";"When a contract is been made verbally ";"When a contract is being done verbally"
"319";"58";"contractualist04";"does not respect an unspoken promise...respects an unspoken promise";"5";"When a promise is unspoken I think it has a vivid stand on being fulfilled";NA;"What do you consider to be an <b>unwritten promise</b> in a technological context?";"It should be done to build trust and to fulfil it";"It should be do\ne in a way top build more trust and for each party to fulfil"
"320";"58";"hedonism01";"is personally unsatisfactory...is personally satisfactory";"5";"It will be satisfactory when the purpose is being served";NA;"When in your opinion is the described technology <b>personally satisfactory</b>?";"I think the technology should be able to serve its purpose to achieve the goal";NA
"321";"58";"contractualist02";"is unfair...is fair";"5";"It will be fair if we all agree to help solve the problem";NA;"When in your opinion is the described technology <b>fair</b>?";"THE technology will be fair be solving the problems without any harm";NA
"322";"58";"deontology07";"prevents treatment with respect in interactions...ensures treatment with respect in interactions";"5";"This will be a great deal by no human interactions";"Not getting involved or trying to stand in the way of the technology";"What does <b>respect in interactions</b> mean for you in a technological context?";"By respecting the technology and the works it will be used for";NA
"323";"60";"virtue09";"is developed by someone who is acting on ill intentions...is developed by someone who is acting on good intentions";"4";"Because over my life time this has been said over and over again.  When I was very young the scientist said it would be global cooling.  Then they said that many places would be under water by now and are not.  The track record of the global warming crowd isn't that good.  I could add in the Hockey Stick and how it was fraudulent information that gave the environmentalist a black eye.  

Mother Nature creates change to deal with the earth's environment.  You don't account for the fact that new Hurricanes are the earth's way of dealing with the heat.  That is why I select neutral on this survey.";NA;"For the development of the technology  which <b>which people or groups of people</b> did you have in mind?";"Given the past misinformation and outright lies of too many on this subject, they are tainted.  They have a black eye on this issue.  Fool me once shame on you.  Fool me twice shame on me.  It is hard to trust people who in the past have used UNETHICAL methods to push their vision for the world.";NA
"324";"60";"virtue01";"is developed by someone who has wrong motivations...is developed by someone who has good motivations";"2";"Because this industry has lied to many times in the past.  They have used lies for personal gain and money.  They get politicians to buy into their schemes and hire their children for personal gain.  Given the history of what I've seen, how can I trust them?";NA;"For the development of the technology  <b>which people or groups of people</b> did you have in mind?";"For the same reasons I keep stating.  The people over time has used Unethical information to push an agenda.  How can I trust them given their history?";NA
"325";"60";"deontology09";"attacks the intrinsic value of nature...protects the intrinsic value of nature";"3";"You have no clue the long term effects of spaying chemicals into the atmosphere.  Mother Nature maintains a balance.  You say people disturb that balance and cause higher temperatures, but ignore that mother nature adapts to this and uses weather to correct it.  How do we know your man made solutions will not upset the balance of nature?";NA;"What do you consider to be a <b>intrinsic value of nature</b> in a technological context?";"You are trying to manipulate mother nature.  There could be very dangerous side effects if you get it wrong.  In this survey you have said you aren't sure what the long term effects will be yet.  You are gambling with the planets future here.";NA
"326";"60";"deontology07";"prevents treatment with respect in interactions...ensures treatment with respect in interactions";"2";"As I've already stated.  You are playing with mother nature.  You make wrong moves in this regard and the consequences could be worse for your actions.";NA;"What does <b>respect in interactions</b> mean for you in a technological context?";"My purpose is respect in interactions with mother nature.  I don't trust you know the outcome of your experiments.";NA
"327";"60";"hedonism07";"harms my health...promotes my health";"4";"I am neutral because you have no clue the long term effects.  You could actually do more harm.";NA;"How can the described technology <b>promotes your health</b>?";"It can if the process does what you say it will do.  However, you can't prove this.  By your actions will you cause less rain and less water on our planet?  There are consequences for both sides of this argument.";NA
"328";"60";"hedonism08";"harms my freedom...promotes my freedom";"4";"It doesn't do either with the exception that you may be doing this with taxpayer money.  That would be you imposing your will and ideas on me without my consent.";NA;"How can the described technology <b>promotes your freedom</b>?";"It could only promote it if I agree.  If you force it on me then you are in violation of my Freedom.  Who are you to force this experiment on me?  Who decides this answer.  In a Republic it needs to be decided by a overwhelming majority to prevent it from not being approved by the public.  Too often the Federal Gov't does this without so much as a by your leave to the people with the EPA";NA
"329";"60";"deontology08";"prevents treatment with dignity in interactions...ensures treatment with dignity in interactions";"2";"I consider it more unethical because by your own admission you don't know the long term effects.  The fact that it is being done on a planetary scale should be a decision for the entire world, and not a bunch of elitist forcing their views on everyone.  You very well may harm the world by your experiments.";NA;"What does <b>dignity in interactions</b> mean for you in a technological context?";"Common courtesy and not hide the data or lie about the data being done.  Again, too many times the environmentalist have lied in my time.  The boy the cried wolf comes to mind.  Why should I trust you?";NA
"330";"61";"contractualist01";"is unjust...is just";"6";"I'm not sure if it's a good idea, but I don't think it's unjust or unethical.";NA;"When in your opinion is the described technology <b>just</b>?";"I think it pretty much is just since in the scenario the target point of 2 degrees Celsius had been reached.";NA
"331";"61";"utilitarian01";"provides the least utility for society...provides the greatest utility for society";"7";"It would definitely be utilized to reflect back some of the sun's rays, and it would mean people wouldn't have to change their lifestyles dramatically (even if they should).";NA;"Which type of <b>utilities</b> were you thinking of when you answered the question?";"Just overall usefulness to society of deploying it.";NA
"332";"61";"hedonism01";"is personally unsatisfactory...is personally satisfactory";"2";"I don't like this solution, since it's not really a solution, just a temporary stopgap, and doesn't address the cause or protect the oceans.";NA;"When in your opinion is the described technology <b>personally satisfactory</b>?";"When it's used to address the cause of global warming, not to put a band-aid on the damage done by it.";NA
"333";"61";"contractualist02";"is unfair...is fair";"7";"I believe in this scenario it is fair, because countries had agreed upon a target mark, which had been reached.";NA;"When in your opinion is the described technology <b>fair</b>?";"When it is agreed upon by a vast majority.";"When it is agreed upon by the vast majority."
"334";"61";"deontology03";"obliges a certain immoral behavior...obliges a certain moral behavior";"3";"I wouldn't say it necessarily obliges immoral behavior, but it definitely allows and excuses immoral behavior.";NA;"What do you consider to be a <b>moral behavior</b> in a technological context?";"Moral behavior would be making changes personally that benefit society as a whole, like cutting back carbon dioxide emission or even just recycling.";NA
"335";"61";"deontology02";"harms the autonomy of users...promotes the autonomy of users";"4";"I'm unsure about this one, because it's gives them the autonomy to choose what behaviors to continue engaging in, but it removes any autonomy over whether or not SAI is deployed.";NA;"What does <b>autonomy of users</b> mean for you in a technological context?";"The ability to decide and act on their own decisions and will.";NA
"336";"61";"hedonism08";"harms my freedom...promotes my freedom";"4";"This is another tricky one, because in one way it promotes my freedom to live the lifestyle I choose, regardless of the effect on the environment and others, but it would certainly take away a lot of freedoms due to national security risks, such as how airports have changed after 9/11.";NA;"How can the described technology <b>promotes your freedom</b>?";"It can promote my freedom by allowing me to live as careless a lifestyle as I want.";NA
"337";"63";"utilitarian01";"provides the least utility for society...provides the greatest utility for society";"3";"SAI seemed like a more temporary solution and it felt like there were more cons to it than pros. Mainly, it did not directly address the carbon dioxide concentration, which seems to me to be one of the most important things to do when trying to combat climate change. ";NA;"Which type of <b>utilities</b> were you thinking of when you answered the question?";"Combatting climate change and reducing the effects of climate change.";NA
"338";"63";"deontology09";"attacks the intrinsic value of nature...protects the intrinsic value of nature";"4";"I chose 4 because it doesn't seem to me that SAI protects nor attacks the intrinsic value of nature. It's not really helping to combat climate change, nor reverse its effects, but it is helping to lower temperature rates somewhat.";NA;"What do you consider to be a <b>intrinsic value of nature</b> in a technological context?";"In regards to this question, I thought of the intrinsic value of nature as either helping or further damaging nature and took that into account.";NA
"339";"63";"hedonism08";"harms my freedom...promotes my freedom";"4";"I don't believe that SAI either harms or promotes anyone's freedom, which is why I chose a neutral option.";NA;"How can the described technology <b>promotes your freedom</b>?";"It may promote my freedom by allowing me to live my life as normal while SAI contributes to lowering the global temperatures, which would mean that I do not have to worry about it.";NA
"340";"63";"hedonism03";"requires me to make sacrifices in order to use it...does not require me to make sacrifices in order to use it";"6";"I do not believe that SAI requires any sacrifices from individuals in order to be used because we do not have to change anything about our lifestyles to use it.";NA;"When in your opinion requires the described technology to <b>make sacrifices in order to use it</b>?";"I think making a sacrifice means having to change something about our daily routines or somehow drastically change our way of life.";NA
"341";"63";"deontology08";"prevents treatment with dignity in interactions...ensures treatment with dignity in interactions";"4";"I don't believe that the technology neither prevents nor ensures this because nobody has to directly interact with it except for the people controlling it.";NA;"What does <b>dignity in interactions</b> mean for you in a technological context?";"To me this means that the technology is easy to use and doesn't make someone feel bad that they don't know how to use it.";NA
"342";"63";"contractualist06";"violates my ideas of fairness...does not violate my ideas of fairness";"7";"I chose 7 because, in my mind, this technology does not violate any ideas of fairness at all.";NA;"What do you consider to be a <b>idea of fairness</b> in a technological context?";"I believe fairness in this context means that we do not lose anything in the interaction. Therefore, it's a fair transaction between man and technology.";NA
"343";"63";"hedonism01";"is personally unsatisfactory...is personally satisfactory";"2";"I selected 2 because this technology is not personally satisfying to me because it does not address the root cause of climate change.";NA;"When in your opinion is the described technology <b>personally satisfactory</b>?";"The technology would be personally satisfying to me when it helps to combat all aspects of climate change, not just the temperature changes.";NA
"344";"64";"hedonism07";"harms my health...promotes my health";"5";"The sulphur particles lower the temperature of the area. They are natural ingredients.";NA;"How can the described technology <b>promotes your health</b>?";"It promotes my health by the temperature being lowered. We feel better in a cooler environment.";NA
"345";"64";"utilitarian01";"provides the least utility for society...provides the greatest utility for society";"2";"This technique does nothing to lower the acidic in the ocean.
SAI need to be deployed for decades otherwise temperature could rise even higher.";NA;"Which type of <b>utilities</b> were you thinking of when you answered the question?";"the cooling effects from SAI";"the cooling effects from SAI"
"346";"64";"hedonism03";"requires me to make sacrifices in order to use it...does not require me to make sacrifices in order to use it";"7";"I am an ordinary citizen. I do not have a say if the SAI is used or not. My life goes on as it is.";NA;"When in your opinion requires the described technology to <b>make sacrifices in order to use it</b>?";"I do not see how this technology requires sacrifices to be made. It is all natural ingredients,";NA
"347";"64";"deontology05";"goes against an important moral rule by which I live...does not go against an important moral rule by which I live";"7";"It is all natural ingredients and it does not go against my morals. ";NA;"What do you consider to be a <b>important moral rule</b> in a technological context?";"By doing something unethical. By doing something that is known to cause harm.";NA
"348";"64";"contractualist04";"does not respect an unspoken promise...respects an unspoken promise";"4";"All it promises to do is help lower the temperature by natural means. I did not see anything about an unspoken promise.";NA;"What do you consider to be an <b>unwritten promise</b> in a technological context?";"That their methods are guaranteed";"That a method is guaranteed."
"349";"64";"hedonism02";"would be selfish for me to use...would not be selfish for me to use";"7";"It is all natural and it does not seem to do anything that harms the envirnoment.";NA;"Under which circumstances in your opinion is the described technology <b>selfish for you to use</b>?";"when it does harm to the enviroment.";"when it causes harm to others."
"350";"64";"hedonism08";"harms my freedom...promotes my freedom";"4";"It does not effect me either way.";"It does not effect me either way.";"How can the described technology <b>promotes your freedom</b>?";"It can make the earth cooler and I could spend more time outdoors";NA
"351";"66";"deontology09";"attacks the intrinsic value of nature...protects the intrinsic value of nature";"3";"It’s complicated be cause through our own actions we’ve attacked the intrinsic value of nature to a point where further attacks are necessary to bring it back to the minimum balance.";NA;"What do you consider to be a <b>intrinsic value of nature</b> in a technological context?";"One with little human intervention.  That is hard to grasp at this point in time.";NA
"352";"66";"deontology02";"harms the autonomy of users...promotes the autonomy of users";"3";"It seems that the use affects everyone globally even if certain countries don’t approve of its use.  These places may not feel the full affect but it’s still in the air for all to witness change at some degree.
";NA;"What does <b>autonomy of users</b> mean for you in a technological context?";"That people have the right to choose to employ this procedure.  Which in the scenario it seems that at least the leaders of a country do, but even if they don’t and other neighboring countries do, they are still going to be affected by this choice.";NA
"353";"66";"virtue09";"is developed by someone who is acting on ill intentions...is developed by someone who is acting on good intentions";"5";"I think it has been devised with good intentions.  There just isn’t enough information about it’s effects, like adding fluoride to water.";NA;"For the development of the technology  which <b>which people or groups of people</b> did you have in mind?";"People who have intention to help";"People who have good intentions to preserve life on earth"
"354";"66";"deontology01";"does not imply a moral obligation to act in a certain way...implies a moral obligation to act in a certain way";"5";"It’s seems like an emergency tactic employed by those who are wanting to continue to preserve life on earth";NA;"What do you consider to be a <b>moral obligation</b>?";"An obligation to better the planet and livelihood of its residents ";NA
"355";"66";"hedonism01";"is personally unsatisfactory...is personally satisfactory";"5";"Even though I do agree that changes are necessary to reverse the damages caused by human intervention to the environment, I’m afraid it’ll only act as a bandaid.  I’d be afraid of the political divide it will cause and the ensuing violence.";NA;"When in your opinion is the described technology <b>personally satisfactory</b>?";"That I feel good about the procedure and that the pros outweigh the cons";NA
"356";"66";"deontology05";"goes against an important moral rule by which I live...does not go against an important moral rule by which I live";"5";"It doesn’t necessarily go against any particular morals I have.  It’s just new and scary and hopefully will help more than hurt.";NA;"What do you consider to be a <b>important moral rule</b> in a technological context?";"Full transparency and autonomy of the use of this technology ";NA
"357";"66";"deontology08";"prevents treatment with dignity in interactions...ensures treatment with dignity in interactions";"4";"I didn’t quite understand the question.  I’m unsure but would hope it’d ensure treatment with dignity in interactions.";NA;"What does <b>dignity in interactions</b> mean for you in a technological context?";"I guess it goes back to transparency of the use of this technology and choice of testing";NA
"358";"68";"virtue09";"is developed by someone who is acting on ill intentions...is developed by someone who is acting on good intentions";"7";"The intentions are good, but I hate the idea.  This is an attempt to stop the negative effects of human actions, but it's the wrong approach.  Fossil fuels are the problem, yet we're doing almost nothing to stop their use because of greed.";NA;"For the development of the technology  which <b>which people or groups of people</b> did you have in mind?";"Scientists.";"I was thinking of scientists who developed the technology as I believe individual scientists usually have good intentions.  However, they are used as tools of corporate, financial and government interests.  These measures to ameliorate manmade climate change are often nothing more than strategies of big oil, fossil fuel purveyors, and automotive manufacturers to continue their conspiracy to profit at the expense of all life."
"359";"68";"contractualist02";"is unfair...is fair";"1";"It's unethical given the fact that it would be unnecessary if we switched to renewable energy and stopped using fossil fuels. We have the technology but our society is likely doomed because we are ruled and driven solely by profits.  Our leaders are largely morally bankrupt and without a shared ethos or true vision.  ";NA;"When in your opinion is the described technology <b>fair</b>?";"Never";"It's ludicrous.  We want to blanket the planet in chemicals rather than changing our ways.  It's unfair to all life, and it likely will cause unforeseen problems and it probably won't save us anyway."
"360";"68";"deontology07";"prevents treatment with respect in interactions...ensures treatment with respect in interactions";"1";"Spraying chemicals, no matter how ""organic"" over the earth cannot be done with the consent of all life. ";NA;"What does <b>respect in interactions</b> mean for you in a technological context?";"It means informed and true consent.  Consensus is ideal.";NA
"361";"68";"deontology01";"does not imply a moral obligation to act in a certain way...implies a moral obligation to act in a certain way";"7";"Something like this needs to be done morally, with consent and assurance that it will work and will cause no harm.  This is impossible, so it can never be truly moral in my mind.";NA;"What do you consider to be a <b>moral obligation</b>?";"Informed Consent.  Consensus is deal.
100% assurance it will cause no harm or trigger feedback loops";NA
"362";"68";"deontology02";"harms the autonomy of users...promotes the autonomy of users";"1";"It harms the autonomy of every living thing that did not give its express consent";NA;"What does <b>autonomy of users</b> mean for you in a technological context?";"It means choice.  The choice NOT to be subject to the technology or suffer its effects with without sull informed consent.";NA
"363";"68";"deontology08";"prevents treatment with dignity in interactions...ensures treatment with dignity in interactions";"1";"There's no dignity for any living thing when we start spraying crap out of airplanes in a lame attempt to stop the effects of our completely unnecessary selfish and stupid behavior.";NA;"What does <b>dignity in interactions</b> mean for you in a technological context?";"It means that there is an inherent RESPECT.";"There must be respect for the autonomy and liberty of any and all life affected by the use of any technology or process."
"364";"68";"hedonism07";"harms my health...promotes my health";"1";"I don't believe this is in any way healthy.";"There's nothing anyone can do to convince me this is in any way a good idea or without harm to living things, natural systems, or my health.";"How can the described technology <b>promotes your health</b>?";"This means that it would actually be conducive to good health.  It would make you healthier. This cannot be true in any way in the described scenario.";NA
"365";"69";"hedonism08";"harms my freedom...promotes my freedom";"3";"I would want to know more information to to better understand and make a decision about it.";NA;"How can the described technology <b>promotes your freedom</b>?";"It can help with climate change which gives more freedom";NA
"366";"69";"contractualist03";"does not respect an unwritten contract...respects an unwritten contract";"3";"I do not really know if it respects the contract or not so I took a neutral tone";NA;"What do you consider to be an <b>unwritten contract</b> in a technological context?";"I am unsure ";"I do not really understand this question. I guess an unwritten contract would be a contract encouraging advancement in technology "
"367";"69";"deontology09";"attacks the intrinsic value of nature...protects the intrinsic value of nature";"5";"It aims to preserve but it does not decrease climate change";NA;"What do you consider to be a <b>intrinsic value of nature</b> in a technological context?";"It is nature behaving on its own without scientific assistance ";NA
"368";"69";"deontology04";"is not morally right...is morally right";"2";"I feel like since they don't know the side effects they do not know how it will impact people";NA;"When in your opinion is the described technology <b>morally right</b>?";"technology that is not playing God";"when it helps improve the quality of earth"
"369";"69";"deontology03";"obliges a certain immoral behavior...obliges a certain moral behavior";"4";"I would need more background information to make an informed decision";NA;"What do you consider to be a <b>moral behavior</b> in a technological context?";"I would consider moral behavior is making a decision for the best of society";NA
"370";"69";"hedonism01";"is personally unsatisfactory...is personally satisfactory";"3";"how satisfactory it is depends on how it improves the earth";NA;"When in your opinion is the described technology <b>personally satisfactory</b>?";"when it makes the climate quality better ";"when it makes things better "
"371";"69";"contractualist06";"violates my ideas of fairness...does not violate my ideas of fairness";"2";"people are not allowed to make decisions about it";"it is unfair because we don't know long term effects ";"What do you consider to be a <b>idea of fairness</b> in a technological context?";"when everyone gets equal treatment";"when everyone is treated the same"
"372";"70";"deontology07";"prevents treatment with respect in interactions...ensures treatment with respect in interactions";"5";"It seems like this could be an effective process. The SAI techniques seem to ensure treatment.";NA;"What does <b>respect in interactions</b> mean for you in a technological context?";"To me it means the interactions with the sulfur that is directed back out to space by the planes.";NA
"373";"70";"hedonism03";"requires me to make sacrifices in order to use it...does not require me to make sacrifices in order to use it";"6";"Although it does need to be studied more, it does not seem to harm anything. It seems to be working with little side effects.
";NA;"When in your opinion requires the described technology to <b>make sacrifices in order to use it</b>?";"I don't see any sacrifices that need to be made. However, this is assuming that there are no long term side effects.";NA
"374";"70";"contractualist01";"is unjust...is just";"7";"I believe this is just as there has been success in using this. It would be good if it was used more, as it can lower the temperature of the Earth.";NA;"When in your opinion is the described technology <b>just</b>?";"Yes, this technology is considered just. It does not have any known negative impact.";NA
"375";"70";"virtue09";"is developed by someone who is acting on ill intentions...is developed by someone who is acting on good intentions";"6";"I have to assume this was developed by someone with good intentions. It seems to work and can help lower the temperature of the Earth.";NA;"For the development of the technology  which <b>which people or groups of people</b> did you have in mind?";"The group's that I had in mind were the Scientists who discovered this method.";NA
"376";"70";"hedonism02";"would be selfish for me to use...would not be selfish for me to use";"7";"I don't feel like it would be selfish to use this at all. It seems to work and would improve the environment for everyone.";NA;"Under which circumstances in your opinion is the described technology <b>selfish for you to use</b>?";"It would be selfish if it only benefited me or a small group of people. ";NA
"377";"70";"deontology08";"prevents treatment with dignity in interactions...ensures treatment with dignity in interactions";"5";"This is a new process that seems to work and the people that use it would ensure dignity in their interactions.";NA;"What does <b>dignity in interactions</b> mean for you in a technological context?";"Dignity in interactions to me means doing the right thing and not causing harm to others.";NA
"378";"70";"deontology05";"goes against an important moral rule by which I live...does not go against an important moral rule by which I live";"7";"This process does not go against any of my morals. It seems to work to protect the environment and I support it.";NA;"What do you consider to be a <b>important moral rule</b> in a technological context?";"An important moral rule would be violating my moral standards, like causing harm to others.";NA
"379";"71";"hedonism07";"harms my health...promotes my health";"3";"I guess I wasn't really thinking so much as it affects my health, but it seems like the risks that come with this idea are pretty bad compared to the chance of success it will have. ";NA;"How can the described technology <b>promotes your health</b>?";"If it reflects the intense heats from the sun, then we can slow down, temporarily, the rises temperatures and ocean levels. I suppose that would mean we live longer because we aren't losing important farming ground or the climate necessary for it. Except the sun is being reflected, so now we are growing food artificially which could be bad.";NA
"380";"71";"hedonism08";"harms my freedom...promotes my freedom";"3";"I think at a certain point you have to be angry that you are no longer able to go outside and really enjoy the outdoors when the sun is being reflected. It starts to feel like we are in the Matrix after thy blocked out the sun.";NA;"How can the described technology <b>promotes your freedom</b>?";"It allows me to live longer, or at least not have to struggle to do so as much as I would have. I don't know that it promotes freedom. I'm sure there are going to be a lot of things we can't do just to make sure we don't disrupt the sulfur in the sky.";NA
"381";"71";"hedonism03";"requires me to make sacrifices in order to use it...does not require me to make sacrifices in order to use it";"2";"Quality of living would change. There is still the concentration of co2 in the atmosphere that could possibly get worse being in a man-made ""cooler."" I'm sure taxes will skyrocket so that our government can pay for this disaster of a plan. ";NA;"When in your opinion requires the described technology to <b>make sacrifices in order to use it</b>?";"Probably from the beginning.";"Before it starts. We have to have technology before we start the process."
"382";"71";"deontology09";"attacks the intrinsic value of nature...protects the intrinsic value of nature";"6";"We are blocking out the sun. It is interfering with natures life force.";NA;"What do you consider to be a <b>intrinsic value of nature</b> in a technological context?";"The sun is kind of what makes photosynthesis possible. We are disrupting plant life, which disrupts our life.";NA
"383";"71";"contractualist01";"is unjust...is just";"3";"It would do more harm than good. It is a wonky idea to say the least.";NA;"When in your opinion is the described technology <b>just</b>?";"It is not.";"It is not just. It is a bad idea that doesn't actually have any upside to it. It is just a temporary hold on temperatures that will result in a worse situation in time."
"384";"71";"contractualist04";"does not respect an unspoken promise...respects an unspoken promise";"2";"I don;t even know what this question is supposed to mean.";NA;"What do you consider to be an <b>unwritten promise</b> in a technological context?";"Maybe that we are supposed to let nature do it's thing and stop interfering. Maybe we should just stop polluting and wasting so much so that earth can heal itself?";NA
"385";"71";"deontology08";"prevents treatment with dignity in interactions...ensures treatment with dignity in interactions";"2";"I'm just waiting for this survey to end. I don't know what I'm supposed to put for some of these answers. It wasn't that long of text to get so much information from me. There is no dignity when you say you're solving something but youre just prolonging it.";NA;"What does <b>dignity in interactions</b> mean for you in a technological context?";"It means not asking so many stupid questions for little pay. It means come up with a better plan to fight climate change. It means giving up 8 years from now and blocking out the sun is a dumb idea.";NA
"386";"73";"deontology04";"is not morally right...is morally right";"5";"society helped create the problem  we have to try to correct it trail and error are part of it on both sides";NA;"When in your opinion is the described technology <b>morally right</b>?";"we helped make the problem we have to try to fix it through trial and error
";NA
"387";"73";"hedonism07";"harms my health...promotes my health";"4";"no tests yet ";"no answer  no test";"How can the described technology <b>promotes your health</b>?";"no answer no test
";"may or may not reverse the problem may add to it due to never having been tried before  no trials with persons in a lab were mentioned
"
"388";"73";"deontology01";"does not imply a moral obligation to act in a certain way...implies a moral obligation to act in a certain way";"4";"everyone has a choice and there are laws of nature and nurture that have to be considered as well as the state laws
";NA;"What do you consider to be a <b>moral obligation</b>?";" we are on earth to protect creation";"We are on earth to protect creation
"
"389";"73";"hedonism01";"is personally unsatisfactory...is personally satisfactory";"2";"no lab tests were mentioned
";"  a combination of minds and tests need to be done to protect earthlings and reverse what has destroyed creation 
";"When in your opinion is the described technology <b>personally satisfactory</b>?";"I think we have to try 
";" we have to try things 
"
"390";"73";"contractualist02";"is unfair...is fair";"4";"People places things and the governments should collaborate to solve  issues  

";NA;"When in your opinion is the described technology <b>fair</b>?";"Not a balanced issue to sway one way or the other need more info 
";NA
"391";"73";"virtue01";"is developed by someone who has wrong motivations...is developed by someone who has good motivations";"5";"I just hope that is who they are as some just want the money 
";NA;"For the development of the technology  <b>which people or groups of people</b> did you have in mind?";"Scientists government individuals that did a  crowd funding  like Elon Musk for example";NA
"392";"73";"hedonism02";"would be selfish for me to use...would not be selfish for me to use";"4";"I do not n]know all the science or motives 
";"Not enough info 
";"Under which circumstances in your opinion is the described technology <b>selfish for you to use</b>?";"Not enough info for a concrete decision 
";"Just my choice  not fully willing to use the technology without the rules of the technology being explained 
"
"393";"74";"deontology05";"goes against an important moral rule by which I live...does not go against an important moral rule by which I live";"6";"It seems to be an emergency solution to a problem that is affecting everyone. Even if it is not ideal, it's the only choice at the moment so I wouldn't be opposed.";NA;"What do you consider to be a <b>important moral rule</b> in a technological context?";"The only important moral rule that would affect my decision if this technology would be killing people or causing some life lasting side effects that diminish quality of life. ";NA
"394";"74";"virtue01";"is developed by someone who has wrong motivations...is developed by someone who has good motivations";"4";"I'm not sure as to their motivations as one of the potential issues mentioned is competition between countries if i recall correctly";NA;"For the development of the technology  <b>which people or groups of people</b> did you have in mind?";"I thought mostly corporations/governments";"Again I was thinking corporations. Scientists are of course involved but usually are backed by big companies"
"395";"74";"hedonism03";"requires me to make sacrifices in order to use it...does not require me to make sacrifices in order to use it";"6";"It doesn't seem that the common man has to sacrifice anything to use this technology. There might be some unforeseen complications but we don't now about those yet. ";NA;"When in your opinion requires the described technology to <b>make sacrifices in order to use it</b>?";"If there were a list of side effects listed. ";"If there were a list of side effects listed"
"396";"74";"contractualist02";"is unfair...is fair";"4";"I don't think it's fair or unfair. It's an emergency solution to a big problem. It's just a matter of fact.";NA;"When in your opinion is the described technology <b>fair</b>?";"The only unfair aspect that I could think of is that one country decides to deploy a technology that affects the whole world. Maybe this would be more fair if the majority of countries came together and agreed on this solution.";NA
"397";"74";"deontology02";"harms the autonomy of users...promotes the autonomy of users";"2";"I guess it harms the autonomy of users in the sense that the common man doesn't necessarily have a say in its deployment.";NA;"What does <b>autonomy of users</b> mean for you in a technological context?";"
To me, it means users can directly use this technology on their own. I'm unsure if that's correct.";NA
"398";"74";"hedonism01";"is personally unsatisfactory...is personally satisfactory";"6";"It seems satisfactory enough to me as it's an emergency solution to a dire problem.";NA;"When in your opinion is the described technology <b>personally satisfactory</b>?";"When it helps to solve a problem that is affecting my life. ";NA
"399";"74";"contractualist01";"is unjust...is just";"4";"It's only unjust in the fact that one country's deployment can affect the whole world in case there does turn out to be side effects.";NA;"When in your opinion is the described technology <b>just</b>?";"It's just if majority agrees to use the technology";"It's just when the majority of countries agree to use the technology."
"400";"75";"deontology01";"does not imply a moral obligation to act in a certain way...implies a moral obligation to act in a certain way";"7";"because it requires us to do what is right for our planet so that it is not done in vain";NA;"What do you consider to be a <b>moral obligation</b>?";"an obligation to do things in which is the right thing to do or that we perceive as helping";NA
"401";"75";"deontology07";"prevents treatment with respect in interactions...ensures treatment with respect in interactions";"7";"because we are relying on it to help the situation";"scientists believe this treatment could work";"What does <b>respect in interactions</b> mean for you in a technological context?";"science interacting with nature";"how man interferes with nature"
"402";"75";"virtue09";"is developed by someone who is acting on ill intentions...is developed by someone who is acting on good intentions";"7";"they are trying to save the planet";"helping the environment = good intentions";"For the development of the technology  which <b>which people or groups of people</b> did you have in mind?";"all people on the planet";"every citizen of earth"
"403";"75";"virtue01";"is developed by someone who has wrong motivations...is developed by someone who has good motivations";"7";"they are motivated to stop climate change which is good";NA;"For the development of the technology  <b>which people or groups of people</b> did you have in mind?";"all citizens of earth";"everyone living on our planet"
"404";"75";"deontology04";"is not morally right...is morally right";"7";"their intentions are good";"they are just trying to help";"When in your opinion is the described technology <b>morally right</b>?";"yes because their intentions are good and they are trying to solve a problem";NA
"405";"75";"deontology03";"obliges a certain immoral behavior...obliges a certain moral behavior";"7";"because they are acting morally and in the best nature of mankind";NA;"What do you consider to be a <b>moral behavior</b> in a technological context?";"a behavior that is good or helping";"a behavior  that is not bad or sinful"
"406";"75";"deontology08";"prevents treatment with dignity in interactions...ensures treatment with dignity in interactions";"4";"i selected neutral because im not sure what that means";NA;"What does <b>dignity in interactions</b> mean for you in a technological context?";"im not sure but a guess would be to treat them right or nicely";NA
"407";"76";"deontology03";"obliges a certain immoral behavior...obliges a certain moral behavior";"5";"I think moral issues are fairly subjective, depending on where we grow up, what culture, etc. ";NA;"What do you consider to be a <b>moral behavior</b> in a technological context?";"That it will help humans in the long run.";"Similar answer as previous question."
"408";"76";"hedonism02";"would be selfish for me to use...would not be selfish for me to use";"5";"Selfishness is subjective, depends on who's asking.";NA;"Under which circumstances in your opinion is the described technology <b>selfish for you to use</b>?";"When it only benefits one side.";"Similar answer to the previous question."
"409";"76";"contractualist03";"does not respect an unwritten contract...respects an unwritten contract";"5";"I'm not particularly sure about this either.";"I just went with my gut.";"What do you consider to be an <b>unwritten contract</b> in a technological context?";"I just went with my gut.";"I actually have no clue."
"410";"76";"contractualist02";"is unfair...is fair";"5";"Fairness is subjective.";"Again, for me fairness is subjective and it depends on who's asking.";"When in your opinion is the described technology <b>fair</b>?";"When to cost and benefits are balanced.";"similar to my previous answer."
"411";"76";"deontology04";"is not morally right...is morally right";"5";"Same with my answer previously.";"Same with my answer previously.";"When in your opinion is the described technology <b>morally right</b>?";"Same with my answer previously.";"Same with my answer previously."
"412";"76";"deontology08";"prevents treatment with dignity in interactions...ensures treatment with dignity in interactions";"5";"Because I think it serves its purpose.";"Same with my answer previously.";"What does <b>dignity in interactions</b> mean for you in a technological context?";"That it doesn't harm majority of people.";"Same with my answer previously."
"413";"76";"contractualist06";"violates my ideas of fairness...does not violate my ideas of fairness";"5";"Because it doesn't. Fairness is subjective in my opinion.";NA;"What do you consider to be a <b>idea of fairness</b> in a technological context?";"That the cost and benefit are balanced.";"Same with my answer previously."
"414";"77";"contractualist03";"does not respect an unwritten contract...respects an unwritten contract";"4";"I cannot imagine what the unwritten contract might be. If it is an unwritten contract with mother nature or the planet, that contract could be either to help protect the planet or not to artificially contribute to polluting the atmosphere. It could  be a contract with humans not to do things that may have a negative impact o their health. It could be a contract for any number of things and since it wasn't specified in the article, I have no reference and therefore went down the middle.";NA;"What do you consider to be an <b>unwritten contract</b> in a technological context?";"In a technological sense, I would consider it to be an understanding that technology should not be deployed that affects living  beings without their input and acceptance.";NA
"415";"77";"deontology04";"is not morally right...is morally right";"2";"I believe that humans should stop interfering with mother nature and that it is morally wrong for humans to do things that affect nature in an unnatural way.";NA;"When in your opinion is the described technology <b>morally right</b>?";"One could argue that since the motive is good with the intent being to save the planet it might be morally right. My belief is that mother nature is protecting itself by trying to create environmental conditions that reduce or eliminate human population which is creating the problem so I still say it is wrong.";NA
"416";"77";"hedonism03";"requires me to make sacrifices in order to use it...does not require me to make sacrifices in order to use it";"3";"Based on the description I am sacrificing pure clean air and my view is invaded by planes spewing Sulphur.";NA;"When in your opinion requires the described technology to <b>make sacrifices in order to use it</b>?";"The views are impeded whenever the planes fly overhead and the air is continuously impure.";NA
"417";"77";"contractualist01";"is unjust...is just";"4";"I can argue both sides using my prior statements. The motive is good so it is just from that perspective. It is unjust because mother nature owns nature and humans have no right to interfere in the natural order even if we are trying to undo the harms already inflicted.";NA;"When in your opinion is the described technology <b>just</b>?";"I suppose it is just when the alternative is human extinction unless you take the view that extinction is what is needed for the planet to survive. ";NA
"418";"77";"deontology03";"obliges a certain immoral behavior...obliges a certain moral behavior";"2";"I am on the side of mother nature so see it as immoral for humans to interfere with the atmosphere of the planet.";NA;"What do you consider to be a <b>moral behavior</b> in a technological context?";"Moral behavior in the technology context is development and deployment of technology that does no have a material impact on the environment or other living beings.";NA
"419";"77";"deontology05";"goes against an important moral rule by which I live...does not go against an important moral rule by which I live";"3";"Even though the motives are good, it is still polluting the atmosphere to suit our egotistical human lives.";NA;"What do you consider to be a <b>important moral rule</b> in a technological context?";"Do not interfere with mother nature.";"Technology should not interfere with the natural order of life on this planet"
"420";"77";"contractualist06";"violates my ideas of fairness...does not violate my ideas of fairness";"2";"It is not fair for the human race to try to take control over the planet. All living beings have the right to be here and in fact are necessary for the natural order to survive. ";NA;"What do you consider to be a <b>idea of fairness</b> in a technological context?";"Technology is fair when it does not interfere with nature";NA
"421";"78";"contractualist03";"does not respect an unwritten contract...respects an unwritten contract";"5";"While it sounds like a band-aid to fix the problem in the short term, like the article said it does not solve the problem and remove CO2. It may as well have unforeseen results as well. While it will help for now, what is the true cost.";NA;"What do you consider to be an <b>unwritten contract</b> in a technological context?";"Something that everyone would agree one without a formal agreement.";NA
"422";"78";"utilitarian01";"provides the least utility for society...provides the greatest utility for society";"4";"I don't know how great it really is to be injecting stuff into our sky. Does not sound ideal, but does not sound like the worst idea in an emergency either.";NA;"Which type of <b>utilities</b> were you thinking of when you answered the question?";"help by solving an issue. something useful.";"being able to slow down global warming"
"423";"78";"contractualist06";"violates my ideas of fairness...does not violate my ideas of fairness";"6";"Because I feel it would be more unfair to do nothing about the problem.";NA;"What do you consider to be a <b>idea of fairness</b> in a technological context?";"something that will help people, all people.";"Something that would reduce global warming while giving us the chance to come uup with better solutions."
"424";"78";"hedonism03";"requires me to make sacrifices in order to use it...does not require me to make sacrifices in order to use it";"2";"Everyone would have to make sacrifices or it would not would very well. Basically we would have to make sacrifices to stop polluting our environment. ";NA;"When in your opinion requires the described technology to <b>make sacrifices in order to use it</b>?";"The entire time it's being used, and continued sacrifices even after.";NA
"425";"78";"contractualist04";"does not respect an unspoken promise...respects an unspoken promise";"4";"No one could really know if it respects an unspoken promise, because we don't know the results yet.";NA;"What do you consider to be an <b>unwritten promise</b> in a technological context?";"Promise to make the environment cleaner, safer, and fixed.";NA
"426";"78";"deontology05";"goes against an important moral rule by which I live...does not go against an important moral rule by which I live";"7";"We would be using it to help and not hurt, so it's not morally bad.";NA;"What do you consider to be a <b>important moral rule</b> in a technological context?";"Do not hurt others by your actions.";"instead of polluting, reverse pollution."
"427";"78";"deontology01";"does not imply a moral obligation to act in a certain way...implies a moral obligation to act in a certain way";"7";"implies a moral obligation to reduce global temperatures";NA;"What do you consider to be a <b>moral obligation</b>?";"Reduce carbon footprints.";"To be environmentally responsible."
"428";"79";"deontology03";"obliges a certain immoral behavior...obliges a certain moral behavior";"3";"There are a lot of concerns here. First, there may be political tension over use of this as per the article - this could lead to conflict between nations that could set back world peace or other initiatives. Second, the sudden cooling may affect entire countries adversely - we don't know how much the rubber band effect of cooling could have.";NA;"What do you consider to be a <b>moral behavior</b> in a technological context?";"Whether or not the technology is guaranteed to be a net positive for all of humanity.";NA
"429";"79";"utilitarian01";"provides the least utility for society...provides the greatest utility for society";"5";"If this works and has minimal impact to nations or social tensions, the changes to the climate will help prevent a new climate disaster.";NA;"Which type of <b>utilities</b> were you thinking of when you answered the question?";"Preventing future climate change. Speeding up the process of reversing climate change.";NA
"430";"79";"contractualist01";"is unjust...is just";"4";"It's difficult to say. We need to combat global warming, but we also can't afford to have international unrest.";NA;"When in your opinion is the described technology <b>just</b>?";"If all other options have been exhausted and contingencies are in place to evacuate countries that may be harmed by the sudden changes or diplomatic channels are opened to minimize tension.";NA
"431";"79";"deontology04";"is not morally right...is morally right";"5";"Honestly, I'm leaning more toward morally right because climate change is becoming an emergency and we need to do things fast. We're already a tense, divided world as it is - it's time to put that aside.";NA;"When in your opinion is the described technology <b>morally right</b>?";"When climate change is approaching irreversible status.";NA
"432";"79";"contractualist04";"does not respect an unspoken promise...respects an unspoken promise";"4";"I don't really have a good answer here. I don't know how exactly this related to unspoken promises. Societies and governments have a duty to protect the interest of humanity, so I guess that's an unspoken promise and just assumed?";NA;"What do you consider to be an <b>unwritten promise</b> in a technological context?";"Countries and companies using the technology for positive gains.";NA
"433";"79";"hedonism03";"requires me to make sacrifices in order to use it...does not require me to make sacrifices in order to use it";"2";"The technology has to be used for a while, which means sacrifices may have to be made in the future. Plus it may destroy nations if the climate changes too severely or it has to be discontinued. Such a situation may affect my life if I know people from those countries or they trade with my country.";NA;"When in your opinion requires the described technology to <b>make sacrifices in order to use it</b>?";"When climate change is otherewise irreversible, as per the other answers.";NA
"434";"79";"deontology09";"attacks the intrinsic value of nature...protects the intrinsic value of nature";"4";"I am not qualified to answer this., Humans are part of nature, so it's hard to say if what we are doing is natural or not.";NA;"What do you consider to be a <b>intrinsic value of nature</b> in a technological context?";"It's a philosophical question - I consider humanity to be nature, even its technology.";NA
"435";"81";"deontology04";"is not morally right...is morally right";"7";"I think it's morally right to inject SAI to the space since it can help to reduce global warming and limits the effect of greenhouse gases in our environment.";NA;"When in your opinion is the described technology <b>morally right</b>?";"It is morally right even today because the effects of global warming has become realistic and is already been felt around the world.";NA
"436";"81";"deontology02";"harms the autonomy of users...promotes the autonomy of users";"7";"SAI injection for me is quite ethical because it is a reasonable means to combat global warming.";NA;"What does <b>autonomy of users</b> mean for you in a technological context?";"It is the way in in which our technological system has become so strong that we can no longer control them.";NA
"437";"81";"deontology05";"goes against an important moral rule by which I live...does not go against an important moral rule by which I live";"7";"I don't think that the application of SAI disrupts any moral rules because it has no negative effect on human, plants or other living creatures.";NA;"What do you consider to be a <b>important moral rule</b> in a technological context?";"Moral use of data and resources ";"Data protection measures and procedures compliance in ensuring that data isn't used inappropriately."
"438";"81";"contractualist06";"violates my ideas of fairness...does not violate my ideas of fairness";"7";"It doesn't affect my ideas of fairness in any way because i even have a lot to benefit from the technology.";NA;"What do you consider to be a <b>idea of fairness</b> in a technological context?";"When everything is being equal and all part is treated same way";NA
"439";"81";"virtue09";"is developed by someone who is acting on ill intentions...is developed by someone who is acting on good intentions";"7";"It can only be someone with good and genuine mind that can option to save the earth with such technology which have the capacity to reduce global warming. ";NA;"For the development of the technology  which <b>which people or groups of people</b> did you have in mind?";"Scientists and technologists.";"I have in mind the scientist who specialize on aerospace engineering."
"440";"81";"deontology03";"obliges a certain immoral behavior...obliges a certain moral behavior";"7";"I think it obliges a certain moral behavior because it is only someone or group with a good concern for earth and living thing can option to help.";NA;"What do you consider to be a <b>moral behavior</b> in a technological context?";"Acting to save using scientific and technological means";NA
"441";"81";"contractualist03";"does not respect an unwritten contract...respects an unwritten contract";"4";"I neither agree nor disagree.";"no comment.";"What do you consider to be an <b>unwritten contract</b> in a technological context?";"It is a contract agreement made orally with no documentation in term of hardcopy.";NA
"442";"82";"deontology02";"harms the autonomy of users...promotes the autonomy of users";"3";"It promotes autonomy only for those who are engaging in it. Other countries and its citizens are subject to the decision of whoever decides to employ this technology, and we may have little agency over the impacts.";NA;"What does <b>autonomy of users</b> mean for you in a technological context?";"It means I can make the choice to use or not use a technology and have some knowledge and control over effects";NA
"443";"82";"deontology01";"does not imply a moral obligation to act in a certain way...implies a moral obligation to act in a certain way";"6";"This human influence on the environment should be done with morality in mind because it can affect every living creature on Earth";NA;"What do you consider to be a <b>moral obligation</b>?";"A moral obligation is something that requires a specific action in order to protect others from harm or promote good";NA
"444";"82";"contractualist04";"does not respect an unspoken promise...respects an unspoken promise";"6";"The unspoken promise is to do nothing that would create harm to other creatures";NA;"What do you consider to be an <b>unwritten promise</b> in a technological context?";"The unwritten promise is that the purpose is for overall good and not for profit or selfish needs";NA
"445";"82";"deontology05";"goes against an important moral rule by which I live...does not go against an important moral rule by which I live";"4";"I don't feel I know enough about the technology to say for sure";NA;"What do you consider to be a <b>important moral rule</b> in a technological context?";"An important moral rule is that the effects are a net benefit for humans and species without later disastrous consequences";NA
"446";"82";"hedonism07";"harms my health...promotes my health";"5";"Climate change is a real threat so reducing it would promote health as long as it doesn't have any unknown risks";NA;"How can the described technology <b>promotes your health</b>?";"It would reduce climate change which would lessen natural disasters and improve crop production and air quality";NA
"447";"82";"contractualist06";"violates my ideas of fairness...does not violate my ideas of fairness";"6";"If done mutually to benefit all it would be fair";"I think it could be done to benefit the whole world";"What do you consider to be a <b>idea of fairness</b> in a technological context?";"Fairness means it doesn't help one person or area and harm others";NA
"448";"82";"hedonism01";"is personally unsatisfactory...is personally satisfactory";"5";"I am intrigued by the possibilities but would like to know more about potential risks";NA;"When in your opinion is the described technology <b>personally satisfactory</b>?";"I think it is a promising new technology and we obviously aren't going to stop using petroleum anytime soon";NA
"449";"83";"virtue09";"is developed by someone who is acting on ill intentions...is developed by someone who is acting on good intentions";"7";"because he is worried about the climate and he is worried about the planes and the the climate and wants to do something about it because he thinks that it is well worth for the earth";NA;"For the development of the technology  which <b>which people or groups of people</b> did you have in mind?";"i had everyone in mind we all have to work together to address this for the earth and for the climate";NA
"450";"83";"hedonism01";"is personally unsatisfactory...is personally satisfactory";"4";"i think that it will work out well because we can all work together on this to save the climate together";NA;"When in your opinion is the described technology <b>personally satisfactory</b>?";"i think we all have to work together in a collective manner towards these goals to work as one so that we can save the earths climate so the tempurture does not keep rising on the planet";NA
"451";"83";"deontology09";"attacks the intrinsic value of nature...protects the intrinsic value of nature";"4";"we need to protect nature by all working together to save nature and the planet because the temputure keeps rising and it has to be a collective manner";NA;"What do you consider to be a <b>intrinsic value of nature</b> in a technological context?";"we all need to protect nature  before it is to late because the earth is heating up and we need to slow down the the earths temputure by doing all we can by helping the planet with all the resources we got right now";NA
"452";"83";"hedonism08";"harms my freedom...promotes my freedom";"4";"this neither harms my freedom or helps my freedom i have a choice to help or not to help but i see helping the is the best option becuase we need to save the planet for future generations to come";NA;"How can the described technology <b>promotes your freedom</b>?";"it promotes my freedom by giving me a choice to help or not to help the planet if i so choose to or not to choose to it is up to me to do what i want when it comes to the technology";NA
"453";"83";"deontology03";"obliges a certain immoral behavior...obliges a certain moral behavior";"7";"it is our moral obligation to help the planet so that future generations have a good planet to live on ";NA;"What do you consider to be a <b>moral behavior</b> in a technological context?";"by behaving in a good way to help in what ever way you can to save the planet";NA
"454";"83";"deontology07";"prevents treatment with respect in interactions...ensures treatment with respect in interactions";"6";"it ensures treatment by making sure everyone has a safe place to live on the planet when we all pitch in";NA;"What does <b>respect in interactions</b> mean for you in a technological context?";"we all help each other in a postive way to help ensure that future generations have a good place to live";NA
"455";"83";"utilitarian01";"provides the least utility for society...provides the greatest utility for society";"6";"this provides a good and place to live for all in the future and helps all to come";NA;"Which type of <b>utilities</b> were you thinking of when you answered the question?";"electric and gas solar wind for future";"i was thinking of electric solar wind for the future of the planet for all of us"
"456";"84";"deontology07";"prevents treatment with respect in interactions...ensures treatment with respect in interactions";"5";"The planet is desperate in 2030 due to significant change in climate increase.  The selected treatment is helping.  Even though there is not complete research on effects it has become a final choice/remedy to decrease the earth's temperature";NA;"What does <b>respect in interactions</b> mean for you in a technological context?";"how doing something in this case Stratospheric Aerosol Injection affects the surroundings without significant or final conclusion of the effect.";NA
"457";"84";"deontology08";"prevents treatment with dignity in interactions...ensures treatment with dignity in interactions";"5";"Again, the earth is getting desperate something needed to be done to accomplish a lessening of global warming to protect the people and the planet.";NA;"What does <b>dignity in interactions</b> mean for you in a technological context?";"how something, in this case, Stratospheric Aerosol injection, results in the most possibly possible result to benefit society as a whole.";NA
"458";"84";"virtue09";"is developed by someone who is acting on ill intentions...is developed by someone who is acting on good intentions";"6";"Environmentalists are continuing to look/research for ways to stop global warming/to protect the planet, therefore, I have to believe their intentions are good.";NA;"For the development of the technology  which <b>which people or groups of people</b> did you have in mind?";"Environmentalists, scientists, government";"I was thinking the groups to be involved would be environmentalists, scientists and even the government for funding."
"459";"84";"contractualist03";"does not respect an unwritten contract...respects an unwritten contract";"6";"The goal is to protect the planet and therefore in my opinion does respect  an unwrittenconract.";NA;"What do you consider to be an <b>unwritten contract</b> in a technological context?";"In my opinion an unwritten contract in a technological context would be continued research and development for plans to preserve the planet allowing new ideas and technologies to arise without limitations.";NA
"460";"84";"contractualist04";"does not respect an unspoken promise...respects an unspoken promise";"6";"In my opinion the world climate situation is so fragile all efforts to make changes and improvements is needed.";NA;"What do you consider to be an <b>unwritten promise</b> in a technological context?";"Working towards a goal without a set of detailed steps to get to that goal.  The goal is open to all new ideas and technologies.";NA
"461";"84";"contractualist06";"violates my ideas of fairness...does not violate my ideas of fairness";"6";"Again the climate situation of the planet is a crucial problem.  Attention to this problem is necessary for survival.";NA;"What do you consider to be a <b>idea of fairness</b> in a technological context?";"Working towards a goal without preconceived opinions or being led by special interests.";NA
"462";"84";"utilitarian01";"provides the least utility for society...provides the greatest utility for society";"6";"The planet needs to be protected and this can only be achieved through research and development of new technologies to correct the errors of society.";NA;"Which type of <b>utilities</b> were you thinking of when you answered the question?";"Not being any kind of expert, I would think I am thinking techonologies of any kind that could be developed to contain global warming.";NA
"463";"85";"contractualist04";"does not respect an unspoken promise...respects an unspoken promise";"4";"It is too early to determine the effectiveness of the SAI and any kinds of negative side effects that could come out of it.  There is no way to tell at the moment how much it respects any unspoken promise.";NA;"What do you consider to be an <b>unwritten promise</b> in a technological context?";"An unwritten promise in technological context is that there will be some kind of mutual agreement of the positive effects of new technologies on society, that lifestyles and processes will benefit from them.  ";NA
"464";"85";"deontology07";"prevents treatment with respect in interactions...ensures treatment with respect in interactions";"4";"It is too early to determine how SAI affects treatment with respect in interactions.  Not everyone is on board with this idea and it is unknown how implementation will affect opinions across the world.";NA;"What does <b>respect in interactions</b> mean for you in a technological context?";"It's how people knowingly respect or disrespect the new technology with regards to social and ethical implications.  ";NA
"465";"85";"deontology04";"is not morally right...is morally right";"2";"I don't think people should be messing with the environment so directly.  There could be negative consequences that are unforseen at the moment.";NA;"When in your opinion is the described technology <b>morally right</b>?";"Whether new technologies will harm society as a whole by doing moral or immoral actions.  ";NA
"466";"85";"hedonism01";"is personally unsatisfactory...is personally satisfactory";"3";"It's somewhat unsatisfactory because it looks like a band-aid solution that does not address the source of the problem.  CO2 remains trapped in oceans.";NA;"When in your opinion is the described technology <b>personally satisfactory</b>?";"Technology is personally satisfactory if it reaches it's goals without hurting some other facet of life and society.  ";NA
"467";"85";"contractualist03";"does not respect an unwritten contract...respects an unwritten contract";"3";"The long term effects of SAI is relatively unknown, though it may look to fix things short term, there is no way to know how it will turn out as expected in any contract.";NA;"What do you consider to be an <b>unwritten contract</b> in a technological context?";"A speech or talk that promises to deliver on something regarding a new technology without any written documentation and liability.";NA
"468";"85";"virtue01";"is developed by someone who has wrong motivations...is developed by someone who has good motivations";"5";"It seems to be developed to have a positive effect on global warming.  It surely has good intention.";NA;"For the development of the technology  <b>which people or groups of people</b> did you have in mind?";"Scientists and politicians.";"Scientists have the numbers and data and would be involved in working out a solution with SAI.  Politicians would need to be involved to figure out how society wanted to go with it."
"469";"85";"virtue09";"is developed by someone who is acting on ill intentions...is developed by someone who is acting on good intentions";"5";"The goal is to reduce global warming, so it has good intentions to start.";NA;"For the development of the technology  which <b>which people or groups of people</b> did you have in mind?";"Scientists";"Scientists have the data and can work on the solutions for this matter."
"470";"86";"hedonism07";"harms my health...promotes my health";"5";"The benefit of cleaner air overall is probably higher than unknown side effects.";NA;"How can the described technology <b>promotes your health</b>?";"By cleaning the carbon out of the air.";"By making the air we breath cleaner."
"471";"86";"deontology05";"goes against an important moral rule by which I live...does not go against an important moral rule by which I live";"7";"I don't have any moral rules regarding the scenario.";NA;"What do you consider to be a <b>important moral rule</b> in a technological context?";"To be honest and forthcoming with the data.";"To be honest and forthcoming with the data."
"472";"86";"deontology02";"harms the autonomy of users...promotes the autonomy of users";"4";"I don't see how ethical implications are involved.";"I don't see how ethical implications are involved. Why do we have to keep repeating the answers?";"What does <b>autonomy of users</b> mean for you in a technological context?";"I don't know.";"I don't know what that means."
"473";"86";"virtue09";"is developed by someone who is acting on ill intentions...is developed by someone who is acting on good intentions";"4";"I still don't understand, what ethical implications.";NA;"For the development of the technology  which <b>which people or groups of people</b> did you have in mind?";"I didn't have any particular group in mind.";"I didn't have any particular group in mind."
"474";"86";"hedonism03";"requires me to make sacrifices in order to use it...does not require me to make sacrifices in order to use it";"4";"Because I don't know what sacrifices there would be, if any.";NA;"When in your opinion requires the described technology to <b>make sacrifices in order to use it</b>?";"I don't understand what sacrifices would be required.";NA
"475";"86";"contractualist03";"does not respect an unwritten contract...respects an unwritten contract";"4";"I don't remember there being anything said about a contract.";NA;"What do you consider to be an <b>unwritten contract</b> in a technological context?";"I have no idea.";"An oral agreement of some kind. Or maybe something is implied."
"476";"86";"deontology01";"does not imply a moral obligation to act in a certain way...implies a moral obligation to act in a certain way";"1";"I don't recall anything about a moral obligation being implied.";NA;"What do you consider to be a <b>moral obligation</b>?";"An obligation according to someone's morals.";"an obligation to someone's morals"
"477";"87";"utilitarian01";"provides the least utility for society...provides the greatest utility for society";"2";"You have to use it everyday and there isn't a guarantee that people will continue to use it continuously. Side effects could be harmful since not much is known about this stuff.";NA;"Which type of <b>utilities</b> were you thinking of when you answered the question?";"The black stuff they drop from airplanes at 50,000 feet.";NA
"478";"87";"deontology03";"obliges a certain immoral behavior...obliges a certain moral behavior";"6";"It's a preventative measure to make sure the Earth doesn't keep getting warmer.";NA;"What do you consider to be a <b>moral behavior</b> in a technological context?";"Something that prevents people from suffering or dying.";NA
"479";"87";"hedonism02";"would be selfish for me to use...would not be selfish for me to use";"7";"It's to help everyone from the Earth getting warmer not just myself.";NA;"Under which circumstances in your opinion is the described technology <b>selfish for you to use</b>?";"If it caused others bad side effects or harm.";"If it causes harm to others but not me and knowing this and continuing to use it."
"480";"87";"contractualist03";"does not respect an unwritten contract...respects an unwritten contract";"4";"There is not written contract so I don't know.";"I don't know, it could go either way. But not everyone agrees to do this.";"What do you consider to be an <b>unwritten contract</b> in a technological context?";"Something that will happen even though people don't have to say out loud that they agree for it to happen.";NA
"481";"87";"contractualist01";"is unjust...is just";"7";"It's doing positive for the world and it's the right thing to do.";NA;"When in your opinion is the described technology <b>just</b>?";"When it prevents the world from getting warmer.";"When the earth didn't get hotter and the technology worked and there were no bad side effects."
"482";"87";"deontology07";"prevents treatment with respect in interactions...ensures treatment with respect in interactions";"5";"It's being used to make sure we are treating the Earth so it doesn't get warmer. People don't know if it has side effects so far they are respecting in interactions because they are ignorant if it could pose risk. They may stop if it has too much negative reactions and or side effects.";NA;"What does <b>respect in interactions</b> mean for you in a technological context?";"Making sure no one is harmed.";"Making sure people aren't harmed or die due to use of technology."
"483";"87";"deontology09";"attacks the intrinsic value of nature...protects the intrinsic value of nature";"6";"Preventative action to stop the warming of the Earth.";NA;"What do you consider to be a <b>intrinsic value of nature</b> in a technological context?";"All animals and people.";"All animals and humans and plants."
"484";"88";"hedonism03";"requires me to make sacrifices in order to use it...does not require me to make sacrifices in order to use it";"1";"Because there could be consequences from releasing sulfur in the air and might actually make things worse off ";NA;"When in your opinion requires the described technology to <b>make sacrifices in order to use it</b>?";"When the earth worsens from being to hot so the sacrifice has to be made to see if it will work
";NA
"485";"88";"contractualist06";"violates my ideas of fairness...does not violate my ideas of fairness";"5";"There is a possibility that there are no consequences and will reduce heat on the earth and will benefit the future of all living things";NA;"What do you consider to be a <b>idea of fairness</b> in a technological context?";"The idea of sulfur particles released from a plane could help reduce global warming ";NA
"486";"88";"deontology01";"does not imply a moral obligation to act in a certain way...implies a moral obligation to act in a certain way";"7";"You have to consider what could potentially be harmful releasing sulfur in the air";NA;"What do you consider to be a <b>moral obligation</b>?";"A lot of people may disagree with releasing sulfur in the atmosphere ";NA
"487";"88";"contractualist04";"does not respect an unspoken promise...respects an unspoken promise";"7";"If it does work and reduces global warming with no consequences everyone will be better off";NA;"What do you consider to be an <b>unwritten promise</b> in a technological context?";"The promise to better the earth from heat rising";"The promise that this technology will work for the future to use if need be"
"488";"88";"virtue09";"is developed by someone who is acting on ill intentions...is developed by someone who is acting on good intentions";"7";"Making the earth better is always a good intention and helping living beings";NA;"For the development of the technology  which <b>which people or groups of people</b> did you have in mind?";"People that want to counter global warming and end for once and for all";NA
"489";"88";"deontology07";"prevents treatment with respect in interactions...ensures treatment with respect in interactions";"7";"Will help with bring back ice for the polar bears and coral in the sea if it does work";NA;"What does <b>respect in interactions</b> mean for you in a technological context?";"Means it will not damage or hurt nature in any way";"Nothing will be out of place or harmed"
"490";"88";"deontology04";"is not morally right...is morally right";"7";"To help the earth is morally right";"It helps the future of all living things";"When in your opinion is the described technology <b>morally right</b>?";"Technology can benefit the world and help people and living things from global warming ";NA
"491";"89";"contractualist02";"is unfair...is fair";"4";"has it been modeled sufficiently? it is an emergency measure, which extreme actions in emergencies call for. i would like more information. because it effects everyone, it would mean that those that care could save the heartless / inconsiderate ones who refuse to do anything to save themselves";NA;"When in your opinion is the described technology <b>fair</b>?";"do we have another choice? will it actually work? its not fair that the burden of saving everyone should fall on a few";NA
"492";"89";"deontology03";"obliges a certain immoral behavior...obliges a certain moral behavior";"6";"it shows a willing to save everyone, even those that don't ""deserve"" it";NA;"What do you consider to be a <b>moral behavior</b> in a technological context?";"the good of the many over the good of the few";"again, the good of the many over the good of the few. didn't you just ask me this?
"
"493";"89";"deontology05";"goes against an important moral rule by which I live...does not go against an important moral rule by which I live";"7";"it dos not (per the article) do any damage and may do some good";NA;"What do you consider to be a <b>important moral rule</b> in a technological context?";"do not harm";"why are there duplicate questions?"
"494";"89";"contractualist04";"does not respect an unspoken promise...respects an unspoken promise";"4";"i fail to see an unspoken promise in this context";"again, i dont see an unspoken promise";"What do you consider to be an <b>unwritten promise</b> in a technological context?";"unspoken = unwritten in this context, neither of which applies here";NA
"495";"89";"contractualist06";"violates my ideas of fairness...does not violate my ideas of fairness";"3";"why should a few have to save everyone";"again, why should a few have to save everyone";"What do you consider to be a <b>idea of fairness</b> in a technological context?";"you really need to be paying more for all this writing and duplicate questions";NA
"496";"89";"utilitarian01";"provides the least utility for society...provides the greatest utility for society";"2";"it doesn't sound very effective";"again with the duplicate questions";"Which type of <b>utilities</b> were you thinking of when you answered the question?";"preventing mass extinction";"you really need to be paying more for all these duplicate questions too"
"497";"89";"deontology08";"prevents treatment with dignity in interactions...ensures treatment with dignity in interactions";"4";"how is this even relevant";"again, duplicates!";"What does <b>dignity in interactions</b> mean for you in a technological context?";"i still don't see how this is relevant";"duplicate! questions!"
"498";"90";"deontology05";"goes against an important moral rule by which I live...does not go against an important moral rule by which I live";"6";"Simply put, said aerosol injections make it so that less heat enters the earth. The heat won't do us any harm when it's in outer space. Furthermore, I think it's important to reduce any unnecessary heat sources from the earth, as we've been getting hotter days in the summer lately.";NA;"What do you consider to be a <b>important moral rule</b> in a technological context?";"When it comes to morality as a whole mixed with technological concepts, aerosol injections help us to ""do the right thing"" by ourselves and each other, by reducing unnecessary heat to enter Earth. I don't really see a moral downside to using this technology to send extra heat back into outer space. If this were done at the cost of human vitality, I would see this being immoral.";NA
"499";"90";"contractualist01";"is unjust...is just";"6";"I find it completely just to do what's necessary to aid in reducing climate change, as long as human life or society does not suffer as a result of it.";NA;"When in your opinion is the described technology <b>just</b>?";"When the technology can be performed without harm to humanity. ";NA
"500";"90";"deontology01";"does not imply a moral obligation to act in a certain way...implies a moral obligation to act in a certain way";"7";"When we perform these acts to save our planet, it implies that there's a moral obligation to do what's right by performing similar tasks when possible. We're using this technology to better the planet and make it healthier, which in turn should inspire others to do research on how they're also able to.";NA;"What do you consider to be a <b>moral obligation</b>?";"A moral obligation is simply described as an act that benefits something greater than themselves, that one should not be complacent on; this mostly refers to doing what's possible to help other people and entities in times of crises or hopelessness. This is especially important for those who would wish the same consideration were to be made for themselves. ";NA
"501";"90";"deontology03";"obliges a certain immoral behavior...obliges a certain moral behavior";"6";"These types of actions should, frankly, oblige moral behaviors to do similar things to help the environment. SAIs do a great deal of work in reducing Earth's temperatures, but it's not enough. As we see the need to address climate change becoming more apparent, we need to look at ourselves to see the things we're doing, in an attempt to better understand what potential consequences are.";NA;"What do you consider to be a <b>moral behavior</b> in a technological context?";"Moral behaviors in context to this could include watching how one uses fuels, monitoring harmful product fumes, and more.";NA
"502";"90";"hedonism01";"is personally unsatisfactory...is personally satisfactory";"6";"I find this satisfactory as it's doing a good job in reducing heat that would normally enter Earth. I'm sure there are other ways to help reduce heat as well, which we should be doing in conjunction.";NA;"When in your opinion is the described technology <b>personally satisfactory</b>?";"I find this to be personally satisfactory because I can mentally envision how the technology works, and I find it extremely interesting. I also know the magnitude of the help it provides for us in both present tense and future tense, and it excites me to see what else we may be capable of.";NA
"503";"90";"contractualist03";"does not respect an unwritten contract...respects an unwritten contract";"6";"I feel as if, at certain times, procedures don't need to be written in a handbook for them to be carried out. For example, in a dire situation such as this, we shouldn't have to wait for a catastrophic event in order to do what's necessary or at least helpful. Policies exist for a reason, yes, however there are also times that we don't need a ""guide"" to tell us to act.";NA;"What do you consider to be an <b>unwritten contract</b> in a technological context?";"Trying your best to uphold rules and regulations, but also not limiting yourselves with them. If something needs to be done that can help others, don't wait for a sign to tell you to. I feel like this applies to many factors of life, not just this.";NA
"504";"90";"contractualist04";"does not respect an unspoken promise...respects an unspoken promise";"7";"The unspoken promise here is that we have an obligation and a duty to do what's right when it comes to the planet, and we don't always need to be told to do that. ""Unspoken promise"" is very often synonymous with ""unspoken contract"" in many ways.";NA;"What do you consider to be an <b>unwritten promise</b> in a technological context?";"I honestly don't know what else I could add to what I already said. I'm sorry.";NA
"505";"91";"contractualist06";"violates my ideas of fairness...does not violate my ideas of fairness";"6";"I believe that in 2030 if we haven't changed our ways by then, emergency technologies will have tobe deployed to stop the earth from continuing to warm. This sounds like a good measure to deploy but the longterm  side effects have me concerned. Hopefully we won't have to use these measures and will have made dramatic global changes before this happens.";NA;"What do you consider to be a <b>idea of fairness</b> in a technological context?";"While the SAI particles released into the atmosphere reflect back the suns rays, it does not address the acidity of the ocean waters. Hopefully, much like we have developed desalination processes that remove salt from the water we will be able to by then have a technology in place that cando the same for the acid content in the ocean. Perhaps a massive purification process so that the coral reefs can continue to flourish.";NA
"506";"91";"contractualist03";"does not respect an unwritten contract...respects an unwritten contract";"4";"What is an unwritten contract in the face of a global crisis? In order to prevent a complete shutdown of the earth emergency technologieswill have to be deployed if we have any chance at all to survive.";NA;"What do you consider to be an <b>unwritten contract</b> in a technological context?";"In my view an unwritten contract would be something that is understood by all and acceptable. Given that we don't know the long term effects of SAI weare taking a chance much like the long terms effects of a Covid vaccinate. We don't know if there will be long term effects but we were andare still in a pandemic crisis and we had to deploy emergency measures to fight the virus.";NA
"507";"91";"virtue09";"is developed by someone who is acting on ill intentions...is developed by someone who is acting on good intentions";"6";"These measure seems to be made of good intentions to combat the heating of the earth's core. What ill intentions could be made from it. If it destroys the creators then it wasn't worth any ""ill intent"" to use it.";NA;"For the development of the technology  which <b>which people or groups of people</b> did you have in mind?";"I would look to the Scientific community to make, measure and monitor the effects of this measure as they have the tools and resources to do so.";NA
"508";"91";"hedonism03";"requires me to make sacrifices in order to use it...does not require me to make sacrifices in order to use it";"6";"It does not make me sacrifice anything except the possible consequences of the continued acid content in the ocean waters. I would however like to know what happens as it falls to earth? Does it affect the air, vegetation or livestock insome way? Or does it dissapate?";NA;"When in your opinion requires the described technology to <b>make sacrifices in order to use it</b>?";"It will all depend on the consequences of its use.For example will people have to wear certain clothing for protection from it at the times it is being dropped? Much like pest control applications will people have to wait acertain time period before they canventuresafely outside? ";NA
"509";"91";"deontology02";"harms the autonomy of users...promotes the autonomy of users";"4";"Until I know more about the measures of deployment,cautions thatwill have to take place while SAI is being deployed and the long term effects I will not really know the harm to autonomy.";NA;"What does <b>autonomy of users</b> mean for you in a technological context?";"The self governing aspect of the use of this procedure will be the adherence to whatever conditions are set in place upon its deployment.";NA
"510";"91";"deontology09";"attacks the intrinsic value of nature...protects the intrinsic value of nature";"4";"I will have to take a middle path on this question becauseI can see it doing value and harmat the same time. While it helps to keep the heat down it does nothing for the ocean watersand the acidity content. ";NA;"What do you consider to be a <b>intrinsic value of nature</b> in a technological context?";"Nature exists in its own right but people have been manipulating nature for their own use for centuries. To protect the global humanity and nature presence we are surrounded by extreme measures will have to take place forany of it or us to survive.";NA
"511";"91";"hedonism07";"harms my health...promotes my health";"4";"Until I learn more about this in detail, I can only hope it will be used to protect our health. We have done enough harm to the planet all ready.";NA;"How can the described technology <b>promotes your health</b>?";"By keeping the tempertatures down, there is a chance the earth could continue which would indeed promote health overall.";NA
"512";"93";"contractualist01";"is unjust...is just";"3";"Just don't see it, side affects";"I just do not get it.  What if there are side affects";"When in your opinion is the described technology <b>just</b>?";"Is it just?  What about the side affects";"Why does this screen keep coming up, is there a problem with your survey?"
"513";"93";"hedonism08";"harms my freedom...promotes my freedom";"5";"It does give boundaries, but within these boundaries, I have freedom";NA;"How can the described technology <b>promotes your freedom</b>?";"It allows me to live a better life within its boundaries";NA
"514";"93";"deontology02";"harms the autonomy of users...promotes the autonomy of users";"4";"I am neutral here";"I really do not know how to answer this questions";"What does <b>autonomy of users</b> mean for you in a technological context?";"You did not like my last answer, is this a glitch?  I do not know how to answer the question";NA
"515";"93";"contractualist06";"violates my ideas of fairness...does not violate my ideas of fairness";"2";"I did not have a say";"Who decided on having this done?  That is a major question that needs answered";"What do you consider to be a <b>idea of fairness</b> in a technological context?";"Fairness, who is the one that approved this?";"Again, this is not going forward, is this fair?"
"516";"93";"contractualist02";"is unfair...is fair";"2";"I do not know why I picked two, I just do not know";"I just picked 2, I do not have a strong feeling either way.";"When in your opinion is the described technology <b>fair</b>?";"Is it fair, I really do not know.  I just picked 2 because it felt right.";NA
"517";"93";"hedonism01";"is personally unsatisfactory...is personally satisfactory";"2";"Are these the same questions?  I do not know why I picked 2
";NA;"When in your opinion is the described technology <b>personally satisfactory</b>?";"I picked two under personally satisfactory, because it felt right.";NA
"518";"93";"deontology09";"attacks the intrinsic value of nature...protects the intrinsic value of nature";"5";"It wants to help mankind and nature to reduce heat";"It wants to protect nature and mankind from the increase heat that is building up";"What do you consider to be a <b>intrinsic value of nature</b> in a technological context?";"I believe that the intrinsic value of nature is life, beauty and value to mankind";NA
"519";"94";"utilitarian01";"provides the least utility for society...provides the greatest utility for society";"7";"According to the article, if the SAI is injected into the atmosphere, it will cause a long term relief to the society ";NA;"Which type of <b>utilities</b> were you thinking of when you answered the question?";"Protects the atmosphere ";"Based on the article, it will provide some sort of protection against gases and other emissions that has been released into the atmosphere which causes harm to the society "
"520";"94";"deontology07";"prevents treatment with respect in interactions...ensures treatment with respect in interactions";"7";"Of course it would ensure treatment with respect in interactions as a result of its injection";NA;"What does <b>respect in interactions</b> mean for you in a technological context?";"it means increased isolation, reduced social interactions and also increased human to machine interaction ";NA
"521";"94";"deontology01";"does not imply a moral obligation to act in a certain way...implies a moral obligation to act in a certain way";"1";"Its a machine and its not expected to have a moral obligation to act in a certain way";NA;"What do you consider to be a <b>moral obligation</b>?";"This is a morally required form of conduct, for instance, the duty not to kill unjustly";NA
"522";"94";"hedonism08";"harms my freedom...promotes my freedom";"7";"It as a matter of pact promotes my freedom when everything and everywhere is safe from radiation and chemical reactions ";NA;"How can the described technology <b>promotes your freedom</b>?";"As earlier said, when the atmosphere and the society is safe, it would promote freedom as there would be no fear of being exposed to radiations";NA
"523";"94";"deontology08";"prevents treatment with dignity in interactions...ensures treatment with dignity in interactions";"7";"Technological innovations can enhance treatment with dignity in its interactions ";NA;"What does <b>dignity in interactions</b> mean for you in a technological context?";"it helps people become healthier, more educated and better at making moral decisions ";NA
"524";"94";"deontology09";"attacks the intrinsic value of nature...protects the intrinsic value of nature";"7";"It is certain and not a news that modern technology protects the intrinsic value of nature ";NA;"What do you consider to be a <b>intrinsic value of nature</b> in a technological context?";"Since tree are an important sources of oxygen and also absorbs carbon dioxide, this further reduces climate change";NA
"525";"94";"hedonism02";"would be selfish for me to use...would not be selfish for me to use";"7";"Its a technology that would be of a great value and importance to the entire society";NA;"Under which circumstances in your opinion is the described technology <b>selfish for you to use</b>?";"I do not think the described technology would be selfish to use as long as it is a development that affect everyone";NA
"526";"98";"contractualist03";"does not respect an unwritten contract...respects an unwritten contract";"2";"because it isnt going to work, ever. They have made all this climate junk political. I believe that climate change is happening, and humans may be helping change that a little, but there isnt anything ONE country can do about it. The USA is trying to go green and wasting tons of money trying to do it. If our brilliant president, the one that cant even talk to his people, the one that only reads teleprompters, the one that cant respect us enough to speak from his heart. If he is able to convince china, russia, india and all of the other major polluters of the world to go green then we may be able to do something about it. We all share the same atmosphere. So it does not respect an unwritten contract";NA;"What do you consider to be an <b>unwritten contract</b> in a technological context?";"an unwritten contract to me means getting others words that things will be done. Which they do that all the time, promises, that dont mean anything";NA
"527";"98";"hedonism08";"harms my freedom...promotes my freedom";"4";"i dont think it harms or promotes my freedom. I just think it is a bad idea. The money that there using for this can be spent on something else that we do have a hand in. Climate is going to change with or without it";NA;"How can the described technology <b>promotes your freedom</b>?";"It cant. The only thing it promotes is making the green freaks democrats happy. As i said, i would go 100% green if everyone else does";NA
"528";"98";"deontology09";"attacks the intrinsic value of nature...protects the intrinsic value of nature";"2";"I think the world is set up the way it is for a reason. And the miniscule, slight, little itty bitty things that are changing, like 1 degree  ( what a joke) 1 freaking degree in 100 years, thats the biggest joke of it all, is meant to happen. So i believe everyone should leave nature alone. They are actually trying to convince people that the 1 degree is causing everything bad that is happening weather related.";NA;"What do you consider to be a <b>intrinsic value of nature</b> in a technological context?";"things that happen naturally, that is what i think of when i see intrinsic value of nature";NA
"529";"98";"deontology01";"does not imply a moral obligation to act in a certain way...implies a moral obligation to act in a certain way";"2";"Because i dont think anyone is ever obligated to act a certain way when it has to do with nature, no one is ever obligated to change anything";NA;"What do you consider to be a <b>moral obligation</b>?";"Doing what you feel is right, that is what i think this means. But just because someone thinks something is right, doesnt always mean it is";NA
"530";"98";"deontology04";"is not morally right...is morally right";"1";"because it is trying to change something that is happening naturally. Spraying that stuff in the air would be a waste of time, and tons of money";NA;"When in your opinion is the described technology <b>morally right</b>?";"The only time that would be right to do and that is if something was threatening our way of life and putting us in harms way. But putting it like this just opens up all of the idiots to say, we are all in harms way because of all the bad weather, due to that 1 degree,.";NA
"531";"98";"hedonism01";"is personally unsatisfactory...is personally satisfactory";"3";"it really is neither for me, but i can think of a few more bad things about this then good ones";NA;"When in your opinion is the described technology <b>personally satisfactory</b>?";"if we knew it was going to work before we waste trillions of dollars on it. But that is all ok also for liberals, since it is the republicans that work and pay the taxes for everything for all of those that decide to live off the government. It would be great if this topic was only about science, but nothing ever is anymore, everything is politicized ";NA
"532";"98";"contractualist01";"is unjust...is just";"1";"because we dont know the harm that it can end up causing";NA;"When in your opinion is the described technology <b>just</b>?";"If the only thing it could do is help and not harm, then it would be just";NA
"533";"99";"virtue09";"is developed by someone who is acting on ill intentions...is developed by someone who is acting on good intentions";"6";"This is an emerging technology that aims to combat climate change which can harm the environment";NA;"For the development of the technology  which <b>which people or groups of people</b> did you have in mind?";"The general public";"Climate change and its effects would affect everyone in the world"
"534";"99";"deontology01";"does not imply a moral obligation to act in a certain way...implies a moral obligation to act in a certain way";"4";"I'm indifferent because there are advantages and disadvantages associated with this technology and both have not been discussed thoroughly";NA;"What do you consider to be a <b>moral obligation</b>?";"A conduct that's seen to be done without being enforced by law";NA
"535";"99";"hedonism03";"requires me to make sacrifices in order to use it...does not require me to make sacrifices in order to use it";"4";"Because it's a new technology, it could require some sacrifices or no sacrifices depending on its method of operation";NA;"When in your opinion requires the described technology to <b>make sacrifices in order to use it</b>?";"When it's the only option available in order to solve a problem";NA
"536";"99";"contractualist02";"is unfair...is fair";"5";"It's fair because it would help in one way or the other in addressing the issues of climate change";NA;"When in your opinion is the described technology <b>fair</b>?";"When the advantages outperform the disadvantages";"When it's seem to be the actual solution to combat climate change"
"537";"99";"deontology04";"is not morally right...is morally right";"5";"It's morally right because it does not intend to harm the environment";NA;"When in your opinion is the described technology <b>morally right</b>?";"When a larger part of the population sees it as a solution to the problem at hand";NA
"538";"99";"contractualist01";"is unjust...is just";"5";"Because there is no intention to cause harm";"Because it's a solution that's intended to fix a problem rather than to destroy";"When in your opinion is the described technology <b>just</b>?";"When the actual purpose of the development is achieved";NA
"539";"99";"hedonism02";"would be selfish for me to use...would not be selfish for me to use";"2";"Because this is a good development for the society, then everyone needs to be part of it";NA;"Under which circumstances in your opinion is the described technology <b>selfish for you to use</b>?";"When keeping information about it could cause harm to another";NA
"540";"100";"hedonism08";"harms my freedom...promotes my freedom";"6";"Doesn't really do anything to my freedom. In general seems like controlling the climate is the ultimate solution. Even if manmade climate change is solved, eventually the climate will change naturally in a way that is harmful for humans, so might as well go to the finish line and start learning how to control the weather and climate directly. ";NA;"How can the described technology <b>promotes your freedom</b>?";"I don't know what to say, I find the term ""promotes your freedom"" to be largely unrelated to the subject in question. Maybe there would be a broad range of activities open to one of if the proposed technology accomplished it's task. ";NA
"541";"100";"virtue09";"is developed by someone who is acting on ill intentions...is developed by someone who is acting on good intentions";"7";"It's an attempted solution to a problem. ";"I don't have anything else to say without more context. ";"For the development of the technology  which <b>which people or groups of people</b> did you have in mind?";"I didn't have anyone in mind. I guess abstract people in large jets with specialized sulfur release equipment. I imagine many people would be involved in the creation, distribution, and use of the substance/technology. They would likely work for or closely with national governments. ";NA
"542";"100";"deontology08";"prevents treatment with dignity in interactions...ensures treatment with dignity in interactions";"4";"I think that the question is nonsensical and that you jammed some stupid buzzword into a sentence and context where it doesn't mean anything. ";NA;"What does <b>dignity in interactions</b> mean for you in a technological context?";"It doesn't mean anything to me. ";"I have nothing to say, I reject the notion that the words above are arranged in a way that conveys any meaning that I can respond to. "
"543";"100";"utilitarian01";"provides the least utility for society...provides the greatest utility for society";"5";"This really depends on the efficacy of the process. Am I to assume that it works effectively. If so then it seems to be quite valuable, assuming the general consensus is correct about the negative consequences of global warming. ";NA;"Which type of <b>utilities</b> were you thinking of when you answered the question?";"Just the general ability for humans to exist, move about, and produce/consume/exchange goods and services with relative ease. ";NA
"544";"100";"deontology05";"goes against an important moral rule by which I live...does not go against an important moral rule by which I live";"7";"Don't know what moral value would come into play here. The information provided didn't mention any real tradeoffs or downside besides the need to deploy the technology often and that it may lessen the need to address root causes. This doesn't directly imply any impact on well-being though. ";NA;"What do you consider to be a <b>important moral rule</b> in a technological context?";"I have no idea, based only on the information provided I don't see how morality plays into this at all. ";NA
"545";"100";"deontology09";"attacks the intrinsic value of nature...protects the intrinsic value of nature";"4";"The ""intrinsic value of nature"" is a meaningless statement that seems to be based on some implicit understanding of ""objects in themselves"". It's very bizarre for humans to consider themselves and their actions outside of ""nature"" and almost smacks of theism. Did the cyanobacteria whine and moan and flagellate themselves when they were oxygenating the earth? Since we are capable of thought and foresight it makes sense to change certain things (assuming the changes don't simply pull forward the outcomes we're trying to avoid like energy regulation causing shortages and mass starvation) to improve life odds and well-being, but spare me the sentiment and moralizing. ";NA;"What do you consider to be a <b>intrinsic value of nature</b> in a technological context?";"As I mentioned previously I find the statement meaningless, or at the very least entirely subjective. The assumption seems to be that ""nature"" is only the current incarnation of fauna, flora, temperature ranges, etc,  which seems a tad absurd. If we're worried keeping the world conducive to human existence then we should do some things, but ""nature"", ""the environment"", and ""the earth"" will be fine regardless.  ";NA
"546";"100";"contractualist06";"violates my ideas of fairness...does not violate my ideas of fairness";"7";"Again, using the information provided the technology in question seems to be quite useful and effective in stopping temperature increases. If the scenario had mentioned some sort of serious externality or side effect then maybe fairness would be relevant. ";NA;"What do you consider to be a <b>idea of fairness</b> in a technological context?";"I don't really know. If it somehow infringed heavily upon some individuals ability to act and exchange as they saw fit then maybe there would have to be a fairness discussion. The subject is too broad to discuss. ";NA
"547";"101";"virtue01";"is developed by someone who has wrong motivations...is developed by someone who has good motivations";"7";"I can't think of any negative reason why anyone would invest so much in climate saving technology, other than to preserve our planet and prevent the catastrophic latter effect of ignorance";NA;"For the development of the technology  <b>which people or groups of people</b> did you have in mind?";"I imagine the government and private bodies working in unison";NA
"548";"101";"deontology04";"is not morally right...is morally right";"7";"It's an attempt to save the planet. Appeals to morals";NA;"When in your opinion is the described technology <b>morally right</b>?";"When it does not cause harm, rather tries to preserve";NA
"549";"101";"contractualist03";"does not respect an unwritten contract...respects an unwritten contract";"6";"Because it seems like a step forward in the right direction";NA;"What do you consider to be an <b>unwritten contract</b> in a technological context?";"An implementation most people would approve of";"An implementation or innovation that would get the approval of most of the population"
"550";"101";"virtue09";"is developed by someone who is acting on ill intentions...is developed by someone who is acting on good intentions";"7";"Anyone trying to save the climate has good intentions. However Intention and results don't always align ";NA;"For the development of the technology  which <b>which people or groups of people</b> did you have in mind?";"The government";"The government"
"551";"101";"deontology07";"prevents treatment with respect in interactions...ensures treatment with respect in interactions";"4";"I'm neutral cause i'm not sure";"I have a neutral opinion";"What does <b>respect in interactions</b> mean for you in a technological context?";"Respecting the people involved, the population, people's opinions";NA
"552";"101";"deontology01";"does not imply a moral obligation to act in a certain way...implies a moral obligation to act in a certain way";"7";"I believe we are morally obliged to preserve nature and this could be one way to achieve that";NA;"What do you consider to be a <b>moral obligation</b>?";"A selfless desire to do what is considered right";"A selfless desire to do what is considered right"
"553";"101";"hedonism01";"is personally unsatisfactory...is personally satisfactory";"6";"I imagine it feels personally satisfying that we can save the planet rather than watch it die a slow death.";NA;"When in your opinion is the described technology <b>personally satisfactory</b>?";"Appealing to person";"Appealing to person, helps you sleep well at night"
"554";"102";"deontology07";"prevents treatment with respect in interactions...ensures treatment with respect in interactions";"6";"Because its what they had to do in order to save the world from burning over.";NA;"What does <b>respect in interactions</b> mean for you in a technological context?";"A net positive for the earth and people living on it, and not unethical in my opinion.";NA
"555";"102";"contractualist01";"is unjust...is just";"7";"How is it unjust, it's just to try to save the world from burning.";NA;"When in your opinion is the described technology <b>just</b>?";"WHen it is being used to prevent global warming.";"Because it is being used to prevent global warming."
"556";"102";"hedonism08";"harms my freedom...promotes my freedom";"7";"I can't be free if I'm dead.";"I can't be free if I'm dead due to global warming.";"How can the described technology <b>promotes your freedom</b>?";"By keeping the earth cool and me alive.";"By keeping me alive, I can't be free if I am dead."
"557";"102";"hedonism02";"would be selfish for me to use...would not be selfish for me to use";"7";"Being selfish means only caring for oneself. This is being sued for all of humanity so thus not selfish.";NA;"Under which circumstances in your opinion is the described technology <b>selfish for you to use</b>?";"It's not. I don't think it can be selfish under any circumstance as its for the greater good.";NA
"558";"102";"contractualist03";"does not respect an unwritten contract...respects an unwritten contract";"4";"I'm torn on this. What is the unwritten contract in 2030 regarding global warming? I don't have enough info.";NA;"What do you consider to be an <b>unwritten contract</b> in a technological context?";"To do more good than harm I suppose. ";"To do more good than harm."
"559";"102";"deontology05";"goes against an important moral rule by which I live...does not go against an important moral rule by which I live";"7";"Because it doesn't go against my morals. Really all there is to it.";NA;"What do you consider to be a <b>important moral rule</b> in a technological context?";"I'm honestly not a very moral person, so idk. I guess not using human experiments.";NA
"560";"102";"deontology09";"attacks the intrinsic value of nature...protects the intrinsic value of nature";"4";"I don't know enough to answer this one so I'm neutral.";NA;"What do you consider to be a <b>intrinsic value of nature</b> in a technological context?";"I don't know enough to answer this one so I'm neutral. I actually just don't know.";NA
"561";"103";"contractualist04";"does not respect an unspoken promise...respects an unspoken promise";"4";"There is no type of promise made, just an idea of how to stop the warming of the planet.";NA;"What do you consider to be an <b>unwritten promise</b> in a technological context?";"Something that we know has to be done, but not explicitly stated as a goal.";NA
"562";"103";"hedonism03";"requires me to make sacrifices in order to use it...does not require me to make sacrifices in order to use it";"7";"The action is not being performed directly by me. If anything, I stand to benefit from this new type of technology, even though I myself am doing nothing.";NA;"When in your opinion requires the described technology to <b>make sacrifices in order to use it</b>?";"The fact that I would have to take some time out of my day in order to contribute to the cause. That did not really happen here.";NA
"563";"103";"deontology07";"prevents treatment with respect in interactions...ensures treatment with respect in interactions";"7";"It is ensuring that the heat is sent back up, which will prevent the planet from warming. They are ensuring the safety of the planet through treatment.";NA;"What does <b>respect in interactions</b> mean for you in a technological context?";"It means to not violate any types of norms in the interaction process.";NA
"564";"103";"utilitarian01";"provides the least utility for society...provides the greatest utility for society";"7";"It prevents potential catastrophe through global warming, which is a great utility, not only for human beings, but for others, too.";NA;"Which type of <b>utilities</b> were you thinking of when you answered the question?";"The welfare of all species, and the welfare of the planet.";NA
"565";"103";"deontology04";"is not morally right...is morally right";"7";"Any attempts to stop global warming effects from happening will always be morally right to me.";NA;"When in your opinion is the described technology <b>morally right</b>?";"When it is used for a good cause, like fighting global warming.";NA
"566";"103";"deontology02";"harms the autonomy of users...promotes the autonomy of users";"7";"It will promote their autonomy by giving them freedom from global warming.";NA;"What does <b>autonomy of users</b> mean for you in a technological context?";"The full and total freedom to act with free will and the right to live a life of safety.";NA
"567";"103";"contractualist01";"is unjust...is just";"7";"Fighting global warming is always going to be the just thing to do.";NA;"When in your opinion is the described technology <b>just</b>?";"When it is used to fight against a bad thing, like global warming.";NA
"568";"104";"deontology01";"does not imply a moral obligation to act in a certain way...implies a moral obligation to act in a certain way";"6";"If I understand the question correctly I think the technology implies that people have a moral obligation to protect the planet by taking action to counter global warming and prevent he damage from prior and ongoing human activity. It also implies that people who use the technology have a moral obligation to deploy the technology in a way that is safe and does not cause further harm.";NA;"What do you consider to be a <b>moral obligation</b>?";"Moral obligations are social constructs that govern human behavior and compel individuals or groups to act in a way that benefits humanity overall, rather than take actions that result in short term gains. ";NA
"569";"104";"deontology05";"goes against an important moral rule by which I live...does not go against an important moral rule by which I live";"2";"Given the complexity of the climate, along with unknown and potentially significant damage that SAI could create I feel does go against a moral rule of not taking actions that could likely cause harm to others. There are other moral rules, such as preventing harm if possible, that could overcome this moral rule and make the action morally acceptable.";NA;"What do you consider to be a <b>important moral rule</b> in a technological context?";"An important moral rule would be a guideline that tells people how to act in a situation that could affect others.";NA
"570";"104";"contractualist02";"is unfair...is fair";"3";"I think it is slightly unfair because it can be deployed unilaterally by countries or groups without the consensus of all the people it would impact, which could potentially be everyone on earth. ";NA;"When in your opinion is the described technology <b>fair</b>?";"I think a fair technology gives people agency over how it effects them and does not disproportionately impact individuals or groups through no fault of their own. ";NA
"571";"104";"deontology08";"prevents treatment with dignity in interactions...ensures treatment with dignity in interactions";"3";"This is tough because the technology could prevent a lot of harm to individuals, but at the same time the way it can be unilaterally deployed over the objections of perhaps even the majority of people would tend to way against it treating people with dignity. ";NA;"What does <b>dignity in interactions</b> mean for you in a technological context?";"I think dignity in interactions means considering the desires and welfare of individuals that the technology impacts. ";NA
"572";"104";"hedonism01";"is personally unsatisfactory...is personally satisfactory";"3";"I find it slightly ethically unsatisfactory given that the climate is a complex system and purposefully disrupting it, even to counter a previous disruptions, will likely lead to unintended consequences and harms to people and the environment that we cannot foresee. ";NA;"When in your opinion is the described technology <b>personally satisfactory</b>?";"Personally satisfactory means that I think the technology has been shown to be a net benefit to humanity in the long term. ";NA
"573";"104";"deontology09";"attacks the intrinsic value of nature...protects the intrinsic value of nature";"3";"Again this comes down to the unknown consequences and humans ""meddling"" with the environment. It is fundamentally unnatural, but given that it is potentially correcting the unnatural effects of green house gas emissions, I am unsure of the issue. ";NA;"What do you consider to be a <b>intrinsic value of nature</b> in a technological context?";"I think this means to disrupt the natural state of the environment in a way that could be harmful to life on earth. ";NA
"574";"104";"virtue09";"is developed by someone who is acting on ill intentions...is developed by someone who is acting on good intentions";"7";"I think the people behind this want to protect the climate and prevent damage to the earth, so they are well intentioned. ";NA;"For the development of the technology  which <b>which people or groups of people</b> did you have in mind?";"I was thinking of the researchers and engineers who developed the idea, and perhaps people in advocacy groups and government who promote it's use. ";NA
"575";"105";"deontology07";"prevents treatment with respect in interactions...ensures treatment with respect in interactions";"4";"I believe that our planet changes naturally but people cause the changes to be harmful / negative.";NA;"What does <b>respect in interactions</b> mean for you in a technological context?";"I believe that many people believe that profit is more important than preservation.";NA
"576";"105";"deontology04";"is not morally right...is morally right";"4";"Man is ignorant in many of their beliefs / avenues of repairing what they have destroyed.";NA;"When in your opinion is the described technology <b>morally right</b>?";"Stop with destroying and allow nature to repair.";"It will be right when people wake up and stop destroying."
"577";"105";"deontology05";"goes against an important moral rule by which I live...does not go against an important moral rule by which I live";"5";"These explanations are repetitive. As stated the same determination: It is unwise to try to repair only to destroy again. Stop the destruction first !";NA;"What do you consider to be a <b>important moral rule</b> in a technological context?";"First stop destroying something , then try repair it.";NA
"578";"105";"hedonism08";"harms my freedom...promotes my freedom";"4";"It does neither one. it's just a vicious cycle with no end in sight.";NA;"How can the described technology <b>promotes your freedom</b>?";"By action and not words.";"By being able to express my beliefs"
"579";"105";"deontology01";"does not imply a moral obligation to act in a certain way...implies a moral obligation to act in a certain way";"5";"I am not sure";"There is no particular reason";"What do you consider to be a <b>moral obligation</b>?";"Stop destroying our planet then allow nature to repair it";NA
"580";"105";"contractualist06";"violates my ideas of fairness...does not violate my ideas of fairness";"4";"No reason.";"no reason";"What do you consider to be a <b>idea of fairness</b> in a technological context?";"undecided";"It is senseless to repair something only to destroy it again."
"581";"105";"deontology08";"prevents treatment with dignity in interactions...ensures treatment with dignity in interactions";"4";"It is senseless to repair something only to destroy it again";NA;"What does <b>dignity in interactions</b> mean for you in a technological context?";"If time is spent to repair then do not destroy it repeatedly.";NA
"582";"106";"hedonism03";"requires me to make sacrifices in order to use it...does not require me to make sacrifices in order to use it";"3";"The article mentioned that this isn't a one and done activity; ostensibly this means ongoing taxes to support this effort (and/or offset in spending elsewhere). However, this is a ""sacrifice"" which is worth it, thus the the modified rating.";NA;"When in your opinion requires the described technology to <b>make sacrifices in order to use it</b>?";"As mentioned, the sacrifices are smaller but ongoing to keep up with the treatments. This will require taxes and/or decreasing spending in other programs.";NA
"583";"106";"deontology09";"attacks the intrinsic value of nature...protects the intrinsic value of nature";"6";"It seems that a similar effect occurs with lava and volcanos; so using nature's scientific methods to do the same thing / have same net impact is protecting the intrinsic value of nature by respecting it.";NA;"What do you consider to be a <b>intrinsic value of nature</b> in a technological context?";"That nature be allowed to flourish in spite of technology and its ways respected";NA
"584";"106";"virtue01";"is developed by someone who has wrong motivations...is developed by someone who has good motivations";"7";"Other than wanting a steady gig, I can't think of any negative / selfish motivation for coming up with this solution.";NA;"For the development of the technology  <b>which people or groups of people</b> did you have in mind?";"I was thinking of the scientific community, specifically environmental scientists";NA
"585";"106";"deontology05";"goes against an important moral rule by which I live...does not go against an important moral rule by which I live";"7";"The technology is to help save life on the planet so yeah, this does not go against an important moral rule by which I live.";NA;"What do you consider to be a <b>important moral rule</b> in a technological context?";"Not intentionally harming or killing other non-violent humans or non-violent animals.";NA
"586";"106";"contractualist03";"does not respect an unwritten contract...respects an unwritten contract";"7";"The technological solution is not morally ambiguous so it is not disrespecting anything";NA;"What do you consider to be an <b>unwritten contract</b> in a technological context?";"To not create technology which will intentionally harm other humans or destroy the environment";NA
"587";"106";"hedonism07";"harms my health...promotes my health";"7";"As this method lowers the temps, it is promoting all human health";NA;"How can the described technology <b>promotes your health</b>?";"By not allowing the temperature to raise as quickly as it would otherwise";NA
"588";"106";"deontology03";"obliges a certain immoral behavior...obliges a certain moral behavior";"7";"If they are going through the effort to do SAI, then regular citizens can modify their behaviors too to promote climate beneficial activities";NA;"What do you consider to be a <b>moral behavior</b> in a technological context?";"Not just relying on science to save us but also changing our own behaviors would be an example ";NA
"589";"107";"deontology09";"attacks the intrinsic value of nature...protects the intrinsic value of nature";"6";"While I feel that the idea of AI protects the intrinsic value of nature, in that by using it we protect the current environment and the peoples animals and things living in it, it is not without cause for worry. There could be unforeseen consequences of these actions down the line.";NA;"What do you consider to be a <b>intrinsic value of nature</b> in a technological context?";"Something that is natural in that it isn't engineered or created in a lab. In this case the sulfur is a normally occurring chemical.";NA
"590";"107";"deontology08";"prevents treatment with dignity in interactions...ensures treatment with dignity in interactions";"4";"I have no strong feelings in this matter. It's something that is essentially a fantasy at this point. A what-if.";NA;"What does <b>dignity in interactions</b> mean for you in a technological context?";"The ability to approach interactions with someone else with dignity? I'm not really sure.";NA
"591";"107";"hedonism01";"is personally unsatisfactory...is personally satisfactory";"6";"It seems alright at first glance. I would obviously like more research into the downsides but I have no immediate qualms.";NA;"When in your opinion is the described technology <b>personally satisfactory</b>?";"When it can be deployed safely with no lingering side effects that could harm anyone.";NA
"592";"107";"contractualist01";"is unjust...is just";"4";"It's neither just not unjust. It's just something we need to do to prevent further climate disasters.";NA;"When in your opinion is the described technology <b>just</b>?";"I don't think technology can become either ""just"" or ""unjust"". It depends on how it's being wielded and by whom.";NA
"593";"107";"hedonism07";"harms my health...promotes my health";"4";"As of this moment I don't have enough data to satisfactorily claim that this technology harms or benefits my health. ";NA;"How can the described technology <b>promotes your health</b>?";"Allow me to live longer.";"Allow me to live a longer and fuller life."
"594";"107";"hedonism08";"harms my freedom...promotes my freedom";"4";"I have no answer to this due to my lack of knowledge of the side effects. If it causes me to have to isolate indoors it's harmful, if not, then I'm simply indifferent. ";NA;"How can the described technology <b>promotes your freedom</b>?";"Presumably it would make the environment safer in the long run.";NA
"595";"107";"contractualist02";"is unfair...is fair";"4";"I don't believe that this is either fair or unfair. It's simply a way to mitigate climate change.";NA;"When in your opinion is the described technology <b>fair</b>?";"Other than allowing all countries to vote on it and make sure everyone benefits from it, I have no idea.";NA
"596";"108";"deontology01";"does not imply a moral obligation to act in a certain way...implies a moral obligation to act in a certain way";"6";"I think the fact that we're using SAI in that scenario indicates we are really going in the wrong direction and are doing something experimental to simply mask the root of our issue. It is something that we're not sure what the side effects are, isn't unanimously agreed upon, and doesn't save the ocean's acidity problems. The fact that we choose to continue causing issues with CO2/Greenhouse Gases and try to mask it to me implies there is a moral issue and we have moral obligation to act in a certain way. That way is to make big changes. If you have a pile of trash stinking up the neighborhood and causing health concerns for everyone who inhales it, you don't just douse it with perfume once a day to ""solve"" the problem. You get rid of the pile of trash. And that is the moral obligation in this scenario too. There is a moral obligation to make affirmative change ASAP and stop masking the issue. I didn't answer 7, because they're technically still trying to do something (rather than nothing at all), but I still feel pretty strongly with saying 6.";NA;"What do you consider to be a <b>moral obligation</b>?";"I think a moral obligation is when there is a problem that is negatively affecting someone else (or others) and you have the ability to do something to help them. In this case, it is the planet and all living things that live on it. We have the ability to make change to keep those living now healthy and safe, and perhaps even more importantly, ensure that the planet is safe and hospitable for as many years and generations beyond our years as possible. The fate of so many lives is in our hands right now. Not just the lives of today, but all the uncountable lives of tomorrow. It is our moral obligation to not only help ourselves, but to help them. The money we might make in the process of making things irreparably go in the wrong direction simply is not worth it. We will be looked back upon with disdain if we don't do the right thing and follow our moral obligation.";NA
"597";"108";"contractualist03";"does not respect an unwritten contract...respects an unwritten contract";"4";"I'm not really sure, because it can go either way. So I chose to go in the middle. I think it respects an unwritten contract in the sense that it is taking some course of action to improve (but not fix) things. I think we should be doing all we can, and it's not bad that they're doing it. But in some ways it is not respecting an unwritten contract, because the text said not everyone is in control of its use or agrees upon it. Some people seemingly are unsure of its side effects. So I think it's a little of both, and chose to go in the middle.";NA;"What do you consider to be an <b>unwritten contract</b> in a technological context?";"I would consider an ""unwritten contract"" to be more or less following a moral obligation that people could generally agree on. I think if we're getting to the point that the earth is really having issues and climate change is undeniably occurring with negative impact, people are going to be a little more united on it. Even climate change deniers would at the very least have some level of agreement in using the SAI technology because even if they don't believe CO2/Greenhouse Gases are causing any issues, they would more than likely be ok with engaging in some sort of action that makes things more comfortable. The fact that this technology affects the whole earth, which is a planet divided by so many different people, countries, and leaders, I would say its use is unwritten. Many would agree on the fact that we have this problem, but not everyone would necessarily agree on its usage. But the thing is, we have to take action in that situation so we would want to expedite the process and engage in it without all the politics. In that sense, it would be an unwritten contract; even if maybe not everyone agrees on its usage. ";NA
"598";"108";"deontology04";"is not morally right...is morally right";"6";"I think it is morally right to use it, because it is still helping conditions for those on earth in present time (even if it's not helping the ocean). I think it's morally right to make things more comfortable/safe while everyone recalibrates their plan of action in doing something about greenhouse gases (aka the actual root of the issue that would lead to a better actual solution and not a mask to the problem). I left a point off, because there is still the question of side effects (if any). ";NA;"When in your opinion is the described technology <b>morally right</b>?";"I think the SAI technology is morally right when it serves a purpose of helping others. Using it does tend to our ""moral obligation"" of helping those on earth in present time. It doesn't do much for future generations, but it can still do a lot of good. If you can do something that helps others and makes them safer, healthier, and happier, then I think it is morally right to do it. There is the question of side effects, so I can't comment on that. The morals become more complicated if there are found to be side effects that people are exposed to without consent. Since it's not definitively stated, I feel 6 is a good rating.";NA
"599";"108";"hedonism02";"would be selfish for me to use...would not be selfish for me to use";"7";"I don't think it is selfish to use the technology, because it is for the betterment of others. It doesn't only help me. There's nothing self serving in my interest of using it, in the sense that my concern for others far outweighs my concern for myself. It would only be selfish if I felt this technology should be permanently used in place of taking action on CO2/greenhouse gases and setting up future generations for a very bleak future. That would be selfish. But I believe using this technology for today and taking huge steps in improving things simultaneously would be great and not selfish.";NA;"Under which circumstances in your opinion is the described technology <b>selfish for you to use</b>?";"I would say it's only selfish to use it if we were to use it in place of taking action. If we chose only to use it to make things more comfortable for us while we harmed the ocean and put future generations through unspeakably bad conditions continuing to harm the planet for the sake of making money (that we can survive without!) that would be incredibly selfish. It would only show concern for ourselves and not for others. So in that sense or circumstance it would be selfish.";NA
"600";"108";"contractualist06";"violates my ideas of fairness...does not violate my ideas of fairness";"7";"I don't think it violates my idea of fairness to use it. I think it's good that we would use it to make things more comfortable and safe. It isn't unfair to be more comfortable and safe. It benefits everyone on earth if it is something that can cool the planet while we figure out solutions to the problem.";NA;"What do you consider to be a <b>idea of fairness</b> in a technological context?";"I think fairness would be how people benefit from it (for better or for worse). If a technology is only provided to a select few who could benefit from it, I think that would be unfair. If it's something everyone could benefit from (like SAI), then I consider it to be fair. If it's something forced upon people and could harm them, I would consider that unfair. So, if hypothetically SAI were actually harmful and people had no say in whether they had to be exposed to it, I would say that is unfair.";NA
"601";"108";"hedonism08";"harms my freedom...promotes my freedom";"4";"I'd say it's in the middle. It promotes freedom in the sense that I could be freer to enjoy a better, safer, more comfortable life due to its positive effects. It harms my freedom in the sense that I didn't get any say in its usage. And if hypothetically it were harmful to humans, it would be harmful to my freedom because I would be subjected to something harmful against my will. But since I don't know whether it's harmful, I cannot say. Thus, I feel a 4 in the middle feels about right.";NA;"How can the described technology <b>promotes your freedom</b>?";"I think it promotes my freedom in the sense that it would give me the ability to enjoy my time on earth more. I would be more comfortable and safer. I think comfort and safety in going out enjoying our wonderful planet are a gift of freedom. I would feel less free if going out were uncomfortable and unsafe, or if I were to be exposed to unpleasant conditions more often that prohibited me from doing things I normally would enjoy doing.";NA
"602";"108";"deontology08";"prevents treatment with dignity in interactions...ensures treatment with dignity in interactions";"5";"I think it ensures treatment with dignity moreso than prevents it. There's nothing bad about its usage in my eyes, unless there's untold side effects. It's a good technology from my vantage point, so I think it's ensuring a positive and with dignity in interactions. I just don't want to commit too far on the scale to 6 or 7 so 5 felt ok.";NA;"What does <b>dignity in interactions</b> mean for you in a technological context?";"I could be off, but I am taking it as that there is dignity and ""good"" in its usage. It's a positive that is used in a positive way with a positive result, so there is a dignity to it and its interactions. I definitely do not think it prevents it, and because it is so beneficial it's a positive in my book. The only lack of dignity I think would be if we used it as our sole solution and did nothing to change anything otherwise. Then I think you could say there was less dignity and it was basically just ""giving up"" on actually solving anything and continuing to ""perfume the pile of garbage in the neighborhood"". ";NA
"603";"109";"contractualist01";"is unjust...is just";"7";"It is just because it is a low risk way to protect against global warming. ";NA;"When in your opinion is the described technology <b>just</b>?";"It is just to use it immediately and implement its use for the world.  ";NA
"604";"109";"hedonism03";"requires me to make sacrifices in order to use it...does not require me to make sacrifices in order to use it";"7";"It would not make me have to do anything. I would not have to take part or worry about paying for it. ";NA;"When in your opinion requires the described technology to <b>make sacrifices in order to use it</b>?";"I guess if taxes rise in order to pay for it, then that would make everyone make a sacrifice in order to implement it. ";NA
"605";"109";"contractualist02";"is unfair...is fair";"7";"It is fair because it is something that the world needs in order to safely reduce the effects of global warming. ";NA;"When in your opinion is the described technology <b>fair</b>?";"It is fair because the use of it is even for every person. It would effect everyone evenly. ";NA
"606";"109";"contractualist03";"does not respect an unwritten contract...respects an unwritten contract";"5";"I think it is respectful in the sense that it is needed and everyone would have to understand that we would need to implement this tech for the world's benefit.  ";NA;"What do you consider to be an <b>unwritten contract</b> in a technological context?";"I think if it is a mutual understanding that something needs to be used in order to help mankind. ";NA
"607";"109";"contractualist04";"does not respect an unspoken promise...respects an unspoken promise";"4";"I'm not sure exactly what this could mean. I guess it does respect an unspoken promise in the sense that everyone knows that eventually, we will need to actively take control of climate change. ";NA;"What do you consider to be an <b>unwritten promise</b> in a technological context?";"Using something ethically and for mankind's benefit as a whole. ";NA
"608";"109";"deontology04";"is not morally right...is morally right";"7";"It is morally right because we would need to use this in order to reduce global warming for all mankind. ";NA;"When in your opinion is the described technology <b>morally right</b>?";"When using something benefits more than it hurts. ";"I think when you have to use this tech in order to protect mankind and the Earth, then it is morally right to do so. "
"609";"109";"deontology08";"prevents treatment with dignity in interactions...ensures treatment with dignity in interactions";"4";"I'm not sure what this context would be. I guess if they notified all the people this was happening near and answered their questions in order to treat everyone with dignity in that way. ";NA;"What does <b>dignity in interactions</b> mean for you in a technological context?";"It means understanding that everyone has a right to be nervous about the use of new tech and that these questions should be answered. ";NA
"610";"110";"deontology04";"is not morally right...is morally right";"1";"The SAI needs to be tested for much longer periods to classify it as a safe method of combating the incoming heat from the sun. So until it has been tested for lengthier periods of time, I don't think it's morally right to be used yet, it is much too risky!";NA;"When in your opinion is the described technology <b>morally right</b>?";"It is morally right when you do the due diligence on making sure it's not a risk that could make things worse for everyone involved.";NA
"611";"110";"virtue09";"is developed by someone who is acting on ill intentions...is developed by someone who is acting on good intentions";"7";"I think the reason for using SAI is a positive one but it's only being used for an emergency use and not because it's morally the right thing to do at the current moment. It has not been tested fully for a lengthy amount of time so it's not effective at testing for side effects.";NA;"For the development of the technology  which <b>which people or groups of people</b> did you have in mind?";"I'd say people involved with the military and people of the government are the groups testing this SAI to help combat the problems with global warming.";NA
"612";"110";"hedonism08";"harms my freedom...promotes my freedom";"1";"It harms my freedom because it's risky to use at the moment without thinking about the consequences it can have on society. You are testing something that could make things even worse as it already is. And in this current state, there's other alternatives that are much safer to help combat the global warming problem.";NA;"How can the described technology <b>promotes your freedom</b>?";"It would promote my freedom if it was 100% tested to work on the current problem and not so much as the SAI making things worse with the side effects from risky use of it.";NA
"613";"110";"contractualist06";"violates my ideas of fairness...does not violate my ideas of fairness";"1";"It's a clear violation of using a risky solution that has a high chance of failing instead of just coming up with alternative ways that won't make things worse. This is like a last ditch effort that is so risky and gives no thought to how much it can effect us more in the short term.";NA;"What do you consider to be a <b>idea of fairness</b> in a technological context?";"My idea of fairness is making sure everyone knows of the side effects and for everyone to vote on if it should be used, and majority vote.";NA
"614";"110";"deontology02";"harms the autonomy of users...promotes the autonomy of users";"1";"It is not in our best interest to use such a risky solution that hasn't been tested for longer periods of time to be considered a safe choice.";NA;"What does <b>autonomy of users</b> mean for you in a technological context?";"It means to act in our best interest for the people that will be effected by this. It can make things worse on a global scale and the trust of whoever decided to use it is dead, they will no longer be respected by the general public.";NA
"615";"110";"contractualist04";"does not respect an unspoken promise...respects an unspoken promise";"1";"They said it would help with the climate problem but they haven't tested it fully yet to promise that it would be an effective solution.";NA;"What do you consider to be an <b>unwritten promise</b> in a technological context?";"An unwritten promise would be to use a technique that puts no-one in harm's way.";NA
"616";"110";"utilitarian01";"provides the least utility for society...provides the greatest utility for society";"1";"It can be super effective to society if it happens to work, but if it fails, then everything gets worse and it's too late to fix it now.";NA;"Which type of <b>utilities</b> were you thinking of when you answered the question?";"Our ways of handling the heat would get much worse if the SAI failed it's purpose.";NA
"617";"111";"deontology09";"attacks the intrinsic value of nature...protects the intrinsic value of nature";"6";"The technology is being used to prevent the environment from being destroyed.";NA;"What do you consider to be a <b>intrinsic value of nature</b> in a technological context?";"I consider it to be the state of nature barring human influence. This tech is being used to mitigate harmful effects.
";NA
"618";"111";"deontology05";"goes against an important moral rule by which I live...does not go against an important moral rule by which I live";"6";"I don't have any compunctions using this tech as a stop gap measure for the current situation.";NA;"What do you consider to be a <b>important moral rule</b> in a technological context?";"Technology should be used to improve human living.";"Technology should be used to improve or preserve human living. This tech prevents things from getting worse."
"619";"111";"hedonism03";"requires me to make sacrifices in order to use it...does not require me to make sacrifices in order to use it";"4";"The tech itself does not require sacrifice, but any long term measures will require it.";NA;"When in your opinion requires the described technology to <b>make sacrifices in order to use it</b>?";"It's only a stop gap measure and does not fix the central problem. Using the tech needs to be paired with a long term plan that will require sacrifice.";NA
"620";"111";"hedonism01";"is personally unsatisfactory...is personally satisfactory";"5";"I thought it was fine as a temporary measure as the immediate situation is bad and requires intervention.";NA;"When in your opinion is the described technology <b>personally satisfactory</b>?";"Tech is satisfactory when it does what is expected and the benefits outweigh the costs.";NA
"621";"111";"contractualist01";"is unjust...is just";"5";"It's just as the reason is clear and the tech is being used for a good reason.";NA;"When in your opinion is the described technology <b>just</b>?";"The tech is just when the benefits outweigh the costs.";NA
"622";"111";"hedonism07";"harms my health...promotes my health";"5";"It prevents climate change from worsening and mitigates further damage.";NA;"How can the described technology <b>promotes your health</b>?";"It would either improve human health or mitigate against things that might harm it.";NA
"623";"111";"contractualist04";"does not respect an unspoken promise...respects an unspoken promise";"5";"It's being used to prevent global temperatures from further increasing.";NA;"What do you consider to be an <b>unwritten promise</b> in a technological context?";"I would consider it to be an implicit goal most humans can agree on.";NA
"624";"112";"contractualist03";"does not respect an unwritten contract...respects an unwritten contract";"6";"The SAI technology has an advantage over other emerging technologies to reduce harmful radiations from the sun that brings our earth warmer on continuously bases. This is a great step to utilize SAI technology to get back ultraviolet radiation back. I am confident to this technology.";NA;"What do you consider to be an <b>unwritten contract</b> in a technological context?";"As far as concern about technological context It will bring hope to our society to reduce the effect of ultraviolet radiation. This technology has a great impact on our earth. I totally agree with the contract. ";NA
"625";"112";"deontology08";"prevents treatment with dignity in interactions...ensures treatment with dignity in interactions";"7";"This approach considered as a ensure treatment with dignity as to reduce global warming.";NA;"What does <b>dignity in interactions</b> mean for you in a technological context?";"Based on research conducted on climate model simulations, it presented a strong evidence that it would be plays a vital role in cooling process.";NA
"626";"112";"contractualist01";"is unjust...is just";"7";"As a strategy for corresponding to a climate change, SAI has less concerns towards ethical approach  with respect to other technologies around us.  ";NA;"When in your opinion is the described technology <b>just</b>?";"This technology has less drawbacks as compared to others as well as positive response from the researchers.  ";NA
"627";"112";"virtue09";"is developed by someone who is acting on ill intentions...is developed by someone who is acting on good intentions";"7";"The SAI is developed by a person who has great intention towards reduce the UV radiation and make the world better place.";NA;"For the development of the technology  which <b>which people or groups of people</b> did you have in mind?";"I give my positive response towards researchers group who developed this tremendous invention. ";NA
"628";"112";"hedonism01";"is personally unsatisfactory...is personally satisfactory";"6";"This is completely satisfactory to the person who faces issues regarding warming of earth.";NA;"When in your opinion is the described technology <b>personally satisfactory</b>?";"As far as technology it is completely favorable to a person's satisfaction.";NA
"629";"112";"hedonism07";"harms my health...promotes my health";"7";"It is necessary to maintain my health in better ways.";NA;"How can the described technology <b>promotes your health</b>?";"It protect me from harmful rays from the sun also protects from heat stroke.";NA
"630";"112";"deontology04";"is not morally right...is morally right";"7";"It is morally favor to our climate.";"This technology has a great impact on our moral values. ";"When in your opinion is the described technology <b>morally right</b>?";"This technology has a great impact on our moral values.";NA
"631";"114";"virtue09";"is developed by someone who is acting on ill intentions...is developed by someone who is acting on good intentions";"5";"While it is designed to reduce the temperature it is a long-term solution and doesn't affect the immediate issue. It also doesn't affect the root cause of the problem. So while it was designed to be a ""band-aid"" to the global warming scenario described, it ultimately fails the true altruistic goal that should be developed.";NA;"For the development of the technology  which <b>which people or groups of people</b> did you have in mind?";"People or countries that refuse to find a real solution and just want to continue how they have always done things. This is just a band-aid to the problem and will ultimately fail in the long run if the root cause is not addressed.";NA
"632";"114";"hedonism03";"requires me to make sacrifices in order to use it...does not require me to make sacrifices in order to use it";"7";"As an individual, there is nothing I need to do. This would be done on a national or international level and governments and organizations would have to implement the plan.";NA;"When in your opinion requires the described technology to <b>make sacrifices in order to use it</b>?";"For instance, what is occurring on the west coast of the USA. Limited water supplies and shortages are requiring people to severely ration their water usage and thus affect the individual. Whereas something like the Stratospheric Aerosol Injection is something that would take large logistics and planning to occur outside of an individual's immediate concerns.";NA
"633";"114";"hedonism01";"is personally unsatisfactory...is personally satisfactory";"1";"It is just a temporary solution and doesn't address the root problem.  That should be addressed first before any band-aids that come to hold us over while we work on the solution.";NA;"When in your opinion is the described technology <b>personally satisfactory</b>?";"If the technology is addressing the root problem and not a temporary solution.";NA
"634";"114";"contractualist02";"is unfair...is fair";"3";"This affects the global scale but is done on an organization or national level by country. Not every country would be able to contribute or feel this was the solution that time/money/effort should be applied.";NA;"When in your opinion is the described technology <b>fair</b>?";"Equally taking responsibility and working towards a solution that solves the problem.";NA
"635";"114";"virtue01";"is developed by someone who has wrong motivations...is developed by someone who has good motivations";"4";"Again, the same thing as before. It's temporary and just would give excuses to areas that do not want to change or move to newer renewable resources to solve the root problem.";NA;"For the development of the technology  <b>which people or groups of people</b> did you have in mind?";"Countries that rely heavily on fossil fuels that have not yet built or willing to build the infrastructure to move away from them towards renewable sources.";NA
"636";"114";"deontology09";"attacks the intrinsic value of nature...protects the intrinsic value of nature";"3";"This technology requires years' worth of build-up and continued treatments. The ramifications of that element introduced into the atmosphere or even if the abandonment might cause things to become worse.";NA;"What do you consider to be a <b>intrinsic value of nature</b> in a technological context?";"Something that would work towards the restoration of balance and stop the pollution and fix the root cause of the problem. Not an artificial manipulation of the atmosphere or changing the way the world naturally works.";NA
"637";"114";"deontology02";"harms the autonomy of users...promotes the autonomy of users";"4";"I don't feel one way or the other in this regard.";"It was the middle choice and I have no opinion one or the other regarding this question.";"What does <b>autonomy of users</b> mean for you in a technological context?";"The ability of individuals to contribute or live their lives in a way that makes sense. Technology should improve the lives of people and allow them to flourish with their own initiative.";NA
"638";"115";"deontology08";"prevents treatment with dignity in interactions...ensures treatment with dignity in interactions";"5";"the technology ensures the treatment of the climate with dignity since it will help protect the climate to a certain extent";NA;"What does <b>dignity in interactions</b> mean for you in a technological context?";"my understanding was that it treats the environment well and prevents adverse interactions between the environmental elements";NA
"639";"115";"deontology03";"obliges a certain immoral behavior...obliges a certain moral behavior";"5";"the technology requires some morality in its implementation and further study to reduce negative side effects. it also requires additional human action to protect the climate";NA;"What do you consider to be a <b>moral behavior</b> in a technological context?";"preventing negative interactions between chemical components in the environment and avoiding doing more harm than good";NA
"640";"115";"deontology01";"does not imply a moral obligation to act in a certain way...implies a moral obligation to act in a certain way";"5";"it has some benefits so suggests that it could be morally useful to use and implement in a closely monitored way";NA;"What do you consider to be a <b>moral obligation</b>?";"a need to behave in some way to align with your ethics and morals";NA
"641";"115";"hedonism01";"is personally unsatisfactory...is personally satisfactory";"5";"it has some potential benefits given the dire climate situation so seems satisfactory to use";NA;"When in your opinion is the described technology <b>personally satisfactory</b>?";"satisfactory based on my personal views and morals";"the benefits of the technology align more with my morals than the downsides. i think it can be implemented in a manner that would satisfy my personal morals"
"642";"115";"hedonism03";"requires me to make sacrifices in order to use it...does not require me to make sacrifices in order to use it";"3";"it requires me to take a risk given the unknown side effects";NA;"When in your opinion requires the described technology to <b>make sacrifices in order to use it</b>?";"the risks are unknown  so that could negatively affect vulnerable populations. risking their health is a sacrifice";NA
"643";"115";"virtue09";"is developed by someone who is acting on ill intentions...is developed by someone who is acting on good intentions";"6";"it seems that the climate situation is dire in the scenario and the technology seems to have more pros than cons";NA;"For the development of the technology  which <b>which people or groups of people</b> did you have in mind?";"scientists who want to help the climate";"scientists who are not overly influenced by greed or corporations"
"644";"115";"deontology04";"is not morally right...is morally right";"5";"it seems morally right based on the need to protect the climate";NA;"When in your opinion is the described technology <b>morally right</b>?";"it is morally right if you focus on the climate implications. it is less morally right if you focus on the potential negative side effects";NA
