key,title,year,month,day,journal,issn,volume,issue,pages,authors,url,language,publisher,location,abstract,notes,pubmed_id,pmc_id
rayyan-800531161,"Roles of religiosity in enhancing life satisfaction, ethical judgements        and consumer loyalty",2022,12,31,COGENT BUSINESS & MANAGEMENT,2331-1975,9,1,,"Dinh, HP and Nguyen, PV and Trinh, TVA and Nguyen, MH and Ho Phi Dinh and Phuong Van Nguyen and Thi Vu Anh Trinh and Mai Huong Nguyen",,English,TAYLOR & FRANCIS AS,"KARL JOHANS GATE 5, NO-0154 OSLO, NORWAY","Previous research concerning religiosity and consumer behaviors highlights that consumers are possibly affected by religion in areas such as life satisfaction, faith, ethics, and materialism. Analysis, however, has yet to develop a systematic framework that examines the effects of particular religious commitments on consumer behaviors, such as life satisfaction, ethical decisions, and intentions of loyalty, which is the main incentive for us to conduct this research. This study which takes into account Catholic affiliation in the Vietnamese context intends to develop the literature on the relationship between religiosity and consumer behaviors. Specifically, aiming to explore potential mediators in the interrelationship between religious commitments and customer loyalty intentions at convenience stores, the research incorporates ethical judgements and life satisfaction. The Structural Equation Modeling method is utilized to analyze the surveyed data from 388 Catholics for hypothesis testing. According to the tested results, satisfaction with life plays a significant mediating role in the relationship between religious commitments and customer loyalty. On the other hand, ethical judgements serve as an important mediator that considerably enhances the impact of intrinsic religiosity on consumer loyalty. The findings also provide an insightful view of the sociology of religion regarding business enterprises.","RAYYAN-INCLUSION: {""julius.fenn""=>""Excluded""}",,
rayyan-800531162,Ethical judgments of sexualized ads featuring Women: The role of        identification with feminine archetypes,2022,3,,JOURNAL OF BUSINESS RESEARCH,0148-2963,142,,899-913,"de Kerviler, G and Ardelet, C and Slavich, B and de Kerviler, Gwarlann and Ardelet, Caroline and Slavich, Barbara",,English,ELSEVIER SCIENCE INC,"STE 800, 230 PARK AVE, NEW YORK, NY 10169 USA","Women may react differently to sexualized ads featuring women. Notably, while some women may regard a sexual imagery as empowering, others may perceive it as a sign of objectification. Accurate predictions of women's reactions to sexualized ads remain limited. Four studies, conducted in the United States and France, reveal that identification with feminine archetypes affects ethical judgment of sexualized ads through differences in perceived male dominance. Results show that women with high self-esteem as well as women preferring intense make-up have a less negative ethical judgment towards perceived male dominance. Findings contribute to research by highlighting the importance of the archetypes framework for segmenting an advertising audience and for determining ethical judgment. This research highlights the role played by perceived male dominance, self-esteem and make-up preference in the relationship between identification to archetypes and ethical judgment. Finally, it provides new guidelines to define relevant targets for advertising campaign.","RAYYAN-INCLUSION: {""julius.fenn""=>""Excluded""}",,
rayyan-800531163,"Ad eroticism from a psychological distance perspective: Investigating        its effects in light of consumers' sex, ethical judgments, and moral        attentiveness",2022,3,,JOURNAL OF BUSINESS RESEARCH,0148-2963,142,,524-539,"Theodorakis, IG and Painesis, G and Theodorakis, Ioannis G. and Painesis, Grigorios",,English,ELSEVIER SCIENCE INC,"STE 800, 230 PARK AVE, NEW YORK, NY 10169 USA","Building on construal level theory and psychological distance, this paper considers the impact of erotic appeal ads in terms of consumer reactions; the demographic and ethically related psychographic factors of sex and moral attentiveness are also examined. Two experiments delve into different psychological distance types, evoking variant construal levels while promoting a different product category across different levels of erotic intensity in the ad. Findings indicate that as the psychological distance or construal level decreases, reactions become more unfavorable, regardless of the ad's level of erotic intensity. Furthermore, reactions vary depending on sex and moral attentiveness; women and individuals with high moral attentiveness levels (MALs) express stronger objections. Finally, across the levels of erotic intensity, ethical judgments systematically mediate the ads' effects on attitudes and behaviors, and this mediation effect is intensified when viewers act under a low construal or psychological distance level and when erotic intensity level increases.","RAYYAN-INCLUSION: {""julius.fenn""=>""Excluded""}",,
rayyan-800531164,Ethical-decision making of 'Flights to Nowhere' passengers in the        COVID-19 and climate change era,,,,CURRENT ISSUES IN TOURISM,1368-3500,,,,"Pratt, S and Tolkach, D and Pratt, Stephen and Tolkach, Denis",,English,"ROUTLEDGE JOURNALS, TAYLOR & FRANCIS LTD","2-4 PARK SQUARE, MILTON PARK, ABINGDON OX14 4RN, OXON, ENGLAND","With international travel halting as a result of the outbreak of COVID-19, several airlines sought to offer Flights to Nowhere as a way to generate revenue and keep their aircrafts flight-ready. Flights to Nowhere are sightseeing flights that start and finish at the same airport without landing elsewhere. These flights have been heavily criticized for creating unnecessary greenhouse gas emissions. This research explores the ethical decision-making process and the subsequent rationalization of taking Flights to Nowhere. Using cognitive dissonance theory and neutralization techniques, we analyse in-depth interviews with passengers that have recently taken a Flight to Nowhere. Passengers did not immediately make the connection between Flights to Nowhere and climate change but on reflection, they justified these flights using a range of neutralization techniques including an appeal to higher loyalties, denial of injury, and justification by comparison.","RAYYAN-INCLUSION: {""julius.fenn""=>""Excluded""}",,
rayyan-800531165,Comparison of Philosophical Dialogue with a Robot and with a Human,2022,2,,APPLIED SCIENCES-BASEL,,12,3,,"Someya, Y and Iio, T and Someya, Yurina and Iio, Takamasa",,English,MDPI,"ST ALBAN-ANLAGE 66, CH-4052 BASEL, SWITZERLAND","Philosophical dialogue is an effective way to deepen one's thoughts, but it is not easy to practice it because humans have emotions. We proposed the use of a robot in practicing philosophical dialogue and experimentally investigated how philosophical dialogue with a robot differs from philosophical dialogue with a human. The results of the experiment showed that (1) participants talking to a human spend more time answering than those talking to a robot, (2) the increase in the time participants spend answering comes from the increase in the time participants spend speaking and is not influenced by reaction latency and pause time so much, (3) the reason for the increase in the time spent speaking is that some participants who talked to a human were likely to choose their words so as not to make the interlocutor uncomfortable and rephrased their thoughts so that they were easier for the interlocutor to understand, and some participants who talked to a robot might have thought that the robot would not be concerned even if they give a brief answer, and finally (4) it seems there is no significant difference in the depth of thought between participants talking to a human and participants talking to a robot. These results suggest the effectiveness of using robots for philosophical dialogue, in particular for people who feel nervous about talking to others.","RAYYAN-INCLUSION: {""julius.fenn""=>""Excluded""}",,
rayyan-800531166,Ethical Orientation and Research Misconduct Among Business Researchers        Under the Condition of Autonomy and Competition,,,,JOURNAL OF BUSINESS ETHICS,0167-4544,,,,"Fink, M and Gartner, J and Harms, R and Hatak, I and Fink, Matthias and Gartner, Johannes and Harms, Rainer and Hatak, Isabella",,English,SPRINGER,"VAN GODEWIJCKSTRAAT 30, 3311 GZ DORDRECHT, NETHERLANDS","The topics of ethical conduct and governance in academic research in the business field have attracted scientific and public attention. The concern is that research misconduct in organizations such as business schools and universities might result in practitioners, policymakers, and researchers grounding their decisions on biased research results. This study addresses ethical research misconduct by investigating whether the ethical orientation of business researchers is related to the likelihood of research misconduct, such as selective reporting of research findings. We distinguish between deontological and consequentialist ethical orientations and the competition between researchers and investigate the moderating role of their perceived autonomy. Based on global data collected from 1031 business scholars, we find that researchers with a strong deontological ethical orientation are less prone to misconduct. This effect is robust against different levels of perceived autonomy and competition. In contrast, researchers having a consequentialist ethical orientation is positively associated with misconduct in business research. High levels of competition in the research environment reinforce this effect. Our results reveal a potentially toxic combination comprising researchers with a strong consequentialist orientation who are embedded in highly competitive research environments. Our research calls for the development of ethical orientations grounded on maxims rather than anticipated consequences among researchers. We conclude that measures for ethical governance in business schools should consider the ethical orientation that underlies researchers' decision-making and the organizational and institutional environment in which business researchers are embedded.","RAYYAN-INCLUSION: {""julius.fenn""=>""Excluded""}",,
rayyan-800531167,Artificial intelligence ELSI score for science and technology: a        comparison between Japan and the US,,,,AI & SOCIETY,0951-5666,,,,"Hartwig, T and Ikkatai, Y and Takanashi, N and Yokoyama, HM and Hartwig, Tilman and Ikkatai, Yuko and Takanashi, Naohiro and Yokoyama, Hiromi M.",,English,SPRINGER,"ONE NEW YORK PLAZA, SUITE 4600, NEW YORK, NY, UNITED STATES","Artificial intelligence (AI) has become indispensable in our lives. The development of a quantitative scale for AI ethics is necessary for a better understanding of public attitudes toward AI research ethics and to advance the discussion on using AI within society. For this study, we developed an AI ethics scale based on AI-specific scenarios. We investigated public attitudes toward AI ethics in Japan and the US using online questionnaires. We designed a test set using four dilemma scenarios and questionnaire items based on a theoretical framework for ethics, legal, and social issues (ELSI). We found that country and age are the most informative sociodemographic categories for predicting attitudes for AI ethics. Our proposed scale, which consists of 13 questions, can be reduced to only three, covering ethics, tradition, and policies. This new AI ethics scale will help to quantify how AI research is accepted in society and which area of ELSI people are most concerned with.","RAYYAN-INCLUSION: {""julius.fenn""=>""Excluded""}",,
rayyan-800531168,What Counts as Discrimination? How Principles of Merit Shape Fairness of        Demographic Decisions,,,,JOURNAL OF PERSONALITY AND SOCIAL PSYCHOLOGY,0022-3514,,,,"Shakur, TKT and Phillips, LT and Shakur, Teodora K. Tomova and Phillips, L. Taylor",,English,AMER PSYCHOLOGICAL ASSOC,"750 FIRST ST NE, WASHINGTON, DC 20002-4242 USA","Demographic attributes (e.g., age, disability, race) frequently affect people's decisions. We provide a novel perspective as to why such discrimination persists: Meritocratic principles lead people to perceive some demographic attributes as fair to use, rather than as discriminatory. Specifically, we theorize that meritocracy requires that controllable and relevant inputs determine outcomes; as a result, perceived controllability and relevance affect the degree to which demographic attributes are perceived as fair to use. Moreover, we suggest perceived relevance outweighs controllability, such that even uncontrollable attributes can be perceived as fair criteria if perceived to be outcome relevant. In two qualitative studies, we probed how people think about demographic attributes used in selection (Studies 1a-b). We find that people refer to controllability and relevance dimensions to justify their perceptions. Further, people largely associate uncontrollable, irrelevant attributes with discrimination (race, sex), neglecting attributes they perceive as controllable and/or relevant (disability, caregiving status). Next, three surveys (Studies 2a-c) support our theorizing that perceived relevance impacts fairness perceptions more strongly than perceived controllability. In three experiments (Studies 3a-c), we provide causal evidence that relevance and controllability shape perceived fairness, which in turn affects selection behaviors, including seeking information regarding demographic attributes during hiring. Finally, Study 4 demonstrates downstream consequences: Perceived controllability, relevance, and use of demographic attributes together impact employees' psychological safety and job satisfaction. Overall, we find that principles of merit lead people to believe that even some legally protected demographic attributes are fair to use, allowing discrimination to persist.","RAYYAN-INCLUSION: {""julius.fenn""=>""Excluded""}",,
rayyan-800531169,Ethical Attitudes toward COVID-19 Passports: Evidences from Spain,2021,12,,INTERNATIONAL JOURNAL OF ENVIRONMENTAL RESEARCH AND PUBLIC HEALTH,,18,24,,"Arias-Oliva, M and Pelegrin-Borondo, J and Almahameed, AA and de Andres-Sanchez, J and Arias-Oliva, Mario and Pelegrin-Borondo, Jorge and Almahameed, Ala Ali and de Andres-Sanchez, Jorge",,English,MDPI,"ST ALBAN-ANLAGE 66, CH-4052 BASEL, SWITZERLAND","A so-called COVID-19 passport or Immunity passport (IP) has been proposed to facilitate the mobility of individuals while the SARS-CoV-2 pandemic persists. A COVID-19 passport can play a key role in the control of the pandemic, specifically in areas with a high density of population, and the help of smart city technology could be very useful to successfully implement IPs. This research studies the impact of ethical judgments on user attitudes toward using vaccine passports based on a Multidimensional Ethics Scale (MES) that contains five ethical constructs: moral equity, relativism, egoism, utilitarianism, and contractualism. Regression analysis shows that MES satisfactorily explains attitude (R-2 = 87.82%, p < 0.001) and that a positive evaluation in moral equity, egoism and utilitarianism is significant (p < 0.001). The objective of the passport (variable leisure) shows a significant negative moderating effect on moral equity (coefficient = -0.147, p = 0.0302) and a positive one on relativism (coefficient = 0.158, p = 0.0287). Adjustment by means of fsQCA shows that five ethical constructs satisfactorily explain both favorable and unfavorable attitudes toward IPs. Solutions explaining acceptance attain an overall consistency (cons) = 0.871 and coverage (cov) = 0.980. In the case of resistance, we found that cons = 0.979 and cov = 0.775. However, that influence is asymmetrical. To have a positive attitude toward the passport, it is a sufficient condition to attain a positive evaluation on a single ethical factor. On the other hand, when explaining resistance, and with the exception of the recipe ~utilitarianism (cons = 0.911 and cov = 0.859), explanatory prime implications require the interaction of at least two variables. Likewise, the context in which the passport is required is significant to explain rejection.","RAYYAN-INCLUSION: {""julius.fenn""=>""Excluded""}",,
rayyan-800531170,"The Role of Religiosity, Ethnicity and Gender Identification in        Individual's Moral Judgments; The Mediation Effect of Self-transcendence",2021,12,,PERTANIKA JOURNAL OF SOCIAL SCIENCE AND HUMANITIES,0128-7702,29,4,2815-2832,"Chin, JH and Mansori, S and Rezaee, Z and Homayoun, S and Chin, Jing Huey and Mansori, Shaheen and Rezaee, Zabihollah and Homayoun, Saeid",,English,UNIV PUTRA MALAYSIA PRESS,"SERDANG, SELANGOR, 00000, MALAYSIA","Most recently, corporate financial scandals, and unethical behaviour cast doubt on investors and raised public concern globally. It is due to the weak corporate governance structure and low ethic awareness amongst the people. The purpose of this research is therefore to justify the factors that influence an individual's moral judgement. This study also seeks to provide practical recommendations to corporations and different associations. As such, to evaluate the proposed hypotheses, 300 self-administered questionnaires were distributed in five universities in Malaysia using a non-probability sampling approach. As a result, the findings demonstrate that ethnicity has the highest impact on self-transcendence and moral judgement, followed by religiosity and gender identification (gender difference). The contribution of this research is to evaluate the relationships between religiosity, ethnicity, and gender identification towards moral judgement with the intervention of mediating variable (self-transcendence). In essence, ethical values and moral obligations should be highlighted in corporations, and these values should be practised and embraced into the organisational culture. Thus, organisational decision-akers should highly emphasise the role of ethicality and morality in corporations because ethical competence aligns with an employee's responsibility as a whole.","RAYYAN-INCLUSION: {""julius.fenn""=>""Excluded""}",,
rayyan-800531171,ETHICAL EVALUATION BY SPANISH ATHLETES AND TRIATHLETES ON THE USE OF        VAPORFLY TECH,2021,12,,REVISTA IBEROAMERICANA DE CIENCIAS DE LA ACTIVIDAD FISICA Y EL DEPORTE,2255-0461,10,3,139-159,"de Andres-Sanchez, J and Burgos, FD and de Andres-Sanchez, J. and de Torres Burgos, F.",,Spanish,UNIV MALAGA,"AVE CERVANTES 2, MALAGA, 29071, SPAIN","Vaporfly technology (VFT) has disrupted road distance running. Among the ethical problems that any new technology can cause we can remark denaturing of sport, that it may be not accessible to all competitors and that its use suppose risk. From a survey of 252 athletes, we observed that the VFT had a positive ethical judgment (p <0.01). However, this judgement is not homogenous in all evaluated items (p<0.01). Likewise, gender (p<0.05), income level (p <0.01) and practicing triathlon instead of athletics (p <0.05) influence the ethical judgment. The VFT presents a perception closer to being preventive than generating injuries (p <0.05). The analysis of the Haake index on the evolution of world and Spanish records at various distance distances on the road suggests that the improvements in the records with TVF may be due to a logical evolution of the sport and not to its denaturation.","RAYYAN-INCLUSION: {""julius.fenn""=>""Excluded""}",,
rayyan-800531172,Evaluation of Adolescents' Ethical Perceptions on Native Advertising in        Turkey,2021,12,,ILEF DERGISI,2148-7219,8,,179-206,"Kip, SM and Aksoy, Z and Kip, Sema Misci and Aksoy, Zeynep",,Turkish,"ANKARA UNIV, FAC COMMUNICATION","EMNIYET MAHALLESI, AU TANDOGAN KAMPUSU, YENIMAHALLE, ANKARA, 06560,        TURKEY","Various types of advertisements are emerging with the widespread use of digital media in which rapid developments are witnessed. Therefore, required regulations that need to be made cannot keep up with the speed of the sector. Native advertisements prepared in accordance with the natural content and design of the medium in which they are published constitute an example of the mentioned situation. Since the regulations regarding native advertising have not reached a sufficient level yet, ethical discussions about this type of advertising draw attention. Ethical perceptions in adulthood are formed in adolescence. The aim of this exploratory study is to analyze adolescents' ethical perceptions on native advertising in Turkey (n = 200) according to gender. Survey method is applied by utilising Reidenbach and Robin's Multidimensional Ethics Scale with a fictional native advertising. Research results reveal that adolescents do not accept non-labeled native advertising as an ethical problem. Moreover, girls are found to be more sensitive than boys in the moral equity dimension of ethical perception.","RAYYAN-INCLUSION: {""julius.fenn""=>""Excluded""}",,
rayyan-800531173,Moral Judgements of Junior Sports Sponsorships: An Emerging Mediator of        Sponsor Goodwill,,,,AUSTRALASIAN MARKETING JOURNAL,1441-3582,,,,"Vance, L and Raciti, MM and Lawley, M and Vance, Lenny and Raciti, Maria M. and Lawley, Meredith",,English,SAGE PUBLICATIONS LTD,"1 OLIVERS YARD, 55 CITY ROAD, LONDON EC1Y 1SP, ENGLAND","The sponsorship of junior sport is a contentious issue with community concerns raised about the appropriateness of some marketing targetted at children. Parents and coaches are guardians of junior sports players and often faced with a moral dilemma. On the one hand they know sponsors, who are trying to generate goodwill through providing financial or in-kind support, are crucial to the affordability of junior sports when competition for securing sponsorships is intense. On the other hand, they hold concerns that some sponsors may exploit their access to these young, vulnerable players. Guardians are caught at a crossroads with equally undesirable alternatives-financially unviable junior sports without sponsors or junior sports with potentially exploitative sponsors. Our study fills a gap in the literature where the tensions of commercial sponsorship agendas and moral concerns in sponsorship has not been well explored with our study being the first to apply the construct of moral judgements in a sponsorship model. Mixed methodology is used to examine the role that moral judgements play in determining sponsor goodwill. A qualitative study (n = 18) informed an online survey (n = 306) of Australian junior sports guardians. Structural equation modelling revealed that guardians' moral judgements mediated the relationships between sponsor fit, perceived sponsor altruism and the outcome variable, sponsorship goodwill. The findings of this study extend scholarly understanding of consumers' appraisal of sponsorships and provide useful insights to guide practitioners in sponsorship decision making, particularly in contexts that stimulate community interest or concerns.","RAYYAN-INCLUSION: {""julius.fenn""=>""Excluded""}",,
rayyan-800531174,Developing Ethical Sensitivity in Future Accounting Practitioners: The        Case of a Dialogic Learning for Final-Year Undergraduates,,,,JOURNAL OF BUSINESS ETHICS,0167-4544,,,,"Berube, J and Gendron, Y and Berube, Janie and Gendron, Yves",,English,SPRINGER,"VAN GODEWIJCKSTRAAT 30, 3311 GZ DORDRECHT, NETHERLANDS","For many years questions have been posed about the way ethics is taught in accounting education. The teaching of ethics is often criticized for emphasizing the legal dimension to the detriment of the moral one, among other reasons. This case study focuses on an accounting course intended to develop and stimulate students' critical thinking on accounting and its role in daily life. The investigation is based on an empirical study that took place in the 2015-2016 academic year, when the first author undertook non-participant observation and examined the final term assignment (a short essay) of the great majority of the 120 students enrolled in this course. One of the course's main features was to expose the students to critical thinking, through analyses and discussions of the roles of accounting and accountants in organizations and society-using research articles as a backdrop to stimulate analysis and discussion. Our investigation suggests that the course is able to sensitize students to professional ethics and responsibilities. Our argument, broadly supported by an empirical case analysis, is that a course centered on a dialogical approach and critical thinking on the role of accounting and accountants in society may impact the development of ethical sensitivity in future accounting practitioners.","RAYYAN-INCLUSION: {""julius.fenn""=>""Excluded""}",,
rayyan-800531175,Consumer rights or unethical behaviors: Exploring the impacts of        retailer return policies,2022,1,,JOURNAL OF RETAILING AND CONSUMER SERVICES,0969-6989,64,,,"Chang, HH and Yang, TS and Chang, Hsiu-Hua and Yang, Ting-Shan",,English,ELSEVIER SCI LTD,"THE BOULEVARD, LANGFORD LANE, KIDLINGTON, OXFORD OX5 1GB, OXON, ENGLAND","While a product return guarantee plays an important role in reducing perceived risk, a liberal product return policy may generate a moral crisis in consumers and induce unethical post-consumption behaviors. Situational questionnaires with two return policies, liberal and rigorous, are used to investigate how such policies influence consumers' moral reasoning and fraudulent return activities. This study finds that a return policy with different attributes results in differing consumer moral recognition, moral judgment, moral intensity, and intentions toward fraudulent return. Among these constructs, evidence of a strong correlation between moral judgment and unethical returning behaviors was found. Social consensus has a greater impact on moral recognition, moral judgment, and fraudulent return intention than on the magnitude of consequences and probability of effect. These findings from consumers' moral perspectives address gaps in the literature in which most studies take the retailer point of view in examining the effects of return policy. Understanding consumers' moral decision-making is helpful for retailers who seek to avoid consumer abuse of return policies.","RAYYAN-INCLUSION: {""julius.fenn""=>""Excluded""}",,
rayyan-800531176,(In)civility and adolescents' moral decision making online: drawing on        moral theory to advance digital citizenship education,,,,EDUCATION AND INFORMATION TECHNOLOGIES,1360-2357,,,,"Harrison, T and Polizzi, G and Harrison, Tom and Polizzi, Gianfranco",,English,SPRINGER,"ONE NEW YORK PLAZA, SUITE 4600, NEW YORK, NY, UNITED STATES","This article draws on moral theory to advance digital citizenship education and explore how adolescents aged 13-16 make decisions when confronted with incivility, such as cyberbullying, on social media. Given the extent to which digital citizenship education may be approached in line with deontological (rules), utilitarian (consequences) and/or virtue ethical (character) theories, we argue that it is important to know which of these underpin adolescents' moral decision making online. To address this question, this article reports findings from a survey completed by 1947 13-16 year olds in England. Chi-square tests, binary logistic regressions and other exploratory analysis showed that most 13-16 year-olds use virtue ethical reasons to justify moral actions. We conclude that if online incivility is to be reduced, policymakers, educators and parents should focus more on virtue- and character-based approaches to digital citizenship education.","RAYYAN-INCLUSION: {""julius.fenn""=>""Excluded""}",,
rayyan-800531177,Vignette Themes and Moral Reasoning in Business Contexts: The Case for        the Defining Issues Test,,,,JOURNAL OF BUSINESS ETHICS,0167-4544,,,,"Mudrack, PE and Mason, ES and Mudrack, Peter E. and Mason, E. Sharon",,English,SPRINGER,"VAN GODEWIJCKSTRAAT 30, 3311 GZ DORDRECHT, NETHERLANDS","Some researchers interested in assessing moral reasoning among business practitioners or students have developed their own vignettes or scenarios set in business contexts, based on assumptions that the situations presented in the often-used Defining Issues Test (DIT) will somehow be inappropriate for these specific types of respondents. This paper is the first to examine in depth both the actual details contained in these business-oriented scenarios and empirical findings emerging from them. Among this paper's conclusions are: (1) assumptions underpinning the presumed superiority of business-oriented vignettes have yet to be tested; (2) the DIT possesses considerable advantages unavailable in alternative measures; (3) many business-oriented scenarios have underlying Dilemma themes that seem inherently ambiguous and thus of questionable relevance for assessing moral reasoning; (4) these scenarios have no obvious equivalent in the DIT and thus cannot definitively be placed under the umbrella of the latter's demonstrated construct validity; and (5) meaningful empirical findings have not clearly emerged from investigations using business-oriented vignettes. In light of these conclusions, we recommend that investigators interested in moral reasoning advance knowledge in a coherent and unified way by using the DIT that seems entirely appropriate for use among respondents with business experience or training. Although alternative measures may have value for assessing ethical judgments, evidence of their validity as a measure of moral reasoning is lacking.","RAYYAN-INCLUSION: {""julius.fenn""=>""Included""} | RAYYAN-LABELS: excOverview",,
rayyan-800531178,To donate or not to donate? How cosmopolitanism and brand        anthropomorphism influence donation intentions for international        humanitarian causes,2022,3,15,MANAGEMENT RESEARCH REVIEW,2040-8269,45,4,524-544,"Dalman, MD and Ray, S and Dalman, M. Deniz and Ray, Subhasis",,English,EMERALD GROUP PUBLISHING LTD,"HOWARD HOUSE, WAGON LANE, BINGLEY BD16 1WA, W YORKSHIRE, ENGLAND","Purpose There are vast opportunities for nonprofit organizations (NPOs) globally to find support for international humanitarian causes. However, donors/consumers are not always willing to contribute for such causes. This study aims to investigate how potential donor perceptions are shaped to gain wider support and aims to build a model that could guide managers of NPOs in their communication strategy. Design/methodology/approach Two scenario-based experiments with the participation of graduate students from an Indian university were conducted. Findings Cosmopolitan people have the higher moral judgment of the international causes championed by NPOs. However, anthropomorphizing the NPO's message elevates the moral judgments among non-cosmopolitans. Process tests indicate that these moral judgments indirectly impact donation intentions for these causes. Research limitations/implications The paper only investigates donation intention for poverty and not humanitarian causes such as access to drinking water. Moreover, the campaign chosen takes place only in Africa (e.g. not in Asia or Latin America). Practical implications NPOs could tailor their marketing messages for international humanitarian causes by targeting cosmopolitan donors/consumers and using humanization as the branding strategy. Originality/value This research contributes to theory by showing how consumers who would otherwise not contribute to an out-group could be influenced positively by the NPOs' branding strategy.","RAYYAN-INCLUSION: {""julius.fenn""=>""Excluded""}",,
rayyan-800531179,Impact of brand anthropomorphism on ethical judgment: the roles of        failure type and loneliness,2021,11,10,EUROPEAN JOURNAL OF MARKETING,0309-0566,55,11,2917-2944,"Dalman, MD and Agarwal, MK and Min, JH and Dalman, M. Deniz and Agarwal, Manoj K. and Min, Junhong",,English,EMERALD GROUP PUBLISHING LTD,"HOWARD HOUSE, WAGON LANE, BINGLEY BD16 1WA, W YORKSHIRE, ENGLAND","Purpose This paper aims to investigate whether anthropomorphized (i.e. humanized) brands are judged less negatively for competence failures than for moral lapses and how these ethical judgments impact negative word-of-mouth (NWOM) intentions of less-lonely and more-lonely consumers. Design/methodology/approach Two scenario-based experiments were conducted, involving a total of 1,375 US mechanical turk (Amazon consumer panel) participants. Findings Findings show that brand humanization has an impact on ethical judgments only for less-lonely consumers. More specifically, for less-lonely consumers, a humanizing strategy backfires when the failure is moral but helps the brand when the failure is competence-related. On the other hand, more-lonely consumers judge the situation less negatively overall, and this effect is not impacted by the anthropomorphization strategy. Process tests indicate that these judgments indirectly affect consumers' intention to spread NWOM following negative events. Research limitations/implications Future research could examine the specific process for lonely consumers (i.e. the role of empathy) and manipulate the size of the negative events (i.e. consumer perceptions of moderate vs extreme failures). Practical implications Brand managers need to consider their specific situations, as anthropomorphization can have both positive and negative effects depending on the consumers and the failure type (moral vs competence). Originality/value Extant research indicates that a humanizing strategy backfires when the market has negative information about the brand. This research introduces types of negative information, as well as consumers' loneliness as moderators and contributes to the literature in branding, business ethics and word-of-mouth.","RAYYAN-INCLUSION: {""julius.fenn""=>""Excluded""}",,
rayyan-800531180,The role of ethnicity in whistleblowing: The case of Kenyan auditors,2021,11,,INTERNATIONAL JOURNAL OF AUDITING,1090-6738,25,3,733-750,"Hellmann, A and Endrawes, M and Mbuki, J and Hellmann, Andreas and Endrawes, Medhat and Mbuki, Jane",,English,WILEY,"111 RIVER ST, HOBOKEN 07030-5774, NJ USA","We examine whether ethnicity influences the ethical evaluation of an auditor's willingness (or unwillingness) to engage in whistleblowing. Utilising the concepts of ethnic identity and construal of self, we asked Kenyan auditors to assess an ethical dilemma in which auditors and wrongdoers belong to the same or a different ethnic group. We found that ethnic identity has no significant effect on an auditor's ethical evaluation of remaining silent if both the wrongdoer and potential whistleblower are from the same ethnic group. However, there is a significant effect on the ethical evaluation of whistleblowing if the wrongdoer is from a different ethnic group. We found that auditors with an interdependent construal of self are more likely to perceive as ethical the decision to remain silent if the wrongdoer is a member of their own ethnic group, but this finding did not hold when the wrongdoer is from a different ethnic group.","RAYYAN-INCLUSION: {""julius.fenn""=>""Excluded""}",,
rayyan-800531181,The influence of ethical judgements on acceptance and non-acceptance of        wearables and insideables: Fuzzy set qualitative comparative analysis,2021,11,,TECHNOLOGY IN SOCIETY,0160-791X,67,,,"de Andres-Sanchez, J and Arias-Oliva, M and Pelegrin-Borondo, J and Almahameed, AAM and de Andres-Sanchez, Jorge and Arias-Oliva, Mario and Pelegrin-Borondo, Jorge and Mohammad Almahameed, Ala' Ali",,English,ELSEVIER SCI LTD,"THE BOULEVARD, LANGFORD LANE, KIDLINGTON, OXFORD OX5 1GB, OXON, ENGLAND","The rise of intelligent technological devices (ITDs)-wearables and insideables-provides the possibility of enhancing human capabilities and skills. This study contributes to the literature on the impact of ethical judgements on the acceptance of ITDs by using a multidimensional ethical scale (MES) proposed by Shwayer and Sennetti. The novelty of this study resides in using fuzzy set qualitative comparative analysis (fsQCA) instead of correlational methods to explain human behaviour (in this case, attitudes towards ITDs) from an ethical perspective. fsQCA evaluates the influence of ethical variables on the intention to use ITDs (and the non-use of these technologies). Positive ethical evaluations of technology do not always ensure ITD acceptance-unfavourable ethical perceptions may lead to its rejection. We find that for wearables: (1) positive perceptions from a utilitarian perspective are key in explaining their acceptance. Likewise, we identify configurations leading to acceptance where positive judgements on moral equity, egoism and contractualism are needed. Surprisingly, only the relativism dimension participates in configurations that cause acceptance when it is negated; (2) We found that a single unfavourable perception from a contractualism or relativism perspective causes non-use. Likewise, we found that coupling of negative judgements on moral equity, utilitarianism and egoism dimensions also produce resistance to wearables. For insideables, we notice that: (1) an MES has weak explanatory power for the intention to use ITDs but is effective in understanding resistance to use; (2) A negative perception of any ethical dimension leads to resistance towards insideables.","RAYYAN-INCLUSION: {""julius.fenn""=>""Included""} | RAYYAN-LABELS: incApplication",,
rayyan-800531182,Improving Ethics: Extending the Theory of Planned Behavior to Include        Moral Disengagement,,,,JOURNAL OF BUSINESS ETHICS,0167-4544,,,,"Black, EL and Burton, FG and Cieslewicz, JK and Black, Ervin L. and Burton, F. Greg and Cieslewicz, Joshua K.",,English,SPRINGER,"VAN GODEWIJCKSTRAAT 30, 3311 GZ DORDRECHT, NETHERLANDS","We extend the Theory of Planned Behavior (TPB) for ethics in the workplace. Using a path modeling methodology, we find evidence that, for ethics, moral disengagement is an antecedent to the TPB predictors of attitude, subjective norms, and perceived behavioral control (PBC). We show that the TPB predictors mediate the influence moral disengagement has on ethical behavioral intentions. Thus, to improve ethical behavior, reducing moral disengagement is critical. We find support for including both types of PBC (self-efficacy and locus of control) when modeling ethical behavior. We use four ethics scenarios and international data to test this model. We also evaluate potential positive influences on ethics in the workplace and find that recency of ethics training interacts with religiosity and activates it to reduce moral disengagement. We also find that principles-based ethics training enhances professionals' self-efficacy to behave ethically. Experience, including time as a member in a professional accounting organization, increases both locus of control and self-efficacy to behave ethically. These variables-recency of ethical training, religiosity, principles-based professional ethics training, and experience-influence parts of the core TPB model, which in turn lead to improved ethical behavioral intentions.","RAYYAN-INCLUSION: {""julius.fenn""=>""Excluded""} | RAYYAN-LABELS: EDM",,
rayyan-800531183,Towards Normative Theories of Social Entrepreneurship. A Review of the        Top Publications of the Field,,,,JOURNAL OF BUSINESS ETHICS,0167-4544,,,,"Ranville, A and Barros, M and Ranville, Adelie and Barros, Marcos",,English,SPRINGER,"VAN GODEWIJCKSTRAAT 30, 3311 GZ DORDRECHT, NETHERLANDS","In this article, we apply deductive content analysis to the 100 most influential publications in the field of social entrepreneurship (SE) to identify the normative assumptions in SE scholarship. Using eight contemporary schools of thought in political philosophy as a template for analysis, we identify the philosophies underlying SE literature and the important consequences of their (often ignored) normative stances, such as: ambiguous concepts, justifications and critiques, and normative contradictions. Our study contributes to the SE literature by proposing that political philosophy can help to identify what counts as the 'social' in SE. We are showing some of the field's inherent normative tensions that could dampen its impact, and propose ways in which a normative awareness would help to establish a basis upon which to evaluate and demonstrate the social, economic, and cultural impact of SE.","RAYYAN-INCLUSION: {""julius.fenn""=>""Excluded""}",,
rayyan-800531184,Adoption and implementation of automation technologies in organizations        and community job-loss; corporate social responsibility managers        justification mechanism among social actors,2021,8,10,FORESIGHT,1463-6689,23,5,564-582,"Bhattacharyya, SS and Bhattacharyya, Som Sekhar",,English,EMERALD GROUP PUBLISHING LTD,"HOWARD HOUSE, WAGON LANE, BINGLEY BD16 1WA, W YORKSHIRE, ENGLAND","Purpose The purpose of this study is to ascertain how corporate social responsibility (CSR) managers are justifying the adoption of automation technologies in India, which is simultaneously creating job loss. Design/methodology/approach Indian firms to become and maintain superior levels of competitiveness in the marketplace had initiated the adoption, as well as usage of automation technologies such as robotics, additive manufacturing, machine learning and others. Such firm initiatives led to job loss in communities where the firm had a presence with its plants and offices. CSR managers primarily engaged with communities to undertake firm CSR initiatives. Job creation and its continuance have been a sacred component in this narrative. The adoption of automation technologies had altered this point of conversation. CSR managers had to justify both organizational actions from a firm perspective and reconcile the same to the community leaders. In this research, an exploratory study was conducted with a semi-structured open-ended questionnaire with 28 CSR experts. Data was collected through personal interviews and the data was content analysed based upon thematic content analysis. Findings The results indicated that CSR managers rationalized the adoption of automation technologies from a push-pull-mooring (PPM) perspective from a firm centric point of view. While for justification from a community (social) centric perspective, dominantly system thinking with fair market ideology than normative justification, utilitarian rather than deontological thinking (DT) and organizational economic egoism (OEE) rather than reputational egoism was applied. Research limitations/implications The study applies the theories of the PPM perspective from a firm centric point of view. While for community-based theoretical justification - system thinking with fair market ideology than normative justification, utilitarian rather than DT and OEE rather than reputational egoism was used. Practical implications This study finding would help CSR managers to undertake community activities while their firms are adopting and implementing automation technologies that are creating job loss in the very community their firms are serving. Mangers would get insights regarding the steps they should undertake to create harmony. Originality/value This is one of the first studies that delve regarding how CSR managers are justifying the adoption of automation technologies in India, which is simultaneously creating job loss. Theoretically, this study is novel because the study question is answered based upon the adoption of automation technologies from a PPM perspective from a firm centric point of view. While, for justification from a community (social) centric perspective, dominantly system thinking with fair market ideology than normative justification, utilitarian rather than DT and OEE rather than reputational egoism was applied.","RAYYAN-INCLUSION: {""julius.fenn""=>""Excluded""}",,
rayyan-800531185,Individual differences in ethics positions: The EPQ-5,2021,6,21,PLOS ONE,1932-6203,16,6,,"O'Boyle, EH and Forsyth, DR and O'Boyle, Ernest H. and Forsyth, Donelson R.",,English,PUBLIC LIBRARY SCIENCE,"1160 BATTERY STREET, STE 100, SAN FRANCISCO, CA 94111 USA","We revised the Ethics Position Questionnaire (EPQ), which measures variations in sensitivity to harm (idealism) and to moral standards (relativism). Study 1 identified the core components of the measured constructs theoretically and verified those features through confirmatory factor analysis (n = 2,778). Study 2 replicated these findings (n = 10,707), contrasted the theoretically defined two-factor model to alternative models, and tested for invariance of factor covariances and mean structures for men and women. Study 3 examined the relationship between the EPQ and related indicators of ethical thought (values and moral foundations) and the theory's four-fold classification typology of exceptionists, subjectivists, absolutists, and situationists. The three studies substantially reduced the original EPQ's length, clarified the conceptual interpretation of the idealism and relativism scales, affirmed the EPQ's predictive and convergent validity, and supported the four-fold classification of individuals into ethics positions. Implications for previous findings and suggestions for future research are discussed.","RAYYAN-INCLUSION: {""julius.fenn""=>""Included""} | RAYYAN-LABELS: incEPQ",,
rayyan-800531186,"""I'm (Not) Offended by Whom I See!"" The Role of Culture and Model        Ethnicity in Shaping Consumers' Responses toward Offensive Nudity        Advertising in Asia and Western Europe",,,,JOURNAL OF ADVERTISING,0091-3367,,,,"Terlutter, R and Diehl, S and Koinig, I and Chan, K and Tsang, L and Terlutter, Ralf and Diehl, Sandra and Koinig, Isabell and Chan, Kara and Tsang, Lennon",,English,"ROUTLEDGE JOURNALS, TAYLOR & FRANCIS LTD","2-4 PARK SQUARE, MILTON PARK, ABINGDON OX14 4RN, OXON, ENGLAND","Based on culture identity theory and schema theory, we investigate how model ethnicity influences the perception and effectiveness of potentially offensive nudity advertising in Asia and Western Europe. Study 1 with 5,193 ad evaluations by 1,731 subjects from two countries shows that the overall perceived offensiveness in nudity advertising was higher in Asia (China) than in Western Europe (Austria). While previous research indicates that same-ethnicity endorsers are typically favorable for advertising outcomes, our study demonstrates that same-ethnicity endorsers in nudity advertising led to a higher perceived offensiveness and more negative advertising outcomes in Asia, as compared to endorsers of other ethnicities. In Western Europe, in contrast, same-ethnicity endorsers led to a lower perceived offensiveness and more positive advertising outcomes. A follow-up experiment with 373 subjects validated the results. We suggest a model of multi-ethnic offensive nudity advertising effects that is tested with structural equation modeling. Our findings have implications for international advertising theory and international advertising practice.","RAYYAN-INCLUSION: {""julius.fenn""=>""Excluded""}",,
rayyan-800531187,The Role of Religiosity in Ethical Decision-Making: A Study on Islam and        the Malaysian Workplace,,,,JOURNAL OF BUSINESS ETHICS,0167-4544,,,,"Sulaiman, R and Toulson, P and Brougham, D and Lempp, F and Haar, J and Sulaiman, Rahizah and Toulson, Paul and Brougham, David and Lempp, Frieder and Haar, Jarrod",,English,SPRINGER,"VAN GODEWIJCKSTRAAT 30, 3311 GZ DORDRECHT, NETHERLANDS","This study investigates how Islamic religiosity affects ethical decision making. The study was conducted in the Malaysian workforce across the public and private sectors with a sample of N = 160. Five factors are tested to determine if they mediate the relationship between Islamic religiosity and ethical intention. These factors are: perceived importance of the ethical issue, moral judgment, ego strength, spiritual intention, and conscience. A parallel mediation design was chosen to test six hypotheses derived from the theoretical literature. The findings indicate that only the variable conscience mediates the relationship between religiosity and ethical intention. This study gives insights into the role of Islam in ethical decision-making, especially for Muslims in Malaysia, an area which has limited exploration. More generally, it contributes to the ongoing discussion in the literature on the relationship between religiosity and ethical decision-making.","RAYYAN-INCLUSION: {""julius.fenn""=>""Excluded""}",,
rayyan-800531188,A Deeper Look at Autonomous Vehicle Ethics: An Integrative Ethical        Decision-Making Framework to Explain Moral Pluralism,2021,5,4,FRONTIERS IN ROBOTICS AND AI,2296-9144,8,,,"Rhim, J and Lee, JH and Chen, M and Lim, A and Rhim, Jimin and Lee, Ji-Hyun and Chen, Mo and Lim, Angelica",,English,FRONTIERS MEDIA SA,"AVENUE DU TRIBUNAL FEDERAL 34, LAUSANNE, CH-1015, SWITZERLAND","The autonomous vehicle (AV) is one of the first commercialized AI-embedded robots to make autonomous decisions. Despite technological advancements, unavoidable AV accidents that result in life-and-death consequences cannot be completely eliminated. The emerging social concern of how an AV should make ethical decisions during unavoidable accidents is referred to as the moral dilemma of AV, which has promoted heated discussions among various stakeholders. However, there are research gaps in explainable AV ethical decision-making processes that predict how AVs' moral behaviors are made that are acceptable from the AV users' perspectives. This study addresses the key question: What factors affect ethical behavioral intentions in the AV moral dilemma? To answer this question, this study draws theories from multidisciplinary research fields to propose the ""Integrative ethical decision-making framework for the AV moral dilemma."" The framework includes four interdependent ethical decision-making stages: AV moral dilemma issue framing, intuitive moral reasoning, rational moral reasoning, and ethical behavioral intention making. Further, the framework includes variables (e.g., perceived moral intensity, individual factors, and personal moral philosophies) that influence the ethical decision-making process. For instance, the framework explains that AV users from Eastern cultures will tend to endorse a situationist ethics position (high idealism and high relativism), which views that ethical decisions are relative to context, compared to AV users from Western cultures. This proposition is derived from the link between individual factors and personal moral philosophy. Moreover, the framework proposes a dual-process theory, which explains that both intuitive and rational moral reasoning are integral processes of ethical decision-making during the AV moral dilemma. Further, this framework describes that ethical behavioral intentions that lead to decisions in the AV moral dilemma are not fixed, but are based on how an individual perceives the seriousness of the situation, which is shaped by their personal moral philosophy. This framework provides a step-by-step explanation of how pluralistic ethical decision-making occurs, reducing the abstractness of AV moral reasoning processes.","RAYYAN-INCLUSION: {""julius.fenn""=>""Included""} | RAYYAN-LABELS: incApplication",,
rayyan-800531189,Enhancing Business Schools' Pedagogy on Sustainable Business Practices        and Ethical Decision-Making,2021,5,,SUSTAINABILITY,,13,10,,"Rodenburg, K and MacDonald, K and Rodenburg, Kathleen and MacDonald, Kelly",,English,MDPI,"ST ALBAN-ANLAGE 66, CH-4052 BASEL, SWITZERLAND","Business school curriculums are designed to improve business skills and a student's eventual workplace performance. In addition to these business skill sets the emerging business environment demands softer skills associated with ethical decision-making and sustainable business practices. The objective of the study is to identify the key influencers of ethical orientation and attitudes towards the environment as a first critical step for curriculum planning designed to develop both ethical decision-making and environmental sensibilities of students in business schools. Using a bivariate regression analysis (OLS) that compared the established New Ecological Paradigm (NEP) scale and the newly introduced Ethical Orientation Scale (EOS), this study assesses environmental eco-consciousness and ethical orientation over time and across varying socio-demographic variables. The study shows first, that in addition to socio-cultural variables, situational factors influence ethical decision-making. Secondly, it illuminates that ethical orientations as measured by the EOS predicts beliefs about the environment as measured by the NEP scale. It further provides evidence of the ethical underpinnings of the New Ecological Paradigm as well as provides initial validation for the new EOS. These outcomes provide additional levers to assist business educators in the creation of high impact teaching strategies to measure and encourage ethical decision-making and sustainable business practices that protect the environment.","RAYYAN-INCLUSION: {""julius.fenn""=>""Excluded""}",,
rayyan-800531190,Examining the associations between educators' ethics position and        ethical judgment in student assessment practices,2021,9,,STUDIES IN EDUCATIONAL EVALUATION,0191-491X,70,,,"Liu, J and Gao, RQ and Guo, SY and Haynes, A and Ni, SG and Tang, HT and Liu, Jin and Gao, Ruiqin and Guo, Siying and Haynes, Aisha and Ni, Shiguang and Tang, Hengtao",,English,ELSEVIER,"RADARWEG 29, 1043 NX AMSTERDAM, NETHERLANDS","The relationship between educators' ethics position and ethical judgment in student assessment practices remain unclear. The current study filled the research gap utilizing a sample of 406 educators (in-service teachers, preservice teachers, and educational administrators) who completed a survey with relevant questions. The respondents were classified into four ethics position groups - situationists, exceptionists, subjectivists and absolutists. They had divided opinions in making ethical judgments (ethical or unethical) on 13 out of the 18 assessment scenarios. The logistic regression results indicated that educators' ethics positions were significantly associated with their ethical judgment in seven student assessment scenarios. Exceptionists were more likely to endorse certain student assessment practices that are not recommended by assessment books, while subjectivists were more likely to have similar opinions with assessment books in certain practices. The study helps us gain a deeper understanding of educators' individual differences in making ethical judgments about student assessment practices.","RAYYAN-INCLUSION: {""julius.fenn""=>""Excluded""}",,
rayyan-800531191,An empirical study of research ethics and their role in psychologists'        data sharing intentions using consequentialism theory of ethics,,,,JOURNAL OF LIBRARIANSHIP AND INFORMATION SCIENCE,0961-0006,,,,"Kim, Y and Kim, Youngseek",,English,SAGE PUBLICATIONS LTD,"1 OLIVERS YARD, 55 CITY ROAD, LONDON EC1Y 1SP, ENGLAND","The purpose of this study is to examine how different ethical dimensions of egoism, utilitarianism, and deontology all help in the formation of psychologists' research ethics for data sharing, and how the research ethics eventually affect psychologists making decisions regarding whether to engage in data sharing. This research utilized consequentialism theory of ethics as its theoretical framework to develop its research model of psychologists' data sharing as mediated by research ethics. It conducted an online survey with psychologists in US academic institutions and collected a total of 362 valid responses. Then, it employed the structural equation modeling technique to evaluate the research model and related hypotheses of psychologists' data sharing intentions as mediated by the profession's research ethics. This research found that perceived career benefit, perceived community benefit, and norm of data sharing all significantly contribute to the formation of psychologists' research ethics for data sharing, and then these research ethics, along with perceived community benefit and norm of data sharing, significantly influence psychologists' data sharing intentions. This study suggests that the consequentialism theory of ethics nicely explains psychologists' formation of their research ethics for data sharing and their decision to engage in data sharing. The study also suggests that research communities can better promote researchers' data sharing behaviors by stimulating their research ethics through different ethical dimensions, including egoism (career benefit), utilitarianism (community benefit), and deontology (norm of data sharing).","RAYYAN-INCLUSION: {""julius.fenn""=>""Excluded""}",,
rayyan-800531192,The influence of social belonging and creativity on the immoral        consumption behaviors of new adolescents: A cross-cultural study of        16-24 year olds,2021,9,,RECHERCHE ET APPLICATIONS EN MARKETING-ENGLISH EDITION,2051-5707,36,3,70-99,"Maille, V and Gentina, E and Li, Z and Maille, Virginie and Gentina, Elodie and Li, Zhen",,English,SAGE PUBLICATIONS INC,"2455 TELLER RD, THOUSAND OAKS, CA 91320 USA","Why do adolescents engage in immoral consumer behavior, like changing a price or lying for a discount? Based on the theory of the need for social belonging, a study of 1,326 Brazilian, Chinese, American, and French adolescents aged 16-24 demonstrates the coexistence of two opposing relationships between belonging to a peer group and judgment of immoral consumption behavior: a direct relationship in which adolescents who feel most integrated are those whose judgment is the most severe, but also an indirect relationship, in which social belonging increases creative self-efficacy, which in turn makes the subject more forgiving of immoral behavior. The respective weights of direct and indirect paths vary with national culture, here the country of residence, and the value of individualism/collectivism. In Brazil and China, which have collectivist cultures, the direct path dominates. In the United States and France, which are more individualistic, the path is indirect.","RAYYAN-INCLUSION: {""julius.fenn""=>""Excluded""}",,
rayyan-800531193,Unpacking the Effects of Alleged Gender Discrimination in the Corporate        Workplace on Consumers' Affective Responses and Relational Perceptions,2021,4,,COMMUNICATION RESEARCH,0093-6502,48,3,426-453,"Krishna, A and Kim, S and Shim, K and Krishna, Arunima and Kim, Soojin and Shim, KyuJin",,English,SAGE PUBLICATIONS INC,"2455 TELLER RD, THOUSAND OAKS, CA 91320 USA","The purpose of this study was to investigate (a) how allegations of gender discrimination affect consumers' relationship with the brand in question, and (b) individual-level factors that affect consumers' negative affective response to the allegations and eventually, consumer-brand relationships. Findings from a survey conducted among 473 Americans indicate that individuals' relational perceptions with a corporate brand whose products/services they consume are negatively affected by allegations of misconduct, in this case, gender discrimination. Results revealed that individuals' moral orientation and anticorporate sentiment predicted their perceptions of moral inequity of corporate behavior, which in turn affected their negative affective response to the allegations. Such negative affective response then affected individuals' consumer-corporate brand relationships.","RAYYAN-INCLUSION: {""julius.fenn""=>""Excluded""}",,
rayyan-800531194,The Role of Ethical Perceptions in Consumers' Participation and Value        Co-creation on Sharing Economy Platforms,2021,3,,JOURNAL OF BUSINESS ETHICS,0167-4544,169,3,421-441,"Nadeem, W and Juntunen, M and Hajli, N and Tajvidi, M and Nadeem, Waqar and Juntunen, Mari and Hajli, Nick and Tajvidi, Mina",,English,SPRINGER,"VAN GODEWIJCKSTRAAT 30, 3311 GZ DORDRECHT, NETHERLANDS","Consumers' participation on sharing economy platforms is crucial for the success of the products, services, and companies on those platforms. The participation of consumers enables companies to not only exist, but also to create value for consumers. The sharing economy has witnessed enormous growth in recent years and consumers' concerns regarding the ethics surrounding these platforms have also risen considerably. The vast majority of the previous research on this topic is either conceptual and focused on organizational aspects, or only discusses privacy and security issues, thus providing a very limited scope of discussion. Therefore, drawing on the marketing and business ethics literature, the present study takes into account a multidimensional view of ethical issues surrounding consumers' participation on sharing economy platforms. Findings reveal that privacy, security, shared value, fulfillment/reliability and service recovery are the strongest determinants of consumers' ethical perceptions. These aspects strongly predict the consumers' value co-creation intentions. Consumers' participation also predicts their intention to engage in co-creating value, but this effect is stronger with the mediating role of the consumer's ethical perceptions. The theoretical and managerial implications are also discussed.","RAYYAN-INCLUSION: {""julius.fenn""=>""Excluded""}",,
rayyan-800531195,"Mindfulness, Moral Reasoning and Responsibility: Towards Virtue in        Ethical Decision-Making",2021,2,,JOURNAL OF BUSINESS ETHICS,0167-4544,169,1,103-117,"Small, C and Lew, C and Small, Cherise and Lew, Charlene",,English,SPRINGER,"VAN GODEWIJCKSTRAAT 30, 3311 GZ DORDRECHT, NETHERLANDS","Ethical decision-making is a multi-faceted phenomenon, and our understanding of ethics rests on diverse perspectives. While considering how leaders ought to act, scholars have created integrated models of moral reasoning processes that encompass diverse influences on ethical choice. With this, there has been a call to continually develop an understanding of the micro-level factors that determine moral decisions. Both rationalist, such as moral processing, and non-rationalist factors, such as virtue and humanity, shape ethical decision-making. Focusing on the role of moral judgement and moral intent in moral reasoning, this study asks what bearings a trait of mindfulness and a sense of moral responsibility may have on this process. A survey measuring mindfulness, moral responsibility and moral judgement completed by 171 respondents was used for four hypotheses on moral judgement and intent in relation to moral responsibility and mindfulness. The results indicate that mindfulness predict moral responsibility but not moral judgement. Moral responsibility does not predict moral judgement, but moral judgement predicts moral intent. The findings give further insight into the outcomes of mindfulness and expand insights into the models of ethical decision-making. We offer suggestions for further research on the role of mindfulness and moral responsibility in ethical decision-making.","RAYYAN-INCLUSION: {""julius.fenn""=>""Excluded""}",,
rayyan-800531196,Avoidance behaviour towards using pirated software: testing a        seven-component model on SME employees,2022,1,17,INFORMATION TECHNOLOGY & PEOPLE,0959-3845,35,1,316-343,"Rahman, MS and Hossain, MA and Fattah, FAMA and Mokter, AMI and Rahman, Muhammad Sabbir and Hossain, Md Afnan and Abdel Fattah, Fadi Abdel Muniem and Ibne Mokter, Abdel Mubdiu",,English,EMERALD GROUP PUBLISHING LTD,"HOWARD HOUSE, WAGON LANE, BINGLEY BD16 1WA, W YORKSHIRE, ENGLAND","Purpose This research aims to develop and test a conceptual model for shaping small and medium enterprise (SME) employees' avoidance behaviour towards using pirated software. The model specifies the components of morality, spirituality, emotional intelligence and ethical values that influence employees' avoidance behaviour towards using pirated software. Design/methodology/approach A conceptual framework was developed and tested on the basis of information technology and management literature by using data from 275 influential and active employees of SMEs. Data were collected via a survey and analysed through covariance-based structural equation modeling (CB-SEM). Findings In the context of SMEs, employees' avoidance behaviour towards using pirated software is motivated by significant moral antecedents. Moral equity and judgement significantly influence employees' avoidance behaviour towards using pirated software when moral emotion mediates such a relationship. In addition, individual spirituality significantly moderates the relationship between moral equity and moral emotion. Employees' emotional intelligence optimises the strength of the relationship between moral judgement and moral emotion. Employees' likelihood to engage in unethical behaviour decreases when they exhibit strong ethical values in the relationship between moral emotion and their behaviour towards using pirated software. Research limitations/implications This study offers theoretical support for employees' avoidance behaviour towards using pirated software. The findings of this cross-sectional work have limited generalisability. Single-country data may not be generalised to SME employees in other countries. Thus, cross-country analysis and additional measures and antecedents must be developed and identified in the future. Practical implications Policymakers and managers should consciously review the proposed seven-component model that causes SME employees to avoid the use of pirated software. Ethical standards that lessen the use of pirated software can be improved if managers and policymakers understand the components of moral equity and judgement that influence moral emotions. Originality/value This study is the first to examine the specific antecedents of the ethical standards and avoidance behaviours of SME employees towards the use of pirated software. As such, it provides a foundation for further studies on this critical area and software piracy in the context of SMEs in an emerging economy, which is limited in current literature.","RAYYAN-INCLUSION: {""julius.fenn""=>""Excluded""}",,
rayyan-800531197,Business education and students' ethical orientations in a Latin        American business school,2021,11,17,JOURNAL OF EDUCATION FOR BUSINESS,0883-2323,96,8,516-521,"Malave, J and Santalla-Banderali, Z and Gonzalez, RA and Malave, Jose and Santalla-Banderali, Zuleima and Gonzalez, Rosa Amelia",,English,"ROUTLEDGE JOURNALS, TAYLOR & FRANCIS LTD","2-4 PARK SQUARE, MILTON PARK, ABINGDON OX14 4RN, OXON, ENGLAND","This study explored a way of assessing the impact of business education on students' ethical orientations, by comparing MBA students' entry-exit responses to two different instruments. Results showed significant reductions in the propensity for unethical decision scores, but not in the propensity for moral disengagement score. This study had also a practical purpose: to illustrate a way business schools could evaluate their efforts at ethical education and present their achievements in compliance with accreditation requirements (particularly, assurance of learning procedures). By highlighting the study's limitations (particularly, measurement and research design), the authors propose a research program for business schools.","RAYYAN-INCLUSION: {""julius.fenn""=>""Excluded""}",,
rayyan-800531198,From wearable to insideable: Is ethical judgment key to the acceptance        of human capacity-enhancing intelligent technologies?,2021,1,,COMPUTERS IN HUMAN BEHAVIOR,0747-5632,114,,,"Cristina, OP and Jorge, PB and Eva, RL and Mario, AO and Cristina, Olarte-Pascual and Jorge, Pelegrin-Borondo and Eva, Reinares-Lara and Mario, Arias-Oliva",,English,PERGAMON-ELSEVIER SCIENCE LTD,"THE BOULEVARD, LANGFORD LANE, KIDLINGTON, OXFORD OX5 1GB, ENGLAND","The advent of intelligent wearable (external devices, such as watches and clothing) and insideable (implanted devices, such as identification chips or chips that control technological devices) human-capacity enhancing technologies has opened an ethical debate about their development and use in society. Based on data from an international sample of 1563 digital natives, a model is proposed and tested (1) that introduces ethical judgment and its five dimensions (""moral equity"", ""relativism"", ""utilitarianism"", ""egoism"" and ""contractualism"") to explain intention to use intelligent capacity-enhancing technological devices; (2) that helps to explain the technological leap involved in moving from wearing technologies to incorporating them into the human body, through the moderating role that technology type has in the relationship between ethical judgment and intention to use. The results showed that: (1) Ethical judgment is key for the acceptance of wearables and insideables, and has greater explanatory capacity for insideables than for wearables; (2) ""Egoism"" has the highest explanatory power for intention to use insideables and ""utilitarianism"" is the most important dimension for intention to use wearables. Finally, a series of operational implications are proposed to guide the development and commercialisation of devices, while taking into account the ethical judgment of the users.","RAYYAN-INCLUSION: {""julius.fenn""=>""Included""} | RAYYAN-LABELS: incApplication",,
rayyan-800531199,Ethical relativism in accounting: A cross-cultural examination of the        influence of culture and risk taking propensity on ethical        decision-making,2020,12,,JOURNAL OF INTERNATIONAL ACCOUNTING AUDITING AND TAXATION,1061-9518,41,,,"Vinson, JM and Curtis, MB and Conover, TL and Chui, L and Vinson, Jeremy M. and Curtis, Mary B. and Conover, Teresa L. and Chui, Lawrence",,English,ELSEVIER,"RADARWEG 29, 1043 NX AMSTERDAM, NETHERLANDS","Extending prior ethics frameworks, we conduct a cross-cultural survey to examine ethical decision-making and risk taking propensity in the United States (US) and the Middle East and North Africa (MENA). Although there is a significant body of research describing the ethical decision-making of individuals in the US, little is known regarding those in MENA. With increasing business and political involvement between the US and MENA, it is critical that we better understand whether the ethical decision-making of accountants differs between these regions. Additionally, we add to the examination of ethical decision-making by introducing risk taking propensity as an antecedent that is particularly relevant to the accounting domain.        Using path analysis with samples of accounting students in the US and MENA, we find support for our model where region and risk taking propensity influence ethical awareness. Ethical awareness influences judgment, which goes on to influence intention to act in an ethically challenging management accounting situation. Additionally, inconsistent mediation is indicated, where the direct effect and indirect effect (through risk taking propensity) of region on awareness have opposite influences. In this way, risk taking propensity has a suppression effect on the impact of region on ethical behavior. (C) 2020 Elsevier Inc. All rights reserved.","RAYYAN-INCLUSION: {""julius.fenn""=>""Excluded""}",,
rayyan-800531200,Safety culture transformation-The impact of training on explicit and        implicit safety attitudes,2021,3,,HUMAN FACTORS AND ERGONOMICS IN MANUFACTURING & SERVICE INDUSTRIES,1090-8471,31,2,191-207,"Marquardt, N and Hoebel, M and Lud, D and Marquardt, Nicki and Hoebel, Merle and Lud, Daniela",,English,WILEY,"111 RIVER ST, HOBOKEN 07030-5774, NJ USA","The present paper investigates the changeability of safety culture elements such as explicit and implicit safety attitudes by training. Therefore, three studies with different time frames, training durations, and settings will be presented. In the first study, the short-term attitude change of students from an international environmental sciences study program was measured after safety training in a chemical laboratory. In the second study, the medium-term attitude change was assessed after a Crew Resource Management training for German production workers in the automotive industry. In the third study, the long-term attitude changes were measured after safety ethics training in a sample of German occupational psychology and business students. Different self-report measures were used to evaluate the training effectiveness of explicit safety attitudes. The change of implicit safety attitudes was assessed by Implicit Association Tests. The results of all three studies revealed a significant training effect on the explicit safety attitudes, but not on the implicit ones. Besides the training effect on the explicit attitudes, there was no effect of time frame (short-, medium-, long-term), training duration (2 h, 2 days, 12 weeks), and setting (chemical laboratory, automotive industry, safety ethics study program) on the attitude change. Based on the results, conceptual, methodological, and practical implications for training effectiveness and safety culture transformation are discussed.","RAYYAN-INCLUSION: {""julius.fenn""=>""Excluded""}",,
rayyan-800531201,Measuring ethical judgement on ethical choice in an ethical system: a        confirmatory study on Islamic banks in UAE,2021,4,7,INTERNATIONAL JOURNAL OF ISLAMIC AND MIDDLE EASTERN FINANCE AND        MANAGEMENT,1753-8394,14,2,301-316,"Shamsudheen, SV and Rosly, SA and Shamsudheen, Shinaj Valangattil and Rosly, Saiful Azhar",,English,EMERALD GROUP PUBLISHING LTD,"HOWARD HOUSE, WAGON LANE, BINGLEY BD16 1WA, W YORKSHIRE, ENGLAND","Purpose        This paper aims to examine the influence of ethical judgement on decision-making behaviour related to ethical issues of Islamic banking practitioners in the United Arab Emirates (UAE).        Design/methodology/approach        The study adopted a confirmatory approach in which validated/established ""normative ethical standards"" are taken into the consideration as theoretical underpinning. In total, 262 samples are collected from Islamic banking practitioners in the UAE and data analysis is conducted using structural equation modelling.        Findings        The empirical findings indicate that the decision-making behaviour related to ethical issues of Islamic banking practitioners in UAE does not adhere to any set of normative ethical standards and respondents are pragmatic in nature when it comes to the decision-making behaviour related to ethical matters.        Practical implications        The study elucidates to what extent Islamic banking practitioners have encountered themselves with situations that demand the proper attention to the ethical aspects, which affecting decision-making behaviour related to ethical issues. According to the findings, those situations considerably demand the attention of ethical judgement in the decision-making behaviour of Islamic banking practitioners. Hence, it is recommended for Islamic banks in UAE to contain or intensify the training on the importance of ethics, Islamic thought and worldview to enhance corporate decision-making and banking profitability within the purview of Islamic principles.        Originality/value        While ample emphasis has been given to the juristic (fiqh) aspects of ShariMODIFIER LETTER LEFT HALF RINGah-compliant in Islamic banking and finance, relatively little has been attempted to explore its ethical dimensions (akhlaq) in the compliance parameters. Further, ShariMODIFIER LETTER LEFT HALF RINGah-compliant has been product-centric rather than people-centric. While there is numerous literature documented that links ethics and Islamic banking and finance, ethical framework and practice in Islamic finance institutions, studies focusing on the ""people"" and their ""ethical decision-making behaviour"" in Islamic financial institutions found missing in the literature. These gaps serve as justification for undertaking this research.","RAYYAN-INCLUSION: {""julius.fenn""=>""Excluded""}",,
rayyan-800531202,Understanding Customers' Reactions to Allegations of Corporate        Environmental Irresponsibility,,,,JOURNALISM & MASS COMMUNICATION QUARTERLY,1077-6990,,,,"Krishna, A and Kim, S and Krishna, Arunima and Kim, Soojin",,English,SAGE PUBLICATIONS INC,"2455 TELLER RD, THOUSAND OAKS, CA 91320 USA","The purpose of this study was to examine issue- and organization-specific factors that may influence customers' reactions to allegations of environmental irresponsibility. This study focused on the idea of brand identity fusion to examine how it may act as a figurative shield against the negative cognitive and behavioral impacts of misconduct allegations. To do so, online surveys were conducted among Australian citizens in October 2018. Brand identity fusion lowered customers' perceptions of perceived moral inequity and triggered rewarding behavioral intentions despite the allegations. Situational motivation about environmental issues was found to positively affect boycotting and lower buycotting intentions as well as perceived moral inequity. Theoretical and practical implications are discussed.","RAYYAN-INCLUSION: {""julius.fenn""=>""Excluded""}",,
rayyan-800531203,Ethical judgement and intent in business school students: the role of        the psyche?,2020,10,,INTERNATIONAL JOURNAL OF ETHICS EDUCATION,2363-9997,5,2,151-186,"Conway, E and Kotera, Y and Conway, Elaine and Kotera, Yasuhiro",,English,SPRINGERNATURE,"CAMPUS, 4 CRINAN ST, LONDON, N1 9XW, ENGLAND","The aim of this paper is to highlight how business schools can improve the ethical behaviour of future managers. It assesses the positions of ethical judgement and ethical intent within a sample of UK business students, together with an analysis of underlying explanatory factors to those positions, such as levels of depression, anxiety, stress, motivation and self-compassion. A range of scales were used to evaluate the ethical stance and psychological characteristics of a group of UK business students. The results indicate that feelings of self-compassion, a sense of self-direction and mental health (in particular, depression) affect the ethical judgement and intent of students in a range of business and university scenarios. It is recommended that in addition to more formal ethics education, universities consider the mental health and psyche of their students to improve the efficacy of ethical training.","RAYYAN-INCLUSION: {""julius.fenn""=>""Excluded""}",,
rayyan-800531204,The Passion Pay: Exploring Practices of Talent Exploitation,2020,10,,JOURNAL OF ASIAN FINANCE ECONOMICS AND BUSINESS,2288-4637,7,10,1015-1024,"Jang, Y and Lee, WJ and Jang, Yongseok and Lee, Woo Jin",,English,KOREA DISTRIBUTION SCIENCE ASSOC,"HANSHIN OFFICETEL STE 1030, 2463-4, SHINHEUNG-DONG SUJEONG-GU, SEONGNAM,        GYEONGGI, 461-713, SOUTH KOREA","This inductive study seeks to establish a conceptual background for theoretical development regarding talent misuse in the context of small and medium-sized enterprises (SME). The two objectives for the goal were (1) to explore and build a list of unethical treatment practiced on young talents; (2) to establish new framework for the special context or refining the existing framework on employee mistreatment. For the first goal, an attempt was made to develop a list of mistreating behavior by collecting and analyzing cases of ethical disputes. Analyses on 64 cases of talent mistreatment, namely 'passion pay', was conducted to present a conceptual ground for further investigation. Then, for the second objective, this study has proposed an integrative approach for assessing these ethical elements. The ethical implications were discussed based on an assessment conducted using three theories of ethics. Finally, a cluster analysis further shows the emergence of three groups based on the mistreating behaviors. We observed seven different mistreatment behaviors under four categories of mistreatment practices. Additionally, the cluster analysis results imply that talent mistreatment may be rooted in work characteristics. Organizational size may provide some contextual reasoning, but the extent to which this factor interacts with work characteristics left unclear.","RAYYAN-INCLUSION: {""julius.fenn""=>""Excluded""}",,
rayyan-800531205,A study on the dynamics between the moral reasoning process and        celebrity image and their impact on consumers' support for celebrity        comebacks after a transgression,2020,9,8,JOURNAL OF PRODUCT AND BRAND MANAGEMENT,1061-0421,29,6,729-743,"Lee, H and Chang, DR and Einwiller, S and Lee, Hosun and Chang, Dae Ryun and Einwiller, Sabine",,English,EMERALD GROUP PUBLISHING LTD,"HOWARD HOUSE, WAGON LANE, BINGLEY BD16 1WA, W YORKSHIRE, ENGLAND","Purpose This study aims to examine how consumers use a moral reasoning process to defend preferred celebrity and celebrity brand images and specifically, the processes for supporting the celebrity's comeback after a transgression. Design/methodology/approach Study 1 measures consumers' preference for celebrities and their support for them after a transgression and tests whether the celebrity's image moderates consumers' preference for celebrities and their support of them to come back. Study 2 examines the effect of the specific moral reasoning processes and tests whether it leads to different levels of support after a transgression, depending on the primed celebrity image. Findings Results show celebrity preference is positively related to consumer support of a celebrity's return after a wrongdoing. This relationship is moderated by the celebrity's image (Study 1). The authors find that a celebrity primed with a role model image receives more support for a comeback in the moral rationalization condition, whereas a celebrity primed with a bad boy image receives more support in the moral decoupling condition (Study 2). Research limitations/implications First, in the empirical studies, using a pre-test, the authors chose transgressions that were unrelated to the celebrities' profession and that had an intermediate level of severity. Moreover, these transgressions were manipulated using information about fictitious celebrities to control for pre-existing respondents' differences on information or biases about them and confounding characteristics between identified celebrities. Despite the control benefits, the disadvantage of this approach could be that respondents' involvement with the celebrities may be generally lower as compared to studies that use known celebrities (Fong and Wyer, 2012). The involvement or attachment with known celebrities by respondents may be a factor that determines the power of a specific human brand. By using fictitious celebrities, the effects related to human brands may have been bounded or based more on celebrity archetypes. Another limitation is that both Studies 1 and 2 collected data using an online panel. To make the results more generalizable, the authors can contemplate on-site experimental designs or a qualitative approach in future research. The latter may also facilitate the use of known human brands to understand how they interact with other mediating factors without having to worry about control of confounds between respondents. Finally, there is a potential inflation of moral sensitivity stemming from measuring moral reasoning in Study 1 after informing participants about a celebrity transgression. While the authors followed other studies in this procedure, for the effects related to measuring across different image groups this would be less critical, as all participants would be affected in a similar way. However, there remains the possibility that the inflation bias could be higher for one celebrity type and could be a limitation or even a topic considered for future research that delves into specific relationships between celebrity image type and morality judgment bias. Practical implications The results of this study have managerial implications for the various stakeholders involved. First, for celebrities, especially role models, living up to expectations congruent to the performances and brand images that they have developed is important.        This will necessitate them to manage their consumers' expectations, and perhaps, suggest that they do not create unrealistically high ones. Although consumer expectations have not often taken center stage as a theoretical issue in recent consumer research, they may still be important for consumers' evaluations and choices (Howard and Sheth, 1969). In addition, this study offers implications for public relations agencies or management companies that promote and manage celebrities. Although consumers in many countries have a higher preference for celebrities with a role model image, the authors see that being such a human brand can be potentially counterproductive amid scandals. If the level of supporters' commitment for a celebrity is high and the attachment relationship is strong, then constructing a diverse and flexible image spectrum may be more advantageous in the long term than adhering to just the role model image. In the event that a misbehavior has occurred, celebrities, to the extent that they can identify their brand image, need to assess more precisely the type of moral judgment and support they are likely or unlikely to receive after the transgressions. Based on that analysis, the misbehaving celebrities may have to adjust the rehabilitation period or act of redemption. Finally, the conventional wisdom used by advertising agencies or corporations that the bad boy image of celebrities is more vulnerable to a negative event, needs to be reconsidered (Aakeret al., 2004). This rethinking is aligned with other past research that have also argued that transgressions do not necessarily have an adverse impact on associated brands (Lee and Kwak, 2016). Thus, when advertising agencies use celebrities, they must consider the congruence between the human brand image and the company and review the source and depth of the reasons why supporters like celebrities using a broader perspective. Social implications Although consumers in many countries have a higher preference for celebrities with a role model image, the authors see that being such a human brand can be potentially counterproductive amid scandals. For them constructing a diverse and flexible image spectrum may be more advantageous in the long term than adhering to just the unrealistic role model image. Celebrities need to assess more precisely the type of moral judgment and support they are likely or unlikely to receive after the transgressions. Based on that analysis, the misbehaving celebrities may have to adjust the rehabilitation period or act of societal redemption. Originality/value The study makes three key contributions by combining celebrity image and moral psychology to assess how consumers pass moral judgment on celebrities who transgress according to different image types, examining the mediation effect of moral reasoning in the relationship between consumer preferences for a celebrity and their support for them after transgressions and looking at consumer support for a comeback of the transgressing celebrity as the dependent variable and not just the effects of the immediate fallout. The value of this study, therefore, lies in understanding the specific dynamics between consumer preference, celebrity image, moral reasoning processes and consumer support to accept a celebrity's return after a transgression.","RAYYAN-INCLUSION: {""julius.fenn""=>""Excluded""}",,
rayyan-800531206,"Egoistic norms, organizational identification, and the perceived        ethicality of unethical pro-organizational behavior: A moral maturation        perspective",2020,9,,HUMAN RELATIONS,0018-7267,73,9,1249-1277,"Graham, KA and Resick, CJ and Margolis, JA and Shao, P and Hargis, MB and Kiker, JD and Graham, Katrina A. and Resick, Christian J. and Margolis, Jaclyn A. and Shao, Ping and Hargis, Michael B. and Kiker, Jason D.",,English,SAGE PUBLICATIONS LTD,"1 OLIVERS YARD, 55 CITY ROAD, LONDON EC1Y 1SP, ENGLAND","Do some employees engage in unethical behavior because they actually believe it is the right thing to do? We explore this question in this article. Unlike other forms of unethical behavior, unethical pro-organizational behavior (UPB) is aimed at benefiting the perpetrator's organization. We propose that employees are increasingly likely to engage in UPB when they believe these acts are ethically appropriate, and that these ethicality beliefs are strongest among employees who work in departments with egoistic norms. Such norms lack guidance on the importance of protecting outside stakeholders' interest, and provide limited moral knowledge about the broader implications of UPB. We further propose that organizational identification strengthens these effects. Across three field studies, we find support for the hypothesized effects. Ethical judgments of UPB were positively related to both self (Studies 1 and 3) and supervisor (Study 2) ratings of employee UPB. In turn, acts of UPB were judged more ethically appropriate in departments with egoistic norms, and these positive ethical judgments mediated the relationships between egoistic norms and employee UPB (Study 2). Finally, the indirect effects of egoistic norms were strongest among employees with high levels of organizational identification (Study 3). Implications for theory and research are discussed.","RAYYAN-INCLUSION: {""julius.fenn""=>""Excluded""}",,
rayyan-800531207,Positive Shock: A Consumer Ethical Judgement Perspective,2020,9,,JOURNAL OF BUSINESS ETHICS,0167-4544,165,4,735-751,"Moraes, C and Kerrigan, F and McCann, R and Moraes, Caroline and Kerrigan, Finola and McCann, Roisin",,English,SPRINGER,"VAN GODEWIJCKSTRAAT 30, 3311 GZ DORDRECHT, NETHERLANDS","Existing debates on business ethics under-represent consumers' perspectives. In order to progress understanding of ethical judgement in the marketplace, we unpack the interconnections between consumer ethical judgment, consent and context. We address the question of how consumers judge the morality of threat-based experiential marketing communications. Our interpretive qualitative research shows that consumers can feel positively about being shocked, judging threat appeals as more or less ethical by the nature of the negative emotions they experience. We also determine that the intersection between ethical judgement, consent and context lies where consumers' perceptions of fairness and consequences lend contextualised normative approval to marketing practice. Our research makes three original contributions to existing literature. First, it extends theory in the area of ethical judgement, by highlighting the importance of consent for eliciting positive moral responses. Second, it adds to embryonic research addressing the role of emotions in ethical judgement, by ascertaining that negative emotions can elicit positive consumer ethical judgement. Third, our research contributes an original concept to ethical judgement theorisation, namely consumer-experienced positive shock (CEPS). We define CEPS as a consensual shock value judged as ethical due to its ephemerality, commercial resonance, brand alignment, target-audience appropriateness and contextual acceptability. We also extrapolate the dimensions of CEPS into an ethical judgement typology, elucidating how consumers judge some threat-based communications as ethical, but not others. Consequently, our work dovetails with wider business ethics debates on ethical judgement, adding value by clarifying the conditions that generate positive consumer ethical judgement.","RAYYAN-INCLUSION: {""julius.fenn""=>""Excluded""}",,
rayyan-800531208,"Native advertising credibility perceptions and ethical attitudes: An        exploratory study among adolescents in the United States, Turkey and        Israel",2020,8,,JOURNAL OF BUSINESS RESEARCH,0148-2963,116,,608-619,"Zimand-Sheiner, D and Ryan, T and Kip, SM and Lahav, T and Zimand-Sheiner, Dorit and Ryan, Tanya and Kip, Sema Misci and Lahav, Tamar",,English,ELSEVIER SCIENCE INC,"STE 800, 230 PARK AVE, NEW YORK, NY 10169 USA","The current exploratory research aims to understand adolescent perceptions of credibility and ethical attitudes toward online native advertising (NA), in conjunction with persuasion knowledge, and explore how these attitudes might differ in three different cultures: U.S., Turkey and Israel. A survey employing a NA article was administered among adolescents (n = 610). The manipulation examined their ethical attitudes and credibility perceptions toward the NA articles before and after the persuasion knowledge. Findings strengthen research assumptions that most adolescents have encountered NA without recognizing it as persuasive communication. Adolescents find NA articles less credible and less ethical when they are informed about it. Moreover, results show that adolescents in general have a tendency to accept NA as a moral practice, while findings point to significant differences in responses moderated by country of origin.","RAYYAN-INCLUSION: {""julius.fenn""=>""Excluded""}",,
rayyan-800531209,What goes around comes around: The integrated role of emotions on        consumer ethicaldecision-making,2020,9,,JOURNAL OF CONSUMER BEHAVIOUR,1472-0817,19,5,409-422,"Escadas, M and Jalali, MS and Farhangmehr, M and Escadas, Marco and Jalali, Marjan S. and Farhangmehr, Minoo",,English,WILEY,"111 RIVER ST, HOBOKEN 07030-5774, NJ USA","The current study aims to further our understanding of the integrated role of emotions on consumer decision-making involving ethical issues, by considering the influence of both positive and negative emotions on ethical decision-making process. It considers not only the emotions experienced prior to ethical decision-making (pre-decision emotions) but also those resulting from the course of action chosen (post-decision emotions). Scenarios are used, and the results of the structural modelling analyses support the proposed relationships between current emotions, consumers' ethical decision-making, post-decision emotions and future ethical behavioural intentions. The data suggest the possible existence of a ""virtuous ethical cycle"", whereby positive emotions lead to more ethical consumer decisions and behaviours; and these in turn lead to more positive (post-decision) emotions, which have a positive and significant effect on future ethical behavioural intentions. In addition, happiness emerges as exerting a pivotal role in predicting consumer ethical decisions.","RAYYAN-INCLUSION: {""julius.fenn""=>""Excluded""} | RAYYAN-LABELS: EDM",,
rayyan-800531211,"United Airlines crisis from the stakeholder perspective: Exploring        customers' ethical judgment, trust and distrust, and behavioral        intentions",2020,6,,PUBLIC RELATIONS REVIEW,0363-8111,46,2,,"Cheng, Y and Shen, HM and Cheng, Yang and Shen, Hongmei",,English,ELSEVIER SCIENCE INC,"STE 800, 230 PARK AVE, NEW YORK, NY 10169 USA","In the context of the United Airlines crisis, this study investigated the relationships among customers' ethical judgment, trust and distrust toward United Airlines, and post-crisis behavioral intentions. Results from an online survey (N = 579) demonstrated that customers' negative ethical judgment was positively associated with the level of trust and negatively predicted their distrust toward the corporation. Distrust had a bigger impact on stakeholders' behavioral intentions such as information seeking, mobilizing, and consulting than trust. Findings indicated the important role of customers in corporate crisis management. Theoretical and practical implications were discussed.","RAYYAN-INCLUSION: {""julius.fenn""=>""Excluded""}",,
rayyan-800531212,Does Humour Influence Perceptions of the Ethicality of        Female-Disparaging Advertising?,2020,6,,JOURNAL OF BUSINESS ETHICS,0167-4544,164,1,1-16,"Grougiou, V and Balabanis, G and Manika, D and Grougiou, Vassiliki and Balabanis, George and Manika, Danae",,English,SPRINGER,"VAN GODEWIJCKSTRAAT 30, 3311 GZ DORDRECHT, NETHERLANDS","This article responds to calls for further research on ethical issues in advertising. The study examines whether advertising strategies which use female-disparaging themes are perceived as ethical, and what effect this has on ad and brand attitudes. It also examines whether or not humour assuages ethical evaluations of female-disparaging ads. The findings from an experimental research design, which included 336 British respondents, show that non-disparaging and non-humorous ads are considered to be the most ethical, while disparaging ads (regardless of the level of humour) are considered the least ethical. Across the board, female-disparaging ads are not perceived as ethical; however, high benevolent sexists appear to favour them most. Finally, an ad's perceived ethicality mediates the relationship between ad disparagement and ad attitudes; likewise, an ad's perceived ethicality and ad attitudes mediate the relationship between an ad's female disparagement and brand attitudes. Female-disparaging ads should be avoided given that they are perceived as less ethical and given the impact that advertising has on behaviour, as well as on societal and moral values. Advertisers should also avoid using female-disparaging advertising themes, even light-hearted ones, since they constitute a risky strategy for the ad and the brand as they can backfire and alienate consumers.","RAYYAN-INCLUSION: {""julius.fenn""=>""Excluded""}",,
rayyan-800531213,"Factors Influencing Perception of Ethical Behaviour of Peers: Time,        Emotional Intelligence, and Ethical Behaviour of Self",2020,6,,E-JOURNAL OF BUSINESS EDUCATION & SCHOLARSHIP OF TEACHING,1835-9132,14,1,189-203,"Keiper, MC and Berry, K and Richey, J and Keiper, Margaret C. and Berry, Kevin and Richey, Jean",,English,AUSTRALIAN BUSINESS EDUCATION RESEARCH ASSOC,"AUSTRALIAN BUSINESS EDUCATION RESEARCH ASSOC, MAPLETON, 00000, AUSTRALIA","The purpose of this study is to identify individual factors contributing to the perception of ethical behaviour of peers and whether or not the perception of ethical behaviour of peers is changing over time among undergraduate students.        Participants were a convenience sample of 457 (n=457) undergraduate students from three geographically different US institutions. Data was collected in 2008 and in 2018. Multiple regression was used to see if there was a relationship between the years the data was collected on ethical behaviour of peers, the dependent variable.        Ethical behaviour of self (beta = .37, p <.001), regulation of emotions (beta = -.10, p <.01), and the year data was collected (beta = .14, p <.001) were all found to be significant predictors of ethical behaviour of peers. Other factors not considered in the model, a more diverse sample, self-report methodology, and the interpretation of change in years are all potential limitations to this study. This study provides a longitudinal focus on ethical decision making","RAYYAN-INCLUSION: {""julius.fenn""=>""Excluded""}",,
rayyan-800531214,What Happens When Formal and Informal Norms Conflict for IT Usage?,2020,,,JOURNAL OF INFORMATION SYSTEMS,0888-7985,34,2,235-256,"Shoemaker, N and Curtis, MB and Fayard, L and Kelly, MT and Shoemaker, Nikki and Curtis, Mary B. and Fayard, Louis (Dutch) and Kelly, Marie T.",,English,AMER ACCOUNTING ASSOC,"5717 BESSIE DR, SARASOTA, FL 34233 USA","Employee ethical perceptions and behavior are shaped by any number of factors that may be complementary or in conflict, such as formal organizational norms that may clash with an individual's personal norms. When formal norms are established to protect the organization, the way employees respond to such conflict can put the organization at risk. We examine how the judgments and intentions of individuals change when formal and informal norms agree or disagree regarding the use of company technology for personal tasks while at work. We varied a company policy (formal norm) and examined participant responses to the policy relative to participants' expected personal norm (informal norm). Participants provided judgments of the ethicality of the behavior and their intention to engage in the same behavior. Both formal and informal norms influence ethicality judgments and intentions. When the norms were in conflict, both norms influence judgments and intentions, but in different ways.","RAYYAN-INCLUSION: {""julius.fenn""=>""Excluded""}",,
rayyan-800531215,Cross-cultural comparison of ethical reasoning of students in China and        the United States,2020,5,3,ACCOUNTING EDUCATION,0963-9284,29,3,291-304,"Driskill, T and Rankin, R and Driskill, Trish and Rankin, Robert",,English,"ROUTLEDGE JOURNALS, TAYLOR & FRANCIS LTD","2-4 PARK SQUARE, MILTON PARK, ABINGDON OX14 4RN, OXON, ENGLAND","As China advances, attitudes about ethical reasoning will continue to evolve from norms rooted in Confucianism, guanxi, and collectivism toward attitudes consistent with developed countries. With the lack of understanding of reasoning in China, business executives, professors, and students from developed countries rely on their society's cultural norms to inform ethical reasoning. The purpose of this study was to examine cross-cultural ethical reasoning skills of the next generation of executives in the United States and China represented by students from mid-sized universities. Using the Accounting Ethical Dilemma Instrument [Thorne, 2000. The development of two measures to assess accountants' prescriptive and deliberative moral reasoning. Behavioral Research in Accounting, 12, 139-169. https://aaajournals.org/loi/bria] and Hofstede's [1991. Cultures and organizations. McGraw-Hill] taxonomy of cultural identities, the researchers determined that students from a public university in the United States exhibited higher reasoning skills than their Chinese peers. With the potential evolution of ethical reasoning in China, findings from this study may prove beneficial in the future of the convergence of Chinese and Western cultures.","RAYYAN-INCLUSION: {""julius.fenn""=>""Included""} | RAYYAN-LABELS: excRelativism",,
rayyan-800531216,How does past behaviour stimulate consumers' intentions to repeat        unethical behaviour? The roles of perceived risk and ethical beliefs,2020,7,,BUSINESS ETHICS-A EUROPEAN REVIEW,0962-8770,29,3,602-616,"Zhao, BC and Rawwas, MY and Zeng, CH and Zhao, BaoChun and Rawwas, Mohammed Yahya and Zeng, ChengHao",,English,WILEY,"111 RIVER ST, HOBOKEN 07030-5774, NJ USA","Repeated unethical behaviour by consumers is a serious challenge for participants in business transactions, including consumers, retailers, and those responsible for market supervision. Due to the inherent risk of such behaviours, we examine perceived risk to uncover the psychological mechanism by which consumers consider past behaviour (PAB) when deciding to repeat unethical behaviour. We divide perceived risk into two categories, material risk (MAR) and nonmaterial risk (NMR), based on two kinds of ethical evaluation and explore their mediating effects in the process through which PAB influences consumers' intentions to repeat unethical behaviour (CIRUB). We check the moderating effect of consumers' ethical beliefs on the relationship between PAB and CIRUB. We use survey data from four typical ethical scenarios to test the proposed structural relationships. Direct positive effects of PAB on consumers' intentions are observed in all four scenarios. NMR has stable, positive mediating effects in all scenarios. MAR is found to have negative mediating effects in two scenarios (switching price tags and using an expired coupon) and a positive effect in one scenario (copying software). However, no effect is observed in the benefiting from a cashier's mistake scenario. Finally, ethical beliefs are proven to positively moderate the relationship between PAB and consumers' intentions in the first two scenarios, but not the last two. This study also discusses the implications of the findings and offers suggestions for future research.","RAYYAN-INCLUSION: {""julius.fenn""=>""Excluded""}",,
rayyan-800531217,"Moral disengagement and moral judgment: the roles of moral endorsement,        shareholder-value orientation, and intensity of moral issues",2021,7,4,ETHICS & BEHAVIOR,1050-8422,31,5,365-380,"Chen, NYF and Li, F and Feng, S and Zhang, SX and Chen, Nancy Yi-Feng and Li, Fuan and Feng, Shan and Zhang, Sixue",,English,"ROUTLEDGE JOURNALS, TAYLOR & FRANCIS LTD","2-4 PARK SQUARE, MILTON PARK, ABINGDON OX14 4RN, OXON, ENGLAND","Previous research demonstrates the critical role moral disengagement plays in unethical decision-making. This study investigates the relationships among moral endorsement, shareholder-value orientation, moral disengagement, and moral judgment on issues of different moral intensities. The results of a scenario-based survey conducted in China confirm the negative (positive) impact of moral disengagement (moral intensity) on moral judgment. The findings reveal that both moral endorsement and shareholder-value orientation of decision-makers significantly influence moral judgment and that moral intensity moderates the relationships between moral endorsement and moral judgment, and between shareholder-value orientation and moral disengagement. The study's theoretical contributions, managerial implications, and limitations are discussed.","RAYYAN-INCLUSION: {""julius.fenn""=>""Excluded""}",,
rayyan-800531218,Consumers' intention to use environment-friendly ethical transportation        medium: A conceptual framework and empirical evaluation,2020,4,,TRANSPORTATION RESEARCH PART F-TRAFFIC PSYCHOLOGY AND BEHAVIOUR,1369-8478,70,,235-248,"Kumar, B and Srivastava, HS and Singh, G and Kumar, Bipul and Srivastava, Himanshu Shekhar and Singh, Gurbir",,English,ELSEVIER SCI LTD,"THE BOULEVARD, LANGFORD LANE, KIDLINGTON, OXFORD OX5 1GB, OXON, ENGLAND","This study conceptualizes and tests a framework to understand consumers' intention to use environment-friendly ethical transportation medium. It primarily uses ethical decision-making model and extends it under the purview of self-consistency theory. Based on the survey of 158 respondents and analysis of the framework using structural equation modeling and process macro, this study establishes the mediating role of moral judgement, self-accountability and perceived consumer effectiveness in forming moral intention to use ethical transportation medium. It is one of the first studies to provide insights on consumers' intention to use environment-friendly ethical transportation medium using the ethical decision-making process. It also contributes to the literature on ethical decision-making in view of additional factors like self-accountability and perceived consumer effectiveness. The overall findings suggest new perspectives on consumers' ethical decision-making process in the context of choice of transportation medium. The study provides some valuable guidance to the service providers and policymakers dealing with environment-friendly ethical transportation mediums. (C) 2020 Elsevier Ltd. All rights reserved.","RAYYAN-INCLUSION: {""julius.fenn""=>""Included""} | RAYYAN-LABELS: incApplication",,
rayyan-800531219,Uncovering the moral heuristics of altruism: A philosophical scale,2020,3,23,PLOS ONE,1932-6203,15,3,,"Friedland, J and Emich, K and Cole, BM and Friedland, Julian and Emich, Kyle and Cole, Benjamin M.",,English,PUBLIC LIBRARY SCIENCE,"1160 BATTERY STREET, STE 100, SAN FRANCISCO, CA 94111 USA","Extant research suggests that individuals employ traditional moral heuristics to support their observed altruistic behavior; yet findings have largely been limited to inductive extrapolation and rely on relatively few traditional frames in so doing, namely, deontology in organizational behavior and virtue theory in law and economics. Given that these and competing moral frames such as utilitarianism can manifest as identical behavior, we develop a moral framing instrument-the Philosophical Moral-Framing Measure (PMFM)-to expand and distinguish traditional frames associated and disassociated with observed altruistic behavior. The validation of our instrument based on 1015 subjects in 3 separate real stakes scenarios indicates that heuristic forms of deontology, virtue-theory, and utilitarianism are strongly related to such behavior, and that egoism is an inhibitor. It also suggests that deontic and virtue-theoretical frames may be commonly perceived as intertwined and opens the door for new research on self-abnegation, namely, a perceived moral obligation toward suffering and self-denial. These findings hold the potential to inform ongoing conversations regarding organizational citizenship and moral crowding out, namely, how financial incentives can undermine altruistic behavior.","RAYYAN-INCLUSION: {""julius.fenn""=>""Included""} | RAYYAN-LABELS: excMixedScales",,
rayyan-800531220,An analysis of business ethics in the cultural contexts of different        religions,2020,7,,BUSINESS ETHICS-A EUROPEAN REVIEW,0962-8770,29,3,570-586,"Gallego-Alvarez, I and Rodriguez-Dominguez, L and Vallejo, JM and Gallego-Alvarez, Isabel and Rodriguez-Dominguez, Luis and Vallejo, Javier Martin",,English,WILEY,"111 RIVER ST, HOBOKEN 07030-5774, NJ USA","The aim of our research is to analyze how different religions influence business ethics. We develop an index of practices in the field of business ethics, made up of 19 items containing practices related to workers, consumers, products, human rights, management of ethical conflicts, and crime prevention. Also, we consider a wide range of religion affiliations. To undertake this research, we use a panel data sample composed of 11,956 firm-year observations from 18 countries. Drawing on stakeholder theory, we posit some hypotheses based on the religions considered. The results obtained show that a higher percentage of religious adherents in the country where a company does business usually involve the implementation of more ethical practices in the corporate field. These findings are obtained for Christian, Islamic, Jewish, and Hindu religions. In contrast, this does not stand for Buddhist and folk religions. Also, countries where there is no predominant religion do not show a confluence between religion and ethical corporate practices.","RAYYAN-INCLUSION: {""julius.fenn""=>""Excluded""}",,
rayyan-800531221,Key person ethical decision-making and substandard drugs rejection        intentions,2020,3,19,PLOS ONE,1932-6203,15,3,,"Ren, XH and Wang, XY and Sun, H and Ren, Xiaohong and Wang, Xiaoyan and Sun, He",,English,PUBLIC LIBRARY SCIENCE,"1160 BATTERY STREET, STE 100, SAN FRANCISCO, CA 94111 USA","Substandard drugs are a major public health issue worldwide. Key person such as the Qualified Person in China and Europe is responsible for rejecting substandard drugs during the manufacturing stage. This study applies the Hunt-Vitell ethical decision-making model to study their rejection intentions on substandard drugs. Using the experimental vignette methodology, two scenarios were developed to represent different levels of deviation from regulations in pharmaceutical manufacturing. Responses from 204 Chinese key persons show a decline in deontology, ethical judgment, and rejection intention, and an increase in teleology in the minor deviation scenario, in comparison with the major deviation scenario. The results from the two scenarios show that the Hunt-Vitell ethical decision-making model is well fitted to explain substandard drug rejection intentions. Organizational and occupational commitments have a significant positive impact on deontological evaluation. Whereas, occupational commitments have a significant negative impact on teleological evaluation. This study suggests that strengthening occupational commitment can significantly affect key person's rejection intentions of substandard drugs.","RAYYAN-INCLUSION: {""julius.fenn""=>""Excluded""}",,
rayyan-800531222,The Ethics of Maximizing or Satisficing: How Decision-Making Style and        Ethical Ideology Impact Moral Judgement,2020,,,BUSINESS & PROFESSIONAL ETHICS JOURNAL,0277-2027,39,1,77-96,"Soltwisch, BW and Brannon, DC and Iyer, V and Soltwisch, Brandon William and Brannon, Daniel C. and Iyer, Vish",,English,PHILOSOPHY DOCUMENTATION CENTER,"PO BOX 7147, CHARLOTTESVILLE, VA 22906-7147 USA","This study explores the relationship between decision-making styles and moral judgements to understand how maximizers and satisficers differ in their analysis of ethical dilemmas. It also explores the linkage between decision-making styles and the moral reasoning perspectives of absolutism and relativism, investigating if ethical ideologies play a mediating role in how maximizers and satisficers evaluate ethical situations. In order to test these relationships, data is collected from a sample of 187 upper level business students. Results indicate that maximizers are significantly more likely than satisficers to judge ethically ambiguous actions as immoral. Underlying this effect, maximizers (vs. satisficers) have a more idealistic ethical ideology.","RAYYAN-INCLUSION: {""julius.fenn""=>""Excluded""} | RAYYAN-LABELS: EDM",,
rayyan-800531223,The Effect of Consumer Perceptions of the Ethics of Retailers on        Purchase Behavior and Word-of-Mouth: The Moderating Role of Ethical        Beliefs,2021,7,,JOURNAL OF BUSINESS ETHICS,0167-4544,171,4,771-788,"Cheung, MFY and To, WM and Cheung, Millissa F. Y. and To, W. M.",,English,SPRINGER,"VAN GODEWIJCKSTRAAT 30, 3311 GZ DORDRECHT, NETHERLANDS","This paper explores how consumers perceive retailer ethics. Based on a review of the marketing and consumer research literature, we conceptualize consumer perceptions of the ethics of retailers (CPER) as a multidimensional construct and propose that its effects on consumer purchase behavior and word-of-mouth communication are more salient when consumers have strong rather than weak ethical beliefs. The model was validated using a random sample of 399 respondents in a collectivist society. The results of structural equation modeling confirmed that CPER is a second-order construct comprising product fairness, price fairness, non-deception, fair trade, and green products. CPER positively predicted consumer purchase behavior and word-of-mouth communication. Moreover, ethical beliefs moderated the positive relationship between CPER and the word-of-mouth communication of consumers with strong ethical beliefs but did not moderate the relationship between CPER and purchase behavior. The implications of the findings are discussed.","RAYYAN-INCLUSION: {""julius.fenn""=>""Excluded""}",,
rayyan-800531224,Opportunism is in the Eye of the Beholder: Antecedents of Subjective        Opportunism Judgments,2020,1,,JOURNAL OF BUSINESS ETHICS,0167-4544,161,3,573-589,"Arikan, AT and Arikan, Andac T.",,English,SPRINGER,"VAN GODEWIJCKSTRAAT 30, 3311 GZ DORDRECHT, NETHERLANDS","Contractualist work in business ethics as well as in economic organization theory views opportunistic behaviors as problematic since they create economic harm and are often considered to violate ethical norms. Yet, much of the empirical literature on opportunism has adopted a rather simplistic definition of opportunistic behaviors as behaviors that violate formal and/or relational contracts and assumed that instances of opportunism can be unequivocally defined by simply referring to the content of contracts. The consequence of this assumption has been a disregard for factors other than the content of contracts that may influence whether exchange partners judge an unexpected behavior they face during exchange relationships as opportunistic or not. The present investigation explores the factors that shape exchange partners' subjective opportunism judgments through two vignette-based laboratory experiments. Results from the first experiment, where subjects were asked to take the perspective of a harmed party, show that opportunism judgments are influenced by the type of the behavior, type of the causal account provided for the behavior, perceived type of the exchange, and personality traits of the actor making the judgment. The second experiment, in which subjects were asked to take the perspective of the transgressor, demonstrates the influence of perspective. In particular, victims are more likely to assess a given unexpected behavior as opportunistic than transgressors, and their judgments do not relate to the underlying factors in the same way as the victims' judgments. I discuss implications in terms of the governance of interfirm exchange relationships.","RAYYAN-INCLUSION: {""julius.fenn""=>""Excluded""}",,
rayyan-800531225,The Ethical Standards of Judgment Questionnaire: Development and        Validation of Independent Measures of Formalism and Consequentialism,2020,1,,JOURNAL OF BUSINESS ETHICS,0167-4544,161,1,115-132,"Love, E and Salinas, TC and Rotman, JD and Love, Ed and Salinas, Tara Ceranic and Rotman, Jeff D.",,English,SPRINGER,"VAN GODEWIJCKSTRAAT 30, 3311 GZ DORDRECHT, NETHERLANDS","The ethical frameworks of consequentialism and formalism predict moral awareness and behavior in individuals, but current measures either do not treat these frameworks as independent or lack sufficient theoretical underpinnings and statistical dependability. This paper presents the development and validation of a new scale to measure consequentialism and formalism that is well grounded in prior research. The Ethical Standards of Judgement Questionnaire (ESJQ) is validated via six studies (total n > 2400). Measurement items are developed in the first three studies, which also confirm the need to eliminate a unidimensional measure and evaluate these frameworks separately. The fourth study addresses discriminant validity and the two remaining studies provide insight into how consequentialism and formalism predict the degree to which behaviors are deemed acceptable by individuals in the context of consumer beliefs and religious beliefs. Suggested uses for the scale in both academia and organizations are presented.","RAYYAN-INCLUSION: {""julius.fenn""=>""Included""} | RAYYAN-LABELS: incMixedScales",,
rayyan-800531226,The impact of academic studies on ethical ideology of Ukrainian students,2020,,,JOURNAL OF EAST EUROPEAN MANAGEMENT STUDIES,0949-6181,25,2,360-383,"Mykolenko, O and Collin, SOY and Strokovych, H and Basmanova, O and Mykolenko, Olena and Collin, Sven-Olof Yrjo and Strokovych, Hanna and Basmanova, Oksana",,English,NOMOS VERLAGSGESELLSCHAFT MBH & CO KG,"WALDSEESTR 3 5, BADEN-BADEN, 76530, GERMANY","This study explores the ethical ideology of students in order to find if ethical ideology is influenced by their academic studies. We use an ethical ideology concept that distinguishes between idealism and relativism, and we surveyed 228 Ukrainian students from two universities, engaged in one Business & Economics programme and one Translation & Interpreting programme. We found that a major is a significant predictor of ethical ideology. Moreover, we identified that students specializing in the Business & Economics programme showed differences in Idealism on a year by year basis compared to students of the Translation & Interpreting programme. We also discovered the presence of an interactive effect between years of study and educational programme, indicating a change of ethical ideology over the years. Additionally, we found that ethical ideology is related to gender and the individual's well-being. Our conclusion is that university training in business studies appears to influence the ethical ideology of students.","RAYYAN-INCLUSION: {""julius.fenn""=>""Excluded""}",,
rayyan-800531227,Does Ethical Judgment Determine the Decision to Become a Cyborg?:        Influence of Ethical Judgment on the Cyborg Market,2020,1,,JOURNAL OF BUSINESS ETHICS,0167-4544,161,1,5-17,"Pelegrin-Borondo, J and Arias-Oliva, M and Murata, K and Souto-Romero, M and Pelegrin-Borondo, Jorge and Arias-Oliva, Mario and Murata, Kiyoshi and Souto-Romero, Mar",,English,SPRINGER,"VAN GODEWIJCKSTRAAT 30, 3311 GZ DORDRECHT, NETHERLANDS","Today, technological implants to increase innate human capabilities are already available on the market. Cyborgs, understood as healthy people who decide to integrate their bodies with insideable technology, are no longer science fiction, but fact. The cyborg market will be a huge new business with important consequences for both industry and society. More specifically, cyborg technologies are a unique product, with a potentially critical impact on the future of humanity. In light of the potential transformations involved in the creation of ""superhuman"" cyborgs, ethics must be a cornerstone of cyborg marketing decisions. Businesses need to take ethics into account, not only to ensure they behave ethically, as always, but also because ethics will be an important factor in buyers' decisions in the emerging cyborg market. This is because the decision to become a cyborg is determined, among many other factors, by ethical judgment. Our research focuses on how the dimensions of the Composite Multidimensional Ethics Scale (Composite MES) influence an individual's decision to become a cyborg. To test our hypotheses, we surveyed a total of 1563 higher-education students in seven different countries. The results of the survey show that ethical judgment will be a keystone in individual cyborgization. Specifically, ethical dimensions explained 48% of the intention to use cyborg technologies. The ethical analysis showed that not all MES dimensions have the same influence on the ethical judgment regarding this decision. Egoism was the most influential dimension, while contractualism was the least. These findings have important implications for both academia and business.","RAYYAN-INCLUSION: {""julius.fenn""=>""Included""} | RAYYAN-LABELS: incApplication",,
rayyan-800531228,Socially Responsible Practice and CSR Orientation of Chinese Managers:        The Role of Confucian Ethics and Confucian Dynamism,2019,12,,SUSTAINABILITY,,11,23,,"Li, FA and Wang, XY and Kashyap, R and Li, Fuan and Wang, Xingyuan and Kashyap, Rajiv",,English,MDPI,"ST ALBAN-ANLAGE 66, CH-4052 BASEL, SWITZERLAND","A concern for socially responsible practice, especially for pro-environmental behavior in emerging economies, has drawn much attention in recent years. The present study contributes to understanding socially responsible decisions of Chinese managers by explicitly modeling the interplay of their social responsibility orientation and endorsement of Confucian principles with regard to investment in environment friendly technology. The results show that Confucian ethics and Confucian dynamism exert significant influence on a socially responsible decision, either directly or through their effect on social responsibility orientation. Nonetheless, they have opposing impacts on managers' decision-making, which may help explain some anomalous managerial behavior. Implications for research and practice are provided.","RAYYAN-INCLUSION: {""julius.fenn""=>""Excluded""}",,
rayyan-800531229,"The Presence of Ethics Codes and Employees' Internal Locus of Control,        Social Aversion/Malevolence, and Ethical Judgment of Incivility: A Study        of Smaller Organizations",2019,12,,JOURNAL OF BUSINESS ETHICS,0167-4544,160,3,657-674,"Valentine, SR and Hanson, SK and Fleischman, GM and Valentine, Sean R. and Hanson, Sheila K. and Fleischman, Gary M.",,English,SPRINGER,"VAN GODEWIJCKSTRAAT 30, 3311 GZ DORDRECHT, NETHERLANDS","Workplace incivility is a current challenge in organizations, including smaller firms, as is the development of programs that enhance employees' treatment of coworkers and ethical decision making. Ethics programs in particular might attenuate tendencies toward interpersonal misconduct, which can harm ethical reasoning. Consequently, this study evaluated the relationships among the presence of ethics codes and employees' locus of control, social aversion/malevolence, and ethical judgments of incivility using information secured from a sample of businesspersons employed in smaller organizations (N = 189). Results indicated that ethics code presence was associated with a more internal locus of control and stronger ethical judgment of workplace incivility. Social aversion/malevolence was negatively related to ethical judgment, and internal locus of control was positively related to ethical judgment. Smaller firms should develop ethics codes to manage individuals' perceptions of control, thus encouraging enhanced ethical reasoning in situations that involve the mistreatment of coworkers; they should also monitor counterproductive tendencies that harm such reasoning and precipitate incivility.","RAYYAN-INCLUSION: {""julius.fenn""=>""Excluded""}",,
rayyan-800531230,Impact of religiosity on ethical judgement: a study on preference of        retail stores among consumers,2019,11,11,JOURNAL OF ISLAMIC MARKETING,1759-0833,10,4,1332-1350,"Uysal, A and Okumus, A and Uysal, Adem and Okumus, Abdullah",,English,EMERALD GROUP PUBLISHING LTD,"HOWARD HOUSE, WAGON LANE, BINGLEY BD16 1WA, W YORKSHIRE, ENGLAND","Purpose The purpose of this study is to identify the impact of ethical judgements, depending on religiosity level of consumers, on decisions of buying or not buying products from supermarkets selling alcoholic beverages. Design/methodology/approach The scope of this study covers consumers from province of Mus in Turkey who indicate they go shopping at supermarkets. Accordingly, data are collected from 362 consumers via face-to-face survey and the results are evaluated through regression analysis. Findings According to analysis, it was found that the internal and external religiosity of the consumers positively affected their ethical judgement towards the markets selling alcoholic beverages. Besides, it is concluded that the ethical judgements of consumers have a positive impact on boycott decisions against supermarkets selling alcoholic beverages. Originality/value The survey contributes to relevant literature by putting forth the impact of ethical judgements of consumers, associated with their level of religiosity, on their decisions as to preference of supermarkets. Moreover, this study is consistent with the previous studies and supports the conclusion that the ethical decisions are affected by the extrinsic and intrinsic levels of religiosity; however, they are more affected by the intrinsic levels of religiosity.","RAYYAN-INCLUSION: {""julius.fenn""=>""Excluded""}",,
rayyan-800531231,"Consumers' Personality Characteristics, Judgment of Salesperson Ethical        Treatment, and Nature of Purchase Involvement",2021,3,,JOURNAL OF BUSINESS ETHICS,0167-4544,169,2,309-331,"Bateman, CR and Valentine, SR and Bateman, Connie R. and Valentine, Sean R.",,English,SPRINGER,"VAN GODEWIJCKSTRAAT 30, 3311 GZ DORDRECHT, NETHERLANDS","Successful marketing efforts and professional sales encounters often depend on consumer involvement in the purchase decision process itself, which in turn may impact firm performance. Despite the importance of consumer involvement, research has yet to fully explain the relationship between consumer personality characteristics and the nature of consumer purchase involvement. This study explores the degree to which consumer perception of salesperson ethical treatment helps explain the relationship between consumer personality characteristics and nature of involvement. Data were collected from a large sample of working adults placed in two scenario-based positive professional sales encounters featuring an important purchase decision. The results indicated that adult consumers' personality characteristics functioned through judgment of salesperson ethical treatment to affect the nature of purchase involvement. Specifically, consumer judgment of salesperson ethical treatment fully mediated a positive relationship between internal locus of control and cognitive (as opposed to affective) involvement. By comparison, consumer judgment of a salesperson ethical treatment partially mediated the positive relationship between emotional awareness and cognitive (as opposed to affective) involvement. The above findings were similar for informational and relational salesperson customer-orientated scenarios. Key implications for selling professionals and sales organizations are discussed, such as augmenting consumers' self-assessments to increase their perceptions of salesperson ethics and purchase involvement. The limitations and recommendations for future research are also presented.","RAYYAN-INCLUSION: {""julius.fenn""=>""Excluded""}",,
rayyan-800531232,"Food ""buycott"" as an ethical choice against mafia in Italy",2019,10,14,JOURNAL OF SOCIAL MARKETING,2042-6763,9,4,490-506,"Rivaroli, S and Ruggeri, A and Spadoni, R and Rivaroli, Sergio and Ruggeri, Arianna and Spadoni, Roberta",,English,EMERALD GROUP PUBLISHING LTD,"HOWARD HOUSE, WAGON LANE, BINGLEY BD16 1WA, W YORKSHIRE, ENGLAND","Purpose As indicated in the Italian law (No. 109-1996), agri-food co-operatives can also play a role in combatting mafia-type systems by choosing to grow their food products in lands confiscated from mafia-type organisations. These food products provide individuals with a new opportunity to fight criminal organisations on the marketplace. The purpose of this study is to explore how people react to a social marketing initiative devoted to promoting food ""buycotting"" to counteract mafia-type organisations in Italy. Design/methodology/approach The data were obtained from a convenience sample of 339 Italians, and the study adopted a model inspired by the general theory of marketing ethics. A structural equation model was applied to estimate both the parameter and coefficient functions. Findings Individuals recognise the ethical value of ""buycotting"". However, they perceive this form of critical choice as not yet being fully effective in counteracting mafia-type systems in Italy. Practical implications - The results suggest that promotional and psychological approaches from marketing literature can be effectively used to influence the consumer's ethical judgement by selectively communicating and emphasising the benefits of the critical consumption investigated. Originality/value This is one of the first studies to address consumers' ethical judgments and their reactions towards buycotting food as a critical choice to reward socially responsible corporations.","RAYYAN-INCLUSION: {""julius.fenn""=>""Excluded""}",,
rayyan-800531233,Ethics of psychotherapist deception,2020,11,16,ETHICS & BEHAVIOR,1050-8422,30,8,601-616,"Curtis, DA and Kelley, LJ and Curtis, Drew A. and Kelley, Leslie J.",,English,"ROUTLEDGE JOURNALS, TAYLOR & FRANCIS LTD","2-4 PARK SQUARE, MILTON PARK, ABINGDON OX14 4RN, OXON, ENGLAND","Since Tolman?s efforts to establish a code for psychologists, the American Psychological Association?s (APA) ethics code has been maintained and revised for over six decades. One of APA?s five core principles is honesty and integrity. Recent research has found that therapists lie to patients. The current project explored therapists? and non-therapists? beliefs about the ethics of therapist deception. We recruited 245 students and 38 therapists who read and rated vignettes of therapists lying or being honest. Overall, participants judged therapist deception as unacceptable and unethical. The results of therapist honesty perceived as most ethical and acceptable align with APA?s value of honesty and integrity for the profession. Given findings from previous research suggesting the use of deception by psychotherapists, psychologists? ethics code would benefit by addressing honesty and integrity in more detail within the context of psychotherapy.","RAYYAN-INCLUSION: {""julius.fenn""=>""Excluded""}",,
rayyan-800531234,Management accountants and ethical dilemmas: How to promote ethical        intention?,2019,10,,JOURNAL OF MANAGEMENT CONTROL,2191-4761,30,3,287-322,"Hirth-Goebel, TF and Weissenberger, BE and Hirth-Goebel, Tabea Franziska and Weissenberger, Barbara E.",,English,SPRINGER,"VAN GODEWIJCKSTRAAT 30, 3311 GZ DORDRECHT, NETHERLANDS","Multiple incidents of misconduct have strengthened the need to foster ethical behavior in organizations. Unfortunately, the reasons why some people tend to ignore ethical considerations are largely unclear. In particular, comprehensive analyses in the context of management accounting are still rare. As a distinctive characteristic, our study therefore aims at generating more knowledge about the driving factors in ethical decision-making processes of professional management accountants and thus complements findings of experimental studies in other fields. Based on survey data from 90 international management accountants, we find evidence that the ethical environment strongly affects management accountants' tendency not to engage in ethically questionable behavior. In detail, our results support the notion that the connection between ethical awareness and the intention to engage in ethically questionable behavior is rather indirect and also mediated by the level of ethical experience, i.e., individuals' exposure to ethical role models in organizations. In sum, our research study helps to disentangle the ethical decision-making process of professional management accountants and illustrates that ethical environments are necessary to enforce adequate ethical behavior.","RAYYAN-INCLUSION: {""julius.fenn""=>""Excluded""}",,
rayyan-800531235,"Ethical Judgement in UK Business Students: Relationship with Motivation,        Self-Compassion and Mental Health",2019,10,,INTERNATIONAL JOURNAL OF MENTAL HEALTH AND ADDICTION,1557-1874,17,5,1132-1146,"Kotera, Y and Conway, E and Van Gordon, W and Kotera, Yasuhiro and Conway, Elaine and Van Gordon, William",,English,SPRINGER,"233 SPRING ST, NEW YORK, NY 10013 USA","Business ethics have come under increasing scrutiny recently due to various corporate scandals. This has prompted a need for research into the characteristics of people drawn to the business world and the education they receive. This study (i) evaluates the levels of ethical judgement, mental health, motivation, and self-compassion in 144 UK business students and (ii) assesses the relationships between these variables. A high proportion of respondents (i) believed that other students would behave unethically, whilst they themselves would not, and (ii) had a high level of anxiety, extrinsic motivation and self-compassion. Extrinsic motivation was associated with participants' belief that others would behave unethically, whilst intrinsic motivation was associated with strict ethical judgement and self-compassion. Extrinsic motivation and self-compassion were significant explanatory variables for students' ethical judgement, and self-compassion was a significant explanatory variable for mental health symptoms. This study is unique in examining the facets of ethics, mental health, self-compassion and motivation in business students. Findings have implications for both educators and practitioners since improving ethical behaviour in the future workforce may be achieved by augmenting future employees' levels of self-compassion and intrinsic motivation, rather than solely administering ""ethics training"" that has been found to be of limited value. Findings also indicate that such an approach may have utility for improving business students' mental health.","RAYYAN-INCLUSION: {""julius.fenn""=>""Excluded""}",,
rayyan-800531236,The Psychology of Shoplifting: Development of a New Typology for        Repeated Shoplifting,2019,10,,INTERNATIONAL JOURNAL OF OFFENDER THERAPY AND COMPARATIVE CRIMINOLOGY,0306-624X,63,13,2338-2355,"Nadeau, MM and Rochlen, AB and Tyminski, R and Nadeau, Miranda M. and Rochlen, Aaron B. and Tyminski, Robert",,English,SAGE PUBLICATIONS INC,"2455 TELLER RD, THOUSAND OAKS, CA 91320 USA","Despite the damaging effects of shoplifting on individuals, the current literature offers little guidance for changing shoplifting behavior. One limitation in this area of research has been the failure to use empirically and theoretically sound methodologies to identify individuals' diverse characteristics and motivations. The present study addressed these limitations by developing an empirically and theoretically supported typology of the varied individuals who shoplift. Participants included 202 community individuals who reported repeated shoplifting and provided information about their shoplifting behavior, motivations, mental health, ethical attitudes, personal histories, and life circumstances. Cluster analyses revealed that the sample could be divided into six discrete groups. These clusters comprise a typology of shoplifting, including Loss-Reactive (28% of the sample), Impulsive (20%), Depressed (18%), Hobbyist (18%), Addictive-Compulsive (9%), and Economically Disadvantaged (7%) types. Each type comprises a unique pattern of shoplifting with unique needs. This research establishes a promising foundation for treating the diverse individuals who shoplift.","RAYYAN-INCLUSION: {""julius.fenn""=>""Excluded""}",,
rayyan-800531237,Strengthening Customer Value Development and Ethical Intent in the        Salesforce: The Influence of Ethical Values Person-Organization Fit and        Trust in Manager,2019,10,,JOURNAL OF BUSINESS ETHICS,0167-4544,159,3,913-925,"Schwepker, CH and Schwepker, Charles H., Jr.",,English,SPRINGER,"VAN GODEWIJCKSTRAAT 30, 3311 GZ DORDRECHT, NETHERLANDS","This research seeks to better understand how an organization-related employee perception and job attitude may influence organizational members to ethically create customer value. Specifically, it is proposed that high person-organization fit perception, more precisely ethical values person-organization fit perception, can influence business-to-business salesperson commitment to providing superior customer value both directly and indirectly through trust in sales manager, while encouraging ethical salesforce behavior, an important aspect of communicating and delivering customer value. Results from a study of 408 business-to-business salespeople find that ethical values person-organization fit positively influences salesperson commitment to providing superior customer value, as well as trust in manager. Trust in manager directly affects commitment to customer value and mediates the relationship between ethical values person-organization fit and unethical intent. Theoretical and managerial implications are provided, as well as directions for future research.","RAYYAN-INCLUSION: {""julius.fenn""=>""Excluded""}",,
rayyan-800531238,The Differential Influence of Identification on Ethical Judgment: The        Role of Brand Love,2019,9,,JOURNAL OF BUSINESS ETHICS,0167-4544,158,3,875-891,"Dalman, MD and Buche, MW and Min, J and Dalman, M. Deniz and Buche, Mari W. and Min, Junhong",,English,SPRINGER,"VAN GODEWIJCKSTRAAT 30, 3311 GZ DORDRECHT, NETHERLANDS","As negative information about companies becomes widely available and spreads rapidly through digital communications, understanding consumer reactions to these events and how human perceptions are shaped becomes increasingly important. In this paper, we investigate how consumers' identification with brands and their love for them affect their support for the brand during extremely unethical (negative) situations. The results indicate that brand identification both decreases (direct effect) and increases (indirect effect through brand love) consumers' ethical judgment following extremely unethical events. Moreover, we find that consumers who are in a love type relationship with the brand proactively shield the brand from other consumers by employing two brand supportive behaviors; sin of omission and brand defense.","RAYYAN-INCLUSION: {""julius.fenn""=>""Excluded""}",,
rayyan-800531239,How Outcome Information Affects Ethical Attitudes and Intentions to        Behave,2019,,,BEHAVIORAL RESEARCH IN ACCOUNTING,1050-4753,31,2,1-15,"Fleischman, GM and Valentine, SR and Fleischman, Gary M. and Valentine, Sean R.",,English,AMER ACCOUNTING ASSOC,"5717 BESSIE DR, SARASOTA, FL 34233 USA","The purpose of this experiment is to examine how outcome information affects individual ethical attitudes and intentions to behave. In the present study, a scenario manager employs revenue manipulation by prematurely forcing a product through distribution channels. This investigation employs a 1 x 3 between-subjects and randomized experimental design where the scenario manager's unethical behavior is associated with three behavior-based organizational outcomes: favorable, moderately unfavorable, and unfavorable. We model individual ethical reasoning using the expanded Theory of Reasoned Action. Our findings suggest that the theory provides an appropriate and parsimonious fit for modeling individual ethical reasoning in the channel stuffing context. Specifically, we also find that as organizational outcomes of the scenario manager's coercive behavior shift from unfavorable to favorable, participants judge unethical behavior less harshly, a concerning finding for regulators and policymakers. These findings have significant implications for new revenue recognition standards, such as IFRS 15 and ASC 606.","RAYYAN-INCLUSION: {""julius.fenn""=>""Excluded""}",,
rayyan-800531240,Ethics Versus Outcomes: Managerial Responses to Incentive-Driven and        Goal-Induced Employee Behavior,2019,9,,JOURNAL OF BUSINESS ETHICS,0167-4544,158,4,951-967,"Fleischman, GM and Johnson, EN and Walker, KB and Valentine, SR and Fleischman, Gary M. and Johnson, Eric N. and Walker, Kenton B. and Valentine, Sean R.",,English,SPRINGER,"VAN GODEWIJCKSTRAAT 30, 3311 GZ DORDRECHT, NETHERLANDS","Management plays an important role in reinforcing ethics in organizations. To support this aim, managers must use incentive and goal programs in ethical ways. This study examines experimentally the potential ethical costs associated with incentive-driven and goal-induced employee behavior from a managerial perspective. In a quasi-experimental setting, 243 MBA students with significant professional work experience evaluated a hypothetical employee's ethical behavior under incentive pay systems modeled on a business case. In the role of the employee's manager, participants evaluated the ethicality of the employee's incentive-driven and goal-induced ethical/unethical behavior and the outcomes of behavior, with consequences that were either favorable or unfavorable to the organization. The results indicated that participants discounted the ethical considerations of incentive-driven and goal-induced behavior when consequences were favorable to the organization. Participants' morals and outcome orientations were also significantly related to their ethical judgments and intentions to intervene. The implications of these findings for research and practice are discussed.","RAYYAN-INCLUSION: {""julius.fenn""=>""Excluded""}",,
rayyan-800531241,Cross-cultural study about cyborg market acceptance: Japan versus Spain,2019,,,EUROPEAN RESEARCH ON MANAGEMENT AND BUSINESS ECONOMICS,2444-8834,25,3,129-137,"Murata, K and Arias-Oliva, M and Pelegrin-Borondo, J and Murata, Kiyoshi and Arias-Oliva, Mario and Pelegrin-Borondo, Jorge",,English,ELSEVIER SCI LTD,"THE BOULEVARD, LANGFORD LANE, KIDLINGTON, OXFORD OX5 1GB, OXON, ENGLAND","Cyborg technologies have left science fiction to become an emerging market. Cyborgs are defined as people who integrate technical elements in their bodies to improve their capacities over innate ones. Taking into consideration the human revolution that this technology can provoke, a cultural approach should be considered in any cyborg market strategy. Our research analyses how ethical awareness, innovativeness perceptions and perceived risk influence the decision to become a cyborg, analysing whether cultures as different as those of Japan and Spain show different results. We focus our study on young higher-education students, collecting a sample of 300 surveys in Japan and 286 in Spain. The findings are surprising. Ethics is the most influential variable on the intention to use this technology. The different cultural aspects concerned with body modification in Japan and Spain constitute a key concern when implanting cyborg technology. Nevertheless, we did not find statistically significant differences in the acceptance of cyborg technology between these two countries. (C) 2019 AEDEM. Published by Elsevier Espana, S.L.U.","RAYYAN-INCLUSION: {""julius.fenn""=>""Excluded""}",,
rayyan-800531242,"Satisfied with the Job, But Not with the Boss: Leaders' Expressions of        Gratitude and Pride Differentially Signal Leader Selfishness, Resulting        in Differing Levels of Followers' Satisfaction",2019,9,,JOURNAL OF BUSINESS ETHICS,0167-4544,158,4,1185-1202,"Ritzenhofer, L and Brosi, P and Sporrle, M and Welpe, IM and Ritzenhoefer, Lisa and Brosi, Prisca and Spoerrle, Matthias and Welpe, Isabell M.",,English,SPRINGER,"VAN GODEWIJCKSTRAAT 30, 3311 GZ DORDRECHT, NETHERLANDS","Setting out to understand the effects of positive moral emotions in leadership, this research examines the consequences of leaders' expressions of gratitude and pride for their followers. In two experimental vignette studies (N = 261; N = 168) and a field study (N = 294), leaders' gratitude expressions showed a positive effect and leaders' pride expressions showed a negative effect on followers' ascriptions of leader selfishness. Thereby, leaders' gratitude expression indirectly led to higher follower satisfaction with and OCB towards the leader, while leaders' pride expressions indirectly reduced satisfaction with and OCB towards the leader. Furthermore, leaders' expressions of gratitude indirectly reduced followers' intentions to leave the leader, while leaders' expressions of pride indirectly fuelled them. Although ascriptions of selfishness consistently influenced these leader outcomes more strongly than comparable organizational outcomes, results on organizational outcomes were mixed. While leaders' expressions of gratitude led, as expected, to higher job satisfaction and lower turnover intentions, leaders' expressions of pride showed positive relations with both OCB towards the organization and intentions to leave the organization. We discuss the theoretical implications of leaders' expressions of positive moral emotions as signals of outcome attributions, as well as leaders' selfishness and practical implications that help leaders build followers' satisfaction and positive leader-follower relationships.","RAYYAN-INCLUSION: {""julius.fenn""=>""Excluded""}",,
rayyan-800531243,Why bad feelings predict good behaviours: The role of positive and        negative anticipated emotions on consumer ethical decision making,2019,10,,BUSINESS ETHICS-A EUROPEAN REVIEW,0962-8770,28,4,529-545,"Escadas, M and Jalali, MS and Farhangmehr, M and Escadas, Marco and Jalali, Marjan S. and Farhangmehr, Minoo",,English,WILEY,"111 RIVER ST, HOBOKEN 07030-5774, NJ USA","Research suggests that emotions can greatly influence consumer decision making and behaviours. Notwithstanding, our understanding of the role of anticipated emotions in what is an inherently complex deliberation process-that of consumer ethics-is still quite limited. The present study thus aims to address this gap, in two key ways: first, by measuring the influence of positive and negative anticipated emotions at each stage of the consumer ethical decision making process; and second by describing the specific emotions that most affect each component of the consumer ethical deliberation process and assessing their relative weight in predicting decisions involving ethical issues. Through the examination of 603 ethical situations and using multiple regression analysis, the findings indicate that anticipated emotions can account for up to 59% of the variance in consumer decisions involving ethics. Anticipating the experience of negative emotions as a result of carrying out an unethical behaviour was the affective component found to most influence consumer ethical deliberation process; and anticipated guilt was the discrete emotion exerting the greatest effect on consumer decision making in ethical situations. The findings indicate that more than feeling good, consumers avoid feeling bad; such that ethically favourable decisions emerge to prevent experiencing negative emotions in the future.","RAYYAN-INCLUSION: {""julius.fenn""=>""Excluded""}",,
rayyan-800531244,Negative stereotyping in business ethics vignettes,2019,7,,AFRICAN JOURNAL OF BUSINESS ETHICS,1817-7417,13,1,78-94,"Eccles, NS and Magagula, B and Eccles, Neil Stuart and Magagula, Busisiwe",,English,SUNJOURNALS,"STELLENBOSCH UNIV LIB & INFORMATION SERV, PRIVATE BAG X5036,        STELLENBOSCH, 7599, SOUTH AFRICA","In 2014, Birtch et al. published an article that, in our view, contained unnecessary negative cultural/racial stereotyping in a vignette presented in their introduction. Given the potentially harmful consequences of negative stereotyping, and the relatively frequent use of vignettes in the business ethics literature, this prompted us to wonder whether this was an isolated instance or a more widespread occurrence. To investigate this question, we conducted a search of the scholarly literature for articles containing the string 'vignette' or 'scenario', and 'business ethics' using the EBSCOhost databases to which our institution subscribes. This search yielded a collection of 154 articles where vignettes were presented. Of these, approximately 18% contained negative cultural or racial stereotyping while 38% contained some form of negative gender stereotyping. In our view, these are uncomfortably high frequencies, so uncomfortably high, in fact, that they prompt us to conclude with a plea to authors, editors and reviewers within the business ethics academic literature to be on guard against this practice.","RAYYAN-INCLUSION: {""julius.fenn""=>""Excluded""}",,
rayyan-800531245,The Santa Clara Ethics Scale,2019,6,,PASTORAL PSYCHOLOGY,0031-2789,68,3,321-329,"Plante, TG and McCreadie, A and Plante, Thomas G. and McCreadie, Anna",,English,SPRINGER,"233 SPRING ST, NEW YORK, NY 10013 USA","Ethics and ethical decision-making are important for well-functioning communities and societies, including college campuses. Yet, there are very few high quality, cost-effective, relevant, and easy-to-use assessment instruments currently available. This paper introduces the new Santa Clara Ethics Scale, a very brief no-cost questionnaire assessing general ethics. The 10-item scale was administered to 200 university students along with several other measures to assess convergent and divergent validity. Information regarding the validity and reliability of the scale along with test utility is presented. Implications for future research and use are discussed as well.","RAYYAN-INCLUSION: {""julius.fenn""=>""Included""} | RAYYAN-LABELS: incMixedScales",,
rayyan-800531246,Ethical Judgment of Food Fraud. Effects on Consumer Behavior,2019,7,24,JOURNAL OF FOOD PRODUCTS MARKETING,1045-4446,25,6,605-627,"Hernandez, A and Kaeck, DL and Hernandez, Asuncion and Kaeck, Danielle Linton",,English,"ROUTLEDGE JOURNALS, TAYLOR & FRANCIS LTD","2-4 PARK SQUARE, MILTON PARK, ABINGDON OX14 4RN, OXON, ENGLAND","This study brings important insights for the food industry by addressing how consumers ethically judge or evaluate unethical firm behavior, in specific reference to food fraud, and if and to what extent that judgment affects the consumer-brand relationship and consumer behavior. it is an empirical investigation of the unethical intentional mislabeling in the U. S food industry. The paper analysis if there are statistically significant associations between brand attachment, ethical judgment, brand commitment, and purchase intention. Quantitative data (151) was collected about three different leading manufacturing food brands (three studies). Correlation and regression analyses were conducted. Findings reveal the important relation between all the constructs. Significant effects on how consumers ethically judged this brand transgression. Thus, it was found that as consumers judged this action as more unethical, the intentions to both stay committed to and purchase the brand were considerably damaged.        [GRAPHICS]        .","RAYYAN-INCLUSION: {""julius.fenn""=>""Excluded""}",,
rayyan-800531247,Understanding ethical purchasing behavior: Validation of an enhanced        stage model of ethical behavior,2019,5,,JOURNAL OF RETAILING AND CONSUMER SERVICES,0969-6989,48,,50-59,"Andersch, H and Arnold, C and Seeman, AK and Lindenmeier, J and Andersch, Henrike and Arnold, Christian and Seeman, Ann-Kathrin and Lindenmeier, Joerg",,English,ELSEVIER SCI LTD,"THE BOULEVARD, LANGFORD LANE, KIDLINGTON, OXFORD OX5 1GB, OXON, ENGLAND","This article uses a stage model of ethical decision-making to explain consumers' inclination toward ethical product alternatives. The current paper enhances the stage-model approach by considering egoistic purchasing motives and gender as moderating variables. The current study shows that the effect of negative affect on ethical purchasing intention is mediated by ethical judgement and moral obligation. Interestingly, the mediation effect is more pronounced for male respondents. Furthermore, egoistic purchasing motives moderate the effects of the stage-model components on ethical judgment as well as on ethical purchasing intention. These moderation effects are boosted or altered if gender is considered as moderator. Based on the empirical results and considering study limitations, the paper presents practical implications and avenues for future research.","RAYYAN-INCLUSION: {""julius.fenn""=>""Excluded""}",,
rayyan-800531248,Three Levels of Ethical Influences on Selling Behavior and Performance:        Synergies and Tensions,2019,5,,JOURNAL OF BUSINESS ETHICS,0167-4544,156,2,377-397,"Kadic-Maglajlic, S and Micevski, M and Lee, N and Boso, N and Vida, I and Kadic-Maglajlic, Selma and Micevski, Milena and Lee, Nick and Boso, Nathaniel and Vida, Irena",,English,SPRINGER,"VAN GODEWIJCKSTRAAT 30, 3311 GZ DORDRECHT, NETHERLANDS","In general, the business ethics literature has treated the conceptual domains and outcomes of macro-level (industrial), meso-level (organizational), and micro-level (individual) ethical influence separately. However, this singular treatment ignores the synergies and tensions that can arise across these different types of ethical influence. Using sales as a research context, the current study argues that all three ethical frames of references are important in shaping employee behavior and performance and, as such, should be examined simultaneously. The findings show that industrial ethical climate and salesperson moral equity are positively associated with salesperson customer orientation. In addition, industrial and organizational ethical norms have a stronger joint effect on customer orientation than either ethical climate alone. More specifically, a more ethical organizational climate enhances the positive effects of the industrial ethical climate on customer orientation. Furthermore, whereas salesperson moral equity is significantly associated with salesperson customer orientation, strong moral equity beliefs in situations requiring adaptive selling result in weaker sales outcomes. This study concludes with a set of theoretical and actionable implications, as well as a discussion of future research avenues.","RAYYAN-INCLUSION: {""julius.fenn""=>""Excluded""}",,
rayyan-800531249,"Moral intensity, ethical decision making, and whistleblowing intention",2019,5,,JOURNAL OF BUSINESS RESEARCH,0148-2963,98,,277-288,"Valentine, S and Godkin, L and Valentine, Sean and Godkin, Lynn",,English,ELSEVIER SCIENCE INC,"STE 800, 230 PARK AVE, NEW YORK, NY 10169 USA","Given the importance of organizational whistleblowing, the purpose of this study is to investigate the relationships among individuals' perceptions of moral intensity, ethical decision making, and whistleblowing intentions. Using information collected from employees' working for varied firms, the analysis indicates that several dimensions of moral intensity, predominantly seriousness of consequences and social consensus, are positively related to components of ethical decision making, namely the recognition and perceived importance of an ethical issue, ethical judgment, and ethical intention. The results also show that the recognition and perceived importance of an ethical issue and ethical judgment are positively related to whistleblowing intention. Finally, seriousness of consequences is positively related to whistleblowing intention. The managerial implications of these findings are discussed, including the development of an ethical work context and programs that enhance ethical sensitivity. The research limitations and suggestions for future research are also highlighted.","RAYYAN-INCLUSION: {""julius.fenn""=>""Excluded""}",,
rayyan-800531250,Perceived justice and CSR after service recovery,2019,4,8,JOURNAL OF SERVICES MARKETING,0887-6045,33,2,206-219,"La, S and Choi, B and La, Suna and Choi, Beomjoon",,English,EMERALD GROUP PUBLISHING LTD,"HOWARD HOUSE, WAGON LANE, BINGLEY BD16 1WA, W YORKSHIRE, ENGLAND","Purpose The purpose of this paper is to examine the relationships between perceived justice and perceived corporate social responsibility (CSR) and the impact of perceived justice and CSR perceptions on customers' behavioral responses, such as satisfaction and repatronage intention after service recovery. The authors also investigate the moderating role of service failure severity in the relationship between perceived justice and perceived CSR. Design/methodology/approach The data were collected using individually completed questionnaires. The proposed model was tested using structural equation modeling, and the moderation effects of failure severity in the relationship between perceived justice and perceived CSR were analyzed using stepwise multiple regression models. Findings The results suggest a path from satisfaction to CSR perceptions, which indicates that the link between CSR perceptions and satisfaction is reversed in the context of service recovery. The authors further reveal recovery satisfaction in two ways: It has a direct influence on repatronage intentions as well as an indirect influence via perceived CSR. Finally, the results demonstrate that the severity of a service failure intensifies the impact of distributive and procedural justice perceptions on perceived CSR, and perceived CSR serves as a partial mediator in the path from recovery satisfaction to repatronage intentions.        Originality/value The authors propose a model of perceived justice - perceived CSR - repatronage intentions within the service recovery context in an attempt to deepen the understanding of the antecedents of repatronage intention and the relationship between repatronage intention and recovery satisfaction following service recovery encounters by introducing perceived justice and CSR. Moreover, the authors discover the moderating effect of service failure severity on the relationship between justice perceptions and perceived CSR.","RAYYAN-INCLUSION: {""julius.fenn""=>""Excluded""}",,
rayyan-800531251,Incentivized methods to generate electronic word-of-mouth: Implications        for the resort industry,2019,4,,INTERNATIONAL JOURNAL OF HOSPITALITY MANAGEMENT,0278-4319,78,,142-149,"Stanton, SJ and Kim, J and Thor, JC and Deng, XD and Stanton, Steven J. and Kim, John and Thor, Jennifer C. and Deng, Xiaodong",,English,ELSEVIER SCI LTD,"THE BOULEVARD, LANGFORD LANE, KIDLINGTON, OXFORD OX5 1GB, OXON, ENGLAND","Electronic word-of-mouth (eWOM) via social media and the internet is a popular channel through which consumers are communicating with other consumers. To increase eWOM effectiveness, some resorts have developed alternative methods to incentivize consumers to generate eWOM. These methods include: hiring reviewers, providing social currency to acquire products at a later date, or providing free product (stays at their resort). Under the theoretical framework of the Persuasion Knowledge Model (Friestad and Wright, 1994), the impact of these methods on consumers' perception of the resort's image, moral judgments regarding the methods, and attitudes toward the resort was studied through an experiment. We found that the different methods to incentivize eWOM yielded significantly different moral judgments, which then predicted consumers' attitudes toward the resort and the resort's image. Additionally, different levels of corporate social responsibility (CSR) and consumers' perception of industry practice norms also had effects on consumers' moral judgments.","RAYYAN-INCLUSION: {""julius.fenn""=>""Excluded""}",,
rayyan-800531252,DOES THE INTENSITY OF SEXUAL STIMULI AND FEMINISM INFLUENCE THE        ATTITUDES OF CONSUMERS TOWARD SEXUAL APPEALS AND ETHICAL JUDGMENT? AN        ECUADORIAN PERSPECTIVE,2019,,,REVISTA DE COMUNICACION DE LA SEECI,1575-9628,,48,45-62,"Brito-Rhor, MD and Rodriguez-Herraez, B and Chachalo-Carvajal, GP and Brito-Rhor, Maria D. and Rodriguez-Herraez, Beatriz and Chachalo-Carvajal, Grace P.",,English,"UNIV COMPLUTENSE MADRID, FAC CIENCIAS INFORMACION","AVE COMPLUTENSE, S-N, MADRID, 28040, SPAIN","The objective of this piece of research was to analyze if the attitude toward feminist thought, in a Latin cultural context, influenced the attitude toward different advertisements that used sexual appeals to the body of women. This study was based on theoretical research conducted by Hojoon Choi, Kyunga Yoo, Tom Reichert and Michael LaTour (2016). There were 4 advertisements with various types of sexual appeals: complete nudity, semi-nudity, no nudity and hostile sexism. The results show that the average feminist attitude (M = 3.52, SD = 0.82) is from fair to good and there is a significant difference between men (M = 3.38, SD = 0.87) and women (M = 3.64, SD = 0.77). Women show a slightly more feminist attitude than men. Regarding attitudes to advertisements with different types of sexual content, it was evident that there was a significant difference in the means of ethical attitude towards them. The higher the level of nudity used in the advertisement, the more negative the ethical attitude was. In addition, the average ethical judgment on the ad with ""hostile sexism"" was significantly different from the ad with semi-nudity and complete nudity. Of the four ads, a significant difference could be found between the feminist attitude and the ethical attitude toward the ad that contained images of hostile sexism. The group with a high degree of feminism had a more negative ethical attitude toward the ad with hostile sexism (M = 3.81, SD = 1.69) compared to the low grade feminism group (M = 4.19, SD = 1.40).","RAYYAN-INCLUSION: {""julius.fenn""=>""Excluded""}",,
rayyan-800531253,Are Marketers Egoists? A Typological Explication,2019,3,,JOURNAL OF BUSINESS ETHICS,0167-4544,155,2,611-621,"Ramanathan, J and Swain, B and Ramanathan, Jayasankar and Swain, Biswanath",,English,SPRINGER,"VAN GODEWIJCKSTRAAT 30, 3311 GZ DORDRECHT, NETHERLANDS","The purpose of this paper is to explicate the idea of egoism in the context of marketing. The idea of egoism is reviewed and contextualized into a framework for interpreting different marketer types. Marketers' potential trade-offs with consumers and competitors are examined. Four types of marketers are explicated: extremely egoistic marketer, moderately egoistic marketer, moderately altruistic marketer, and extremely altruistic marketer. The framework offered in the paper is of relevance to marketers, media, and agencies rewarding marketing performance. The framework may help in assessing the ethical quotient in marketers' preferences and behaviors. Studies recognizing the pertinence of egoism in marketing are scarce, and the typological framework discussed in the paper is a contribution to the marketing ethics literature.","RAYYAN-INCLUSION: {""julius.fenn""=>""Excluded""}",,
rayyan-800531254,The influence of construal of self on internal auditors' judgments on        whistle-blowing: Evidence from China,2019,3,,INTERNATIONAL JOURNAL OF AUDITING,1090-6738,23,1,73-85,"Zheng, BZ and Patel, C and Evans, E and Zheng, Bella Zhuoru and Patel, Chris and Evans, Elaine",,English,WILEY,"111 RIVER ST, HOBOKEN 07030-5774, NJ USA","Our paper contributes to the audit literature by examining whether internal auditors' personal values measured by construal of self systematically influence their acceptance and likelihood of engaging in whistle-blowing. China provides a particularly appropriate national context for our study because evidence shows that the traditional internal control systems have largely failed to achieve their objective of preventing wrongdoings. Internal auditors have been selected as subjects because of the importance placed on them by regulators and enterprises in designing and implementing whistle-blowing systems. Construal of self has been selected for examination because it captures complex moral, cognitive processes experienced by individuals at both cultural and personality levels. This study develops and finds support for the hypotheses that, compared with independents, interdependent internal auditors are less accepting and less likely to engage in whistle-blowing. The results also show the presence of ""holier-than-thou"" perception bias among internal auditors. The findings may benefit local and multinational enterprises, regulators, and researchers who are interested in designing and developing more compatible whistle-blowing policies and procedures.","RAYYAN-INCLUSION: {""julius.fenn""=>""Excluded""}",,
rayyan-800531255,The effect of affective response to corporate social irresponsibility on        consumer resistance behaviour: validation of a dual-channel model,2019,2,12,JOURNAL OF MARKETING MANAGEMENT,0267-257X,35,3,253-276,"Trautwein, S and Lindenmeier, J and Trautwein, Stefan and Lindenmeier, Joerg",,English,"ROUTLEDGE JOURNALS, TAYLOR & FRANCIS LTD","2-4 PARK SQUARE, MILTON PARK, ABINGDON OX14 4RN, OXON, ENGLAND","This paper delineates a dual-channel model of consumer resistance towards corporate social irresponsibility. The model assumes a conditional mediational relationship among affective response to corporate social irresponsibility and ethical judgement as drivers of consumers' inclination towards boycotting, protesting and negative word-of-mouth. Mediation-analysis results are largely in line with the model hypotheses: Affective response to corporate social irresponsibility solely has a significant direct effect on resistance inclination of consumers with a low preference for ethical products. Moreover, contractualistic and moral equity (utilitarian) judgement mediate(s) the effect of affective response on resistance intention for consumers with high (low) ethical product preferences. Based on the empirical findings, the paper presents practical implications and avenues for future research.","RAYYAN-INCLUSION: {""julius.fenn""=>""Excluded""}",,
rayyan-800531256,'I've got you under my skin' - The role of ethical consideration in the        (non-) acceptance of insideables in the workplace,2019,2,,TECHNOLOGY IN SOCIETY,0160-791X,56,,93-108,"Gauttier, S and Gauttier, Stephanie",,English,ELSEVIER SCI LTD,"THE BOULEVARD, LANGFORD LANE, KIDLINGTON, OXFORD OX5 1GB, OXON, ENGLAND","This study examines the press coverage of initiatives taken by three companies, in three different countries, to propose chip implants to their employees (`insideable' technology). The study sought to identify prevalent topics, the motivations and measures taken by the companies, the drivers and barriers of employees towards the chips, and the issues raised by experts in the newspaper articles. Content analysis was performed, with each Case being analysed separately. Then, overarching themes and differences are observed. The ethical considerations driving perception of technology have to do with privacy, the proportionality principle, harm and safety. People accepting the technology do not mention such constructs, they focus on the possibility of being pioneers and the convenience offered by the technology. Societal acceptance, through the gaze of others and the infrastructure developed in the different countries to use microchips, also plays a role to drive personal and work-related acceptance of insideables. A modelling to investigate the acceptance of insideables taking into account different dimensions of acceptability is proposed.","RAYYAN-INCLUSION: {""julius.fenn""=>""Included""} | RAYYAN-LABELS: excApplication",,
rayyan-800531257,What outcomes have mindfulness and meditation interventions for managers        and leaders achieved? A systematic review,2019,1,2,EUROPEAN JOURNAL OF WORK AND ORGANIZATIONAL PSYCHOLOGY,1359-432X,28,1,11-29,"Donaldson-Feilder, E and Lewis, R and Yarker, J and Donaldson-Feilder, Emma and Lewis, Rachel and Yarker, Joanna",,English,"ROUTLEDGE JOURNALS, TAYLOR & FRANCIS LTD","2-4 PARK SQUARE, MILTON PARK, ABINGDON OX14 4RN, OXON, ENGLAND","No systematic review had previously been conducted examining the benefits mindfulness or meditation interventions for leaders and managers. However, the literature suggested that such interventions would have a positive impact on leaders' own well-being, their leadership capability, their ""post-conventional"" leadership capacity, and their direct reports. The purpose of this study was therefore to systematically review research on mindfulness or meditation interventions for managers and leaders. Our review identified 19 studies that met the inclusion criteria. Findings indicate some encouraging signs that mindfulness and meditation interventions may improve aspects of leaders'/managers' well-being and resilience, and leadership capability, possibly including their ""post-conventional"" leadership, but research results are very variable in quality and strength, and there was no evidence on benefits for participants' direct reports. The studies reviewed explored a diversity of interventions, but provided little insight into which mindfulness and meditation interventions for managers and leaders are most effective, in what context they are best applied, or for whom they are most suitable. While the sub-set of studies that measured mindfulness found that the interventions used did increase participants' mindfulness, there was no exploration of whether improved mindfulness was the mechanism by which other positive outcomes were achieved.","RAYYAN-INCLUSION: {""julius.fenn""=>""Excluded""}",,
rayyan-800531258,Israeli media reality vs. consumer attitudes: TV viewers' ethical        perceptions and attitudes towards regulation of embedded paid content,2019,1,2,ISRAEL AFFAIRS,1353-7121,25,1,165-184,"Zimand-Sheiner, D and Lahav, T and Zimand-Sheiner, Dorit and Lahav, Tamar",,English,"ROUTLEDGE JOURNALS, TAYLOR & FRANCIS LTD","2-4 PARK SQUARE, MILTON PARK, ABINGDON OX14 4RN, OXON, ENGLAND","Covert advertising such as embedded paid content (EPC) is flourishing on Israeli TV, but in most cases regulators' prohibiting rules are not enforced. Though the regulators' role is to safeguard the public's right to know, the public's attitudes and ethical perceptions of EPC on TV is not being addressed. The current survey is an initial attempt to discover TV viewers' attitudes towards EPC. While respondents' attitudes towards product placement were indifferent, their attitudes towards EPC were generally negative. Results indicate that after being informed regarding paid TV content, respondents considered EPC to be culturally acceptable in Israeli (relativism), but morally unethical (moral equity). They also considered EPC a violation of the unwritten contract with media creators regarding the authenticity of media content (contractualism). Findings suggest that the Israeli public should be better informed regarding EPC and should be taken into consideration when dealing with its use, regulation and enforcement.","RAYYAN-INCLUSION: {""julius.fenn""=>""Excluded""}",,
rayyan-800531259,Corporate Stakeholder Democracy,2019,,,CORPORATE STAKEHOLDER DEMOCRACY: Politicizing Corporate Social        Responsibility,,,,1-342,"Braun, R and Braun, R",,English,CENTRAL EUROPEAN UNIV PRESS,"NADOR UTCA 9, 1051 BUDAPEST, HUNGARY",,"RAYYAN-INCLUSION: {""julius.fenn""=>""Excluded""}",,
rayyan-800531261,Straight from the Source? Media Framing of Creative Crowd Labor and        Resultant Ethical Concerns,2019,1,,JOURNAL OF BUSINESS ETHICS,0167-4544,154,2,575-585,"Sheehan, KB and Pittman, M and Sheehan, Kim Bartel and Pittman, Matthew",,English,SPRINGER,"VAN GODEWIJCKSTRAAT 30, 3311 GZ DORDRECHT, NETHERLANDS","Increasing numbers of marketers are turning to the crowdmembers of the public engaged with brands via the Internetto develop marketing and advertising campaigns. Some marketers use social media to connect directly with customers, while others use crowdsourcing agencies to harness the power of crowd labor. As more members of the public become aware of creative crowdsourcing, they look to the media to understand more about it. As a result, it is important to examine how the media currently frame creative crowdsourcing to the public, particularly when numerous ethical issues about crowdsourcing have been identified (e.g. work is devalued as crowdworkers earn little money and no benefits for their work). This study examines media coverage of creative crowdsourcing to examine how benefits and challenges are presented. Informed by a framework developed by Swain (Understanding and communicating science: new agendas in communication, Routledge, London, pp 209-232, 2009), results indicate that most media coverage focuses solely on benefits to the industry: benefits to the crowd' are rarely discussed, yet drawbacks to the crowd are mentioned more frequently than drawbacks for the industry. This provides a skewed vision of what creative crowdsourcing is and may affect participation in the practice.","RAYYAN-INCLUSION: {""julius.fenn""=>""Excluded""}",,
rayyan-800531262,The Persistence of Organizational Deviance: When Informal Sanctioning        Systems Undermine Formal Sanctioning Systems,2019,1,,BUSINESS ETHICS QUARTERLY,1052-150X,29,1,55-84,"Warren, DE and Warren, Danielle E.",,English,CAMBRIDGE UNIV PRESS,"32 AVENUE OF THE AMERICAS, NEW YORK, NY 10013-2473 USA","Organizations adopt formal sanctioning systems to deter ethical violations, but the formal systems' effectiveness may be undermined by informal sanctioning systems which promote violations. I conducted an ethnographic study of six trading crowds on two financial exchanges to understand how informal and formal sanctioning systems, which are grounded in different interpretations of equity, interact to affect trader deviance from rules established by the financial exchange (exchange deviance). To deter informal trader norms that conflict with exchange rules, the exchanges formally prohibit traders' informal sanctions. The exchanges, however, underestimate traders' informal sanctions related to ostracism and social rejection, which are not only difficult for the exchanges to detect, but also interpersonally hurtful and harmful to trader performance. Consequently, the traders' informal social sanctions lead to secondary sanctions from trading firms. Ultimately, the informal sanctioning system evades the formal sanctioning system by exploiting what the exchanges deem to be minor rule violations.","RAYYAN-INCLUSION: {""julius.fenn""=>""Excluded""}",,
rayyan-800531263,Ethics Vs IT Ethics: a Comparative Study between the USA and the Middle        East,2018,12,,JOURNAL OF ACADEMIC ETHICS,1570-1727,16,4,329-358,"Almasri, N and Tahat, L and Almasri, Nada and Tahat, Luay",,English,SPRINGER,"VAN GODEWIJCKSTRAAT 30, 3311 GZ DORDRECHT, NETHERLANDS","This paper aims at investigating the perceived difference between ethics and IT ethics in college students. The study mainly investigates whether university students in the Middle East and their counterpart in the USA hold the same ethical values both in a traditional context and in an IT context. The study also investigates possible differences in students' ethics considering their level of study and whether they have prior business ethics knowledge or not. Furthermore, the study controls for possible self-others bias in students' responses to ethical issues by addressing some ethical issues where the respondent is the subject of the issue and other ethical issues where someone other than the respondent is the subject of the issue. Questionnaires were administered to university students in the USA and in several Middle East countries. A total of 401 usable questionnaires were returned. The study found that both the USA and the Middle East students have statistically significant lower ethical intention scores when addressing ethical issues in an IT context compared to traditional non-IT context. This pattern was consistent regardless of the students' level of study and their prior knowledge of business ethics, and taking into consideration self-others bias. Additionally, it was found that graduate students have higher IT as well as non-IT ethical intentions compared to undergraduate students, however, it was found that the students' prior business ethics knowledge did not affect the students' ethical intention scores. Self-other bias was found to act in opposite directions for ethical issues in an IT context compared to ethical issues in a traditional context. For ethical issues within IT-context, students were less strict with themselves while they were stricter with others. For ethical issues within traditional non-IT context, students were stricter with themselves, while they were less strict with others. Finally, the study found that while students both in the USA and in the Middle East disagree with unethical IT as well as non-IT conducts, the degree to which they disagree with the unethical behavior significantly differ, where USA students were found to be significantly stricter with their disagreement.","RAYYAN-INCLUSION: {""julius.fenn""=>""Excluded""}",,
rayyan-800531264,Philosophical methodology and leadership ethics,2018,12,,LEADERSHIP,1742-7150,14,6,707-730,"Flanigan, J and Flanigan, Jessica",,English,SAGE PUBLICATIONS INC,"2455 TELLER RD, THOUSAND OAKS, CA 91320 USA","Many leadership researchers aim to advise organizations about how to select and develop ethical leaders, to tell business educators how to teach people to be ethical, or to describe ethical leadership. Yet for these tasks, empirical approaches that address questions about ethics with surveys, experiments, and case studies are insufficient on their own in answering the question, ""what should a leader do?"" I first argue that descriptive approaches to leadership ethics, such as conceptual analysis, case studies, survey research, and lab experiments, cannot on their own tell us what a leader ought to do when he or she faces a morally difficult circumstance. I then show that the question ""what should a leader do?"" can be addressed through philosophical analysis. Though philosophers disagree about the nature of morality, most agree that there are truths about morality and that we can make progress in learning about how to live and lead ethically. To close, I consider and respond to the objection that philosophical approaches to leadership ethics are intolerant or authoritarian. I conclude that philosophical approaches to leadership ethics are essential to our evolving understanding of what a leader ought to do.","RAYYAN-INCLUSION: {""julius.fenn""=>""Excluded""}",,
rayyan-800531265,Measuring Perceived Corporate Hypocrisy: Scale Development in the        Context of US Retail Employees,2018,12,,SUSTAINABILITY,,10,12,,"Goswami, S and Ha-Brookshire, J and Bonifay, W and Goswami, Saheli and Ha-Brookshire, Jung and Bonifay, Wes",,English,MDPI,"ST ALBAN-ANLAGE 66, CH-4052 BASEL, SWITZERLAND","Despite an increasing amount of research on perceived corporate hypocrisy (PCH), limited research has investigated PCH among employees. Particularly, the literature lacked a valid instrument for estimating employees' PCH, even though employees experience severe consequences for PCH. To address this gap, a scale was developed to measure employees' PCH, using a three-stage Item Response Theory modeling approach. After a series of qualitative studies and six quantitative scale-development iterations, PCH was found to be a unidimensional construct represented by the perceived lack of morality, perceived control breach, double standards, and a valuebehavior gap. Further, the nine-item PCH scale was confirmed to be reliable, valid, and unbiased for different demographic groups. The scale makes theoretical contributions by being one of the few attempts to objectively measure employees' hypocrisy judgements and incorporating corporations' double standard and perceived commitment to morality as defining features of employees' PCH. Assessment of employees' PCH can help in expanding the hypocrisy literature beyond consumers' perceptions. Finally, the scale enables corporations to measure employees' PCH and get an in-depth understanding of the issues of concern as work and organizational phenomena. By implementing proper management strategies, corporations can potentially avoid PCH, create more favorable perceptions among employees, and improve their reputations.","RAYYAN-INCLUSION: {""julius.fenn""=>""Included""} | RAYYAN-LABELS: excMixedScales",,
rayyan-800531266,The Moderating Role of Context in Determining Unethical Managerial        Behavior: A Case Survey,2018,12,,JOURNAL OF BUSINESS ETHICS,0167-4544,153,3,793-812,"Miska, C and Stahl, GK and Fuchs, M and Miska, Christof and Stahl, Guenter K. and Fuchs, Matthias",,English,SPRINGER,"VAN GODEWIJCKSTRAAT 30, 3311 GZ DORDRECHT, NETHERLANDS","We examine the moderating role of the situational and organizational contexts in determining unethical managerial behavior, applying the case-survey methodology. On the basis of a holistic, multiple-antecedent perspective, we hypothesize that two key constructs, moral intensity and situational strength, help explain contextual moderating effects on relationships between managers' individual characteristics and unethical behavior. Based on a quantitative analysis of 52 case studies describing occurrences of real-life unethical conduct, we find empirical support for the hypothesized contextual moderating effects of moral intensity and situational strength. By examining these complex contextual moderators, we aim to contribute to organizational ethics research as we shed light on the critical role that context may play in influencing unethical managerial behavior.","RAYYAN-INCLUSION: {""julius.fenn""=>""Excluded""}",,
rayyan-800531267,Ethical Decision Making and Psychological Entitlement,2018,12,,BUSINESS AND SOCIETY REVIEW,0045-3609,123,4,631-659,"Thomason, S and Brownlee, A and Thomason, Stephanie and Brownlee, Amy",,English,WILEY,"111 RIVER ST, HOBOKEN 07030-5774, NJ USA","Job candidates who possess characteristics likely to result in organizationally desired outcomes are valuable, yet not always easily identified. Offering validation support for selection tools that organizations can use to identify such candidates is therefore important. The present study examines the construct of psychological entitlement to determine if it can be used to identify individuals who are more likely to make sound ethical judgments in organizations. Specifically, we examine the relationship between psychological entitlement and ethical decision making, positing that individuals with high levels of psychological entitlement are more likely to make less ethical decisions and to use less ethical upward influence tactics than those with opposing characteristics. We administered a survey to 174 participants using the Multidimensional Ethics Scale, the Subordinate Influence Ethics Scale, and the Psychological Entitlement Scale. To test our hypotheses, we used hierarchical multiple regression. Results suggest that individuals with high levels of psychological entitlement are more likely to consider unethical actions as ethical, given several scenarios. In addition, individuals with high levels of psychological entitlement are more likely to consider self-serving and maliciously-intended upward influence tactics as acceptable when used to advance in an organization. They are also less likely to consider pro-organizational upward influence tactics to be acceptable when used to advance in organizations.","RAYYAN-INCLUSION: {""julius.fenn""=>""Excluded""}",,
rayyan-800531268,A Human-Centered Approach to Green Apparel Advertising: Decision Tree        Predictive Modeling of Consumer Choice,2018,10,,SUSTAINABILITY,,10,10,,"Song, SY and Kim, YK and Song, So Young and Kim, Youn-Kyung",,English,MDPI,"ST ALBAN-ANLAGE 66, CH-4052 BASEL, SWITZERLAND","This study uses a human-centered approach to environmental ethics to examine which perceived factors in advertising predict consumers' intention to purchase green, or sustainably and ethically produced, apparel. We use eight different types of green apparel advertisements to build a decision tree model to determine the most influential factors that lead to future purchases of green apparel. We classify consumers' perceptions of green advertising as either humanistic, environmental, or product-related responses and propose a conceptual framework to outline the essential elements of an effective green advertising strategy. We use a sample of 829 US consumers from the period January 2015 to December 2017 in our empirical research. Our results show that four factors, namely, perception of the apparel's quality, its uniqueness, caring, and nature connectedness, predict consumers' intention to purchase green apparel. Notably, the largest segment of consumers (36%), those who perceive high levels of apparel quality and caring in the advertising, are identified as the high-purchase group. Our findings could improve strategies in green apparel advertising by providing a new analytical approach to model consumers' behavioral intention to purchase green apparel.","RAYYAN-INCLUSION: {""julius.fenn""=>""Excluded""}",,
rayyan-800531269,Counterfeit Luxuries: Does Moral Reasoning Strategy Influence Consumers'        Pursuit of Counterfeits?,2018,8,,JOURNAL OF BUSINESS ETHICS,0167-4544,151,1,249-264,"Chen, J and Teng, LF and Liao, YH and Chen, Jie and Teng, Lefa and Liao, Yonghai",,English,SPRINGER,"VAN GODEWIJCKSTRAAT 30, 3311 GZ DORDRECHT, NETHERLANDS","Morality, in the context of luxury counterfeit goods, has been widely discussed in existing literature as having a strong association with decreased purchase intention. However, drawing on moral disengagement theory, we argue that individuals are motivated to justify their immoral behaviors through guilt avoidance, thus increasing counterfeit purchase intention. This research demonstrates that consumers' desire to purchase counterfeit luxuries hinges on (one of) two types of moral reasoning strategies: moral rationalization and moral decoupling. The empirical results show that each strategy increases purchase intention, but respectively through moral judgment and perceived benefit. Implications for researchers and managers are discussed.","RAYYAN-INCLUSION: {""julius.fenn""=>""Excluded""}",,
rayyan-800531270,Do you want to be a cyborg? The moderating effect of ethics on neural        implant acceptance,2018,8,,COMPUTERS IN HUMAN BEHAVIOR,0747-5632,85,,43-53,"Reinares-Lara, E and Olarte-Pascual, C and Pelegrin-Borondo, J and Reinares-Lara, Eva and Olarte-Pascual, Cristina and Pelegrin-Borondo, Jorge",,English,PERGAMON-ELSEVIER SCIENCE LTD,"THE BOULEVARD, LANGFORD LANE, KIDLINGTON, OXFORD OX5 1GB, ENGLAND","The development of neural implants to increase people's memory is enabling the creation of cyborgs (human-machine hybrids) with superior capacities. This paper aims to advance new technology acceptance models by analyzing the moderating effect of ethics on an integrative Cognitive-Affective-Normative (CAN) model to understand the acceptance of brain implants to increase capacities. The model is tested on a sample of 900 individuals segmented by their ethical assessment of these insideables: ethically in favor, ethically against, or ethically indifferent. The results show that an individual's ethical assessment of memory implants explains differences in his or her intention to use them but does not moderate the influence of performance expectancy, effort expectancy, positive emotions, negative emotions, or social influence on the intention to use them. The results have theoretical implications for technology acceptance models and open new lines of research concerning the future cyborg society. (C) 2018 The Authors. Published by Elsevier Ltd.","RAYYAN-INCLUSION: {""julius.fenn""=>""Included""} | RAYYAN-LABELS: incApplication",,
rayyan-800531271,When Infamy Becomes Fame: The Positive Side of Negative Athlete        Publicity,2018,7,,JOURNAL OF SPORT MANAGEMENT,0888-4773,32,4,401-411,"Chang, Y and Chang, Yonghwan",,English,HUMAN KINETICS PUBL INC,"1607 N MARKET ST, PO BOX 5076, CHAMPAIGN, IL 61820-2200 USA","This study attempted to uncover the paradoxical effects of an athlete's negative publicity based on the theories of negativity bias, fuzzy trace, and processing fluency. The researcher tested a boundary condition in which repeated claims about an athlete's negative publicity interacted with the temporal delay of consumers' evaluation, which, in turn, led to a decrease in the adverse effects of negative publicity. The results of two online experiments demonstrated that dividing attention and cognitive resources in order to encode and retrieve various types of information caused the detailed contextual memory of each account of the athlete's negative publicity to fade over time, leaving behind merely a gist memory of the celebrities. In the current study, infamy turned into fame, and the consumer's judgment of the athletes became more positive. The current study may help expand existing research paradigms by further developing our theoretical understanding of the negative publicity effects.","RAYYAN-INCLUSION: {""julius.fenn""=>""Excluded""}",,
rayyan-800531272,Group Effects on Individual Attitudes Toward Social Responsibility,2018,5,,JOURNAL OF BUSINESS ETHICS,0167-4544,149,3,725-746,"Secchi, D and Bui, HTM and Secchi, Davide and Bui, Hong T. M.",,English,SPRINGER,"VAN GODEWIJCKSTRAAT 30, 3311 GZ DORDRECHT, NETHERLANDS","This study uses a quasi-experimental design to investigate what happens to individual socially responsible attitudes when they are exposed to group dynamics. Findings show that group engagement increases individual attitudes toward social responsibility. We also found that individuals with low attitudes toward social responsibility are more likely to change their opinions when group members show more positive attitudes toward social responsibility. Conversely, individuals with high attitudes do not change much, independent of group characteristics. To better analyze the effect of group dynamics, the study proposes to split social responsibility into relative and absolute components. Findings show that relative social responsibility is correlated with but different from absolute social responsibility although the latter is more susceptible than the former to group dynamics.","RAYYAN-INCLUSION: {""julius.fenn""=>""Excluded""}",,
rayyan-800531273,Sharing Sustainability: How Values and Ethics Matter in Consumers'        Adoption of Public Bicycle-Sharing Scheme,2018,5,,JOURNAL OF BUSINESS ETHICS,0167-4544,149,2,313-332,"Yin, JL and Qian, LX and Singhapakdi, A and Yin, Juelin and Qian, Lixian and Singhapakdi, Anusorn",,English,SPRINGER,"VAN GODEWIJCKSTRAAT 30, 3311 GZ DORDRECHT, NETHERLANDS","This study investigates the antecedents and mechanisms of consumers' adoption of a public bicycle-sharing scheme (PBSS) as a form of shared sustainable consumption. Drawing on marketing ethics and sustainability literature, it argues that cultural and consumption values drive or deter the adoption of PBSS through the mediating mechanism of ethical evaluation. This study tests its hypotheses using a sample of 755 consumers from one of the largest PBSS programs in China. The results confirm the significance of collectivism, man-nature orientation, materialism, and face-consciousness as key determinants of the adoption of PBSS. Interestingly, these values play mixed roles in influencing PBSS adoption. It also finds that such values and beliefs need to be effectively translated into ethical evaluations of PBSS adoption, and need to be addressed in the specific social context. Thus, ethical evaluation constitutes a cognitive strategy that allows consumers to justify and defend their adoption of sustainability practices. The results suggest that a desirable sustainability program needs to not only cater to the cultural and psychological motivations of consumers, but also reflect the social norms and social context in which the sustainability practices and consumers are embedded.","RAYYAN-INCLUSION: {""julius.fenn""=>""Included""} | RAYYAN-LABELS: excApplication",,
rayyan-800531274,Authorship trends and collaboration patterns in business ethics        literature,2018,4,,BUSINESS ETHICS-A EUROPEAN REVIEW,0962-8770,27,2,164-177,"Koseoglu, MA and Yildiz, M and Ciftci, T and Koseoglu, Mehmet Ali and Yildiz, Mehmet and Ciftci, Taha",,English,WILEY,"111 RIVER ST, HOBOKEN 07030-5774, NJ USA","The primary aim of this study is to clarify the authorship trends, collaboration patterns, and impact factors in business ethics literature by looking at articles published between 1960 and 2015 in four leading business ethics journals: Business and Society, Business Ethics: A European Review, Business Ethics Quarterly, and the Journal of Business Ethics. This study showed the growth type of business ethics literature, authorship trends, collaboration patterns, authors' productivity evolved by subperiods and journals, and authors' dominance factor by subperiods and journals. After providing an evaluation of the results of the study, the authors discuss the study's limitations and suggestions for future research.","RAYYAN-INCLUSION: {""julius.fenn""=>""Included""} | RAYYAN-LABELS: excOverview",,
rayyan-800531275,A Study of Perceived Ethicality of Low Corporate Effective Tax Rates,2018,3,,ACCOUNTING HORIZONS,0888-7993,32,1,87-104,"DeZoort, FT and Pollard, TJ and Schnee, EJ and DeZoort, F. Todd and Pollard, Troy J. and Schnee, Edward J.",,English,AMER ACCOUNTING ASSOC,"5717 BESSIE DR, SARASOTA, FL 34233 USA","U.S. corporations have the ability to avoid paying domestic taxes to achieve an effective tax rate that is much lower than the statutory federal tax rate. This study evaluates the extent that individuals differ in their attitudes about the ethicality of corporations avoiding domestic taxes to achieve low effective tax rates. We also examine the extent to which the specific tax avoidance method used by corporations to access a low effective tax rate affects perceived ethicality. Eighty-two members of the general public and 112 accountants participated in an experiment with two participant groups and three tax avoidance methods manipulated randomly between subjects. The results indicate a significant interaction between participant group and tax avoidance method, with the general public considering shifting profits out of the country to achieve a low effective tax rate to be highly unethical, while the accountants find tax avoidance from carrying forward prior operating losses to be highly ethical. Further, mediation analysis indicates that perceived fairness and legality mediate the effects of participant type on perceived ethicality. Mediation analysis also reveals that sense of fairness and legality mediate the link between tax avoidance method and perceived ethicality. We conclude by considering the study's policy, practice, and research implications.","RAYYAN-INCLUSION: {""julius.fenn""=>""Excluded""}",,
rayyan-800531276,"Moral judgment in a business setting: The role of managers' moral        foundation, ideology, and level of moral development",2018,3,,ASIA PACIFIC JOURNAL OF MANAGEMENT,0217-4561,35,1,121-143,"Li, FA and Chao, MCH and Chen, NYF and Zhang, SX and Li, Fuan and Chao, Mike Chen-ho and Chen, Nancy Yi-feng and Zhang, Sixue",,English,SPRINGER,"233 SPRING ST, NEW YORK, NY 10013 USA","Despite the extensive research conducted on moral judgment, the role of moral foundations in moral judgment in business has largely been overlooked. Motivated by the increasing concern about the ethical issues observed in China, this study aims to examine the impact of moral foundations on Chinese managers' moral judgment while simultaneously looking into the role of moral ideology and the level of managers' moral development. A sample survey was conducted in Shanghai, China, which involved 451 practicing business managers who were pursuing their MBA degree in a nearby university at the time of data collection. Both structural equation modeling (SEM) and hierarchical regression were used in data analyses. The results reveal that individualizing moral foundations and moral idealism have significant positive impacts on moral judgment. Moreover, the findings indicate that moral relativism and levels of mangers' moral development moderate the relationship between individualizing moral foundations and moral judgment with the impact of individualizing moral foundations being stronger when managers' relativism is low rather high or when their moral development is high than it is low. The managerial implications of the research and future research direction are discussed.","RAYYAN-INCLUSION: {""julius.fenn""=>""Excluded""}",,
rayyan-800531277,"Villains, Victims, and Verisimilitudes: An Exploratory Study of        Unethical Corporate Values, Bullying Experiences, Psychopathy, and        Selling Professionals' Ethical Reasoning",2018,3,,JOURNAL OF BUSINESS ETHICS,0167-4544,148,1,135-154,"Valentine, S and Fleischman, G and Godkin, L and Valentine, Sean and Fleischman, Gary and Godkin, Lynn",,English,SPRINGER,"VAN GODEWIJCKSTRAAT 30, 3311 GZ DORDRECHT, NETHERLANDS","This study assesses the relationships among unethical corporate values, bullying experiences, psychopathy, and selling professionals' ethical evaluations of bullying. Information was collected from national/regional samples of selling professionals. Results indicated that unethical values, bullying, and psychopathy were positively interrelated. Psychopathy and unethical values were negatively associated with moral intensity, while moral intensity was positively related to ethical issue importance. Psychopathy and unethical values were negatively related to issue importance, and issue importance and moral intensity were positively related to ethical judgment. Finally, ethical judgment and moral intensity were positively linked to ethical intention; psychopathy was negatively associated with ethical intention.","RAYYAN-INCLUSION: {""julius.fenn""=>""Excluded""}",,
rayyan-800531278,An Investigation of the Relationships Among Volunteer Income Tax        Assistance (VITA) Participation and Ethical Judgment and Decision Making,2018,2,,JOURNAL OF BUSINESS ETHICS,0167-4544,147,3,529-543,"Christensen, AL and Woodland, A and Christensen, Anne L. and Woodland, Angela",,English,SPRINGER,"VAN GODEWIJCKSTRAAT 30, 3311 GZ DORDRECHT, NETHERLANDS","The Pathways Commission ( http:// www. pathwayscommission. org, 2012) calls on accounting educators to develop students' skills in ethical judgment and decision making, but there is uncertainty about how best to accomplish this task. We test if participation in Volunteer Income Tax Assistance ( VITA) programs is positively associated with students' ethical judgment and decision making. Using a questionnaire administered to students participating in VITA and students not participating in VITA at seven universities, we form multiple measures of students' ethical judgment and students' ethical decision making. Regression analyses reveal that VITA participation is positively and significantly associated with ethical judgment and, in certain cases, is also positively and significantly associated with ethical decision making, even after controlling for other determinants including completion of ethics courses. We conclude that VITA programs can be effective educational interventions to promote ethical development in students. Our study adds to the growing literature on positive student outcomes associated with VITA participation, provides empirical evidence to support the tenets of situated learning and service- learning theories, and contributes to the development of effective ethics education.","RAYYAN-INCLUSION: {""julius.fenn""=>""Excluded""}",,
rayyan-800531279,Determinants of financial reporting fraud intention among accounting        practitioners in the banking sector Malaysian evidence,2018,,,INTERNATIONAL JOURNAL OF ETHICS AND SYSTEMS,2514-9369,34,1,32-54,"Awang, Y and Ismail, S and Awang, Yunita and Ismail, Suhaiza",,English,EMERALD GROUP PUBLISHING LTD,"HOWARD HOUSE, WAGON LANE, BINGLEY BD16 1WA, W YORKSHIRE, ENGLAND","Purpose - This study aims to examine the influence of attitude, subjective norm and ethical judgement on unethical financial reporting intention among Malaysian accounting practitioners in the banking industry.        Design/methodology/approach - For achieving the objective, a questionnaire survey was used. With the inclusion of 121 samples of participants in the financial reporting process, data analysis was conducted using partial least square structural equation modelling (PLS-SEM).        Findings - The results indicate that attitude, subjective norm and ethical judgement are significant in influencing unethical financial reporting intention, with ethical judgement having the smallest effect on such intention.        Practical implications - The findings of this study are useful in guiding the management and regulators to develop strategies to curb the occurrence of unethical financial reporting. This study also gives some insights to the public, especially the banks shareholders and depositors, into the unethical financial reporting intention of actual participants in the financial reporting process, who are being entrusted to handle the reporting affairs of banking institutions.        Originality/value - This study is the first to examine the factors influencing accounting practitioners intention to financial reporting fraud in a Malaysian banking setting. As it examines the actual participants in the financial reporting process, the results contribute towards a better understanding on unethical financial reporting intention within banking institutions as highly regulated industry. Additionally, it provides evidence for the suitability of the PLS-SEM in statistical analysis.","RAYYAN-INCLUSION: {""julius.fenn""=>""Excluded""}",,
rayyan-800531280,The impact of emotional intelligence on ethical judgment,2018,,,JOURNAL OF MANAGEMENT DEVELOPMENT,0262-1711,37,6,503-511,"Hopkins, M and Deepa, R and Hopkins, Margaret and Deepa, R.",,English,EMERALD GROUP PUBLISHING LTD,"HOWARD HOUSE, WAGON LANE, BINGLEY BD16 1WA, W YORKSHIRE, ENGLAND","Purpose The purpose of this paper is to investigate the important relationships between emotional intelligence (EI) and ethical decision making (EDM).        Design/methodology/approach Participants were 100 students from MBA programs in the USA and India who completed two surveys: one measuring their EI, and the second their use of four different ethical perspectives in three scenarios. Multiple regression analyses were performed to discover relationships between overall EI, certain dimensions of EI and their ethical judgments.        Findings The authors' results found that the composite EI score as well as the EI subscale of decision making were both significantly related to the relativism ethical perspective. Age was an additional significant factor for EI and EDM.        Research limitations/implications Future research should attempt to replicate these findings among different managerial levels, industries and countries to further understand the distinctive relationships between EI and ethical judgments.        Practical implications This study highlights the importance of integrating EI and ethical judgment within corporate training programs and business school curricula, as important is the emphasis on moving the subject of ethical judgment from one of awareness to sustained ethical behavior through accountability.        Originality/value This study contributes to the literature by identifying how EI and its decision-making subscale are significant to EDM.","RAYYAN-INCLUSION: {""julius.fenn""=>""Excluded""}",,
rayyan-800531281,Cross-cultural management ethics in multinational commerce,2018,,,ROUTLEDGE COMPANION TO BUSINESS ETHICS,,,,556-572,"Jackson, T and Jackson, Terence",,English,ROUTLEDGE,"2 PARK SQ, MILTON PARK, ABINGDON OX14 4RN, OXFORD, ENGLAND",,"RAYYAN-INCLUSION: {""julius.fenn""=>""Excluded""}",,
rayyan-800531282,Does legitimacy matter in whistleblowing intentions?,2018,,,INTERNATIONAL JOURNAL OF LAW AND MANAGEMENT,1754-243X,60,2,627-645,"Mbago, M and Ntayi, JM and Mutebi, H and Mbago, Musa and Ntayi, Joseph Mpeera and Mutebi, Henry",,English,EMERALD GROUP PUBLISHING LTD,"HOWARD HOUSE, WAGON LANE, BINGLEY BD16 1WA, W YORKSHIRE, ENGLAND","Purpose The purpose of the study is to examine the role of legitimacy in forming whistleblowing behavior in Ugandan procuring and disposing entities (PDEs).        Design/methodology/approach This study has adopted both a quantitative and qualitative cross-sectional research design to collect data from a sample of 97 out of the population of 129 PDEs in Kampala, which are regulated by the Public Procurement and Disposal of Assets Authority.        Findings This paper finds that improvement in the perception of public servants about the appropriateness of the Whistleblowers Act and its enforcers can increase on the reporting of unethical practices in public procurement.        Research limitations/implications This study has used a cross-sectional survey data. The causal relationships between variables are possibly obscured; as data from all participants are collected at the same point of time, perceptions go on changing over time. Therefore, further studies should use a longitudinal approach. Second, there are no constructs for legitimacy in public procurement and those from law are domesticated.        Practical implications There should be a promotion of legitimacy of the Whistleblowers Act and the enforcement agencies of the Act. The government should devise means for the public servants to have an obligation to obey the holders of authority, to trust and have confidence in them and to enforce the Whistleblowers Act in an ethical and normative framework.        Originality/value This study reveals the whistleblowing intentions and behavior of public servants in PDEs. This study would help the Government of Uganda to make the Whistleblowing Act legitimate and its enforcers to increase on the reporting of unethical practices in public procurement.","RAYYAN-INCLUSION: {""julius.fenn""=>""Excluded""}",,
rayyan-800531283,Integrating religiosity into fraud triangle theory: findings on        Malaysian police officers,2018,,,JOURNAL OF CRIMINOLOGICAL RESEARCH POLICY AND PRACTICE,2056-3841,4,2,111-123,"Said, J and Alam, MM and Karim, ZA and Johari, RJ and Said, Jamaliah and Alam, Md. Mahmudul and Karim, Zulyanti Abdul and Johari, Razana Juhaida",,English,EMERALD GROUP PUBLISHING LTD,"HOWARD HOUSE, WAGON LANE, BINGLEY BD16 1WA, W YORKSHIRE, ENGLAND","Purpose The purpose of this paper is to conduct an empirical analysis of the factors that determine the occupational fraud behavior.        Design/methodology/approach This study utilizes primary data collected by a questionnaire-based survey on 186 police officials of Malaysia including Sabah and Sarawak. Data are analyzed using descriptive statistics, factor analysis, and cross-sectional regression.        Findings The results derived in the study showed a statistically significant positive relationship between three basic variables of the fraud theory - pressure, opportunity, and rationalization with asset misappropriation. Moreover, this study revealed that religiosity is statistically significantly and negatively correlated to asset misappropriation. Therefore, the higher religiosity of an individual correlates with the lower probability involve in asset misappropriation.        Practical implications The findings will help Anti-Corruption Commission, Enforcement Agency of Integrity Commission, Police Department, and relevant agencies from Malaysia and other countries to design policies for reducing cases of fraudulent behavior.        Originality/value This study is an original work based on the primary data collection.","RAYYAN-INCLUSION: {""julius.fenn""=>""Excluded""}",,
rayyan-800531284,Profiling ethics orientation through play,2018,,,BEHAVIOUR & INFORMATION TECHNOLOGY,0144-929X,37,9,926-935,"Santos, CP and Khan, VJ and Markopoulos, P and Santos, Carlos Pereira and Khan, Vassilis-Javed and Markopoulos, Panos",,English,TAYLOR & FRANCIS LTD,"2-4 PARK SQUARE, MILTON PARK, ABINGDON OR14 4RN, OXON, ENGLAND","Research studies and recruitment processes often rely on psychometric instruments to profile respondents with regards to their ethical orientation. Completing such questionnaires can be tedious and is prone to self-presentation bias. Noting how video games often expose players to complex plots, filled with dilemmas and morally dubious options, the opportunity emerges to evaluate player's moral orientation by analysing their in-game behaviour. In order to explore the feasibility of such an approach, we examine how users' moral judgment correlates with choices they make in non-linear narratives, frequently present in video games. An interactive narrative presenting several moral dilemmas was created. An initial user study (N=80) revealed only weak correlations between the users' choices and their ethical inclinations in all ethical scales. However, by training a genetic algorithm on this data set to quantify the influence of each branch on recognising moral inclination we found a strong positive correlation between choice behaviour and self-reported ethical inclinations on a second independent group of participants (N=20). The contribution of this work is to demonstrate how genetic algorithms can be applied in interactive stories to profile users' ethical stance.","RAYYAN-INCLUSION: {""julius.fenn""=>""Excluded""}",,
rayyan-800531285,Military Ethical Decision Making: The Effects of Option Choice and        Perspective Taking on Moral Decision-Making Processes and Intentions,2018,,,ETHICS & BEHAVIOR,1050-8422,28,7,578-596,"Thompson, MM and Hendriks, T and Blais, AR and Thompson, Megan M. and Hendriks, Tonya and Blais, Ann-Renee",,English,"ROUTLEDGE JOURNALS, TAYLOR & FRANCIS LTD","2-4 PARK SQUARE, MILTON PARK, ABINGDON OX14 4RN, OXON, ENGLAND","We investigated the ethical decision-making processes and intentions of 151 military personnel responding to 1 of 2 ethical scenarios drawn from the deployment experiences of military commanders. For each scenario, option choice and perspective affected decision-making processes. Differences were also found between the 2 scenarios. Results add to the emerging literature concerning operational ethical conflicts and highlight the complexity and challenge that often accompanies operational ethics.","RAYYAN-INCLUSION: {""julius.fenn""=>""Excluded""}",,
rayyan-800531286,"From schoolyard to workplace: The impact of bullying on sales and        business employees' machiavellianism, job satisfaction, and perceived        importance of an ethical issue",2018,,,HUMAN RESOURCE MANAGEMENT,0090-4848,57,1,293-305,"Valentine, S and Fleischman, G and Valentine, Sean and Fleischman, Gary",,English,"WILEY PERIODICALS, INC","ONE MONTGOMERY ST, SUITE 1200, SAN FRANCISCO, CA 94104 USA","Bullying can precipitate many negative outcomes at work, but previous research does not adequately address how such misbehavior affects employee dispositions and attitudes; how these characteristics impact ethical decision making is also underexplored. Given these research gaps, the purpose of this study is to assess (1) the impact of bullying on Machiavellianism and job satisfaction, and (2) the influences of Machiavellianism and job satisfaction on perceived ethical issue importance, a measure of ethical decision making. Three hundred eighty-four sales and business employees working for different firms operating in the United States answered a self-report questionnaire. The findings showed that, after accounting for social desirability bias, workplace bullying was positively associated with Machiavellianism and negatively associated with job satisfaction. Machiavellianism was negatively related to the perceived importance of an ethical issue embedded in a vignette highlighting Machiavellianism and latent bullying behaviors. In addition, job satisfaction was positively related to ethical issue importance. Finally, both Machiavellianism and job satisfaction mediated the relationship between bullying experiences and importance of an ethical issue, as evidenced by their significant indirect effects. HR professionals should minimize bullying and Machiavellianism to reduce the corrosive effect on the ethical environment and enhance work attitudes and ethical decisions.","RAYYAN-INCLUSION: {""julius.fenn""=>""Excluded""}",,
rayyan-800531287,When Retailers Target Women Based on Body Shape and Size: The Role of        Ethical Evaluation on Purchase Intention,2018,,,JOURNAL OF RESEARCH FOR CONSUMERS,1444-6359,,33,1-37,"Walters, HD and Wiese, MD and Bruce, ML and Walters, Hannah D. and Wiese, Michael D. and Bruce, Michael L.",,English,JOURNAL RESEARCH CONSUMERS,"JOURNAL RESEARCH CONSUMERS, CHURCHLANDS, 00000, AUSTRALIA","The purpose of this research was to assess consumers' ethical evaluation of a company's practice of targeting women based on body shape and size in the clothing retail industry and its impact on the consumer's purchase intention. Many companies target those consumers they have the greatest chance of satisfying, leading to greater profit potential for the firm. The sophistication of target marketing helps marketers achieve efficiency and effectiveness. However, targeting may be an ineffective strategy when it results in controversy. The ethical dilemma of targeting lies within the explicit inclusion or exclusion of groups of customers. Under the framework of Theory of Planned Behavior (TPB) and the Multidimensional Ethics Scale (MES), this research incorporated ethical evaluation into TPB.        This study found that consumers evaluate retailers who target women based on body shape and size as less ethical than retailers who do not target women based on a body shape and size. However, the consumer's unethical evaluation of the company did not divert the consumer's intention to buy the company's products. The results demonstrated that when retailers target women based on body shape and size, ethical evaluation significantly influences attitude and subjective norm, but does not significantly influence purchase intention.","RAYYAN-INCLUSION: {""julius.fenn""=>""Excluded""}",,
rayyan-800531288,Anticipated Consumer Guilt: An Investigation into its Antecedents and        Consequences for Fair-Trade Consumption,2017,12,,JOURNAL OF MACROMARKETING,0276-1467,37,4,444-459,"Lindenmeier, J and Lwin, M and Andersch, H and Phau, I and Seemann, AK and Lindenmeier, Joerg and Lwin, Michael and Andersch, Henrike and Phau, Ian and Seemann, Ann-Kathrin",,English,SAGE PUBLICATIONS INC,"2455 TELLER RD, THOUSAND OAKS, CA 91320 USA","This study considers fair-trade as a collaborative strategy of dealing with the wicked problem of apparel sweatshops. The study assumes that consumer guilt increases the market share of fair-trade products which can be regarded as a favorable change in the marketing system's output. The paper develops and validates a model of guilt-induced fair-trade buying based on this notion. The model comprises negative affect, ethical judgment, and self-efficacy as antecedents of anticipated consumer guilt. The study's results, based on a sample of American consumers (n = 430) and analyzed in a structural equation model, reveal anticipated guilt as a major driver of fair-trade buying behavior. Furthermore, anticipated consumer guilt mediates the effects of its antecedents on fair-trade buying intention. The paper provides implications for macro-decision making (e.g., guilt-inducing nudges) as well as suggestions for marcromarketing research.","RAYYAN-INCLUSION: {""julius.fenn""=>""Excluded""}",,
rayyan-800531289,"The Spiraling and Spillover of Misconduct: Perceived Workplace Bullying,        Subclinical Psychopathy, and Businesspersons' Recognition of an Ethical        Issue",2017,12,,EMPLOYEE RESPONSIBILITIES AND RIGHTS JOURNAL,0892-7545,29,4,221-244,"Valentine, SR and Hanson, SK and Fleischman, GM and Valentine, Sean R. and Hanson, Sheila K. and Fleischman, Gary M.",,English,SPRINGER,"233 SPRING ST, NEW YORK, NY 10013 USA","Workplace bullying can potentially spiral into numerous counterproductive behaviors and negative organizational outcomes. Therefore, the purpose of this study was to determine the degree to which increased perceptions of workplace bullying were associated with stronger expressions of (subclinical) psychopathic traits and weakened ethical decision making. Data were collected from national and regional samples of selling and business professions using a self-report questionnaire that contained relevant measures and an ethics scenario, and structural equation modeling was employed to investigate the proposed relationships. Findings indicated that perceived workplace bullying operated through psychopathy to influence the recognition of an ethical issue (or full mediation). The implications of these findings are discussed, along with the study's limitations and suggestions for future research.","RAYYAN-INCLUSION: {""julius.fenn""=>""Excluded""}",,
rayyan-800531290,Online dynamic pricing and consumer-perceived ethicality: Synthesis and        future research,2017,9,,RECHERCHE ET APPLICATIONS EN MARKETING-ENGLISH EDITION,2051-5707,32,3,49-70,"Ayadi, N and Paraschiv, C and Rousset, X and Ayadi, Nawel and Paraschiv, Corina and Rousset, Xavier",,English,SAGE PUBLICATIONS INC,"2455 TELLER RD, THOUSAND OAKS, CA 91320 USA","In the era of Big Data, online retailers' pricing strategies are evolving towards an online dynamic pricing system, which consists in frequent modifications of the prices of goods and services in order to maximize sales and profits. This strategy raises important ethical questions, because consumers end up paying different prices for the same product. The aim of our article is to examine, from the consumer's point of view, the ethical issues raised by online dynamic pricing. We propose a conceptual framework and a future research agenda with regard to consumers' perceived ethicality about this strategy.","RAYYAN-INCLUSION: {""julius.fenn""=>""Excluded""}",,
rayyan-800531291,Ethical sensitivity: Conceptualization and new scale development,2017,9,,RECHERCHE ET APPLICATIONS EN MARKETING-ENGLISH EDITION,2051-5707,32,3,6-27,"Toti, JF and Moulins, JL and Toti, Jean-Francois and Moulins, Jean-Louis",,English,SAGE PUBLICATIONS INC,"2455 TELLER RD, THOUSAND OAKS, CA 91320 USA","This article proposes a new and original measurement scale for consumers' ethical sensitivity (CES). Usually measured using scenarios, ethical sensitivity appears as a fundamental variable in understanding consumers' ethical behaviour. In this study, we propose an alternative definition and a new scale for ethical sensitivity. We use a series of qualitative and quantitative studies and analyse construct validity, that is, content, convergent and discriminant validities. The results indicate that ethical sensitivity is a better predictor of ethical consumption behaviour when measured by our new scale than by a scenario. Implications are outlined for academics and professionals looking to better understand the relationship between consumer ethics and consumption behaviour.","RAYYAN-INCLUSION: {""julius.fenn""=>""Included""} | RAYYAN-LABELS: excMixedScales",,
rayyan-800531292,Responsible management education: Mapping the field in the context of        the SDGs,2017,7,,INTERNATIONAL JOURNAL OF MANAGEMENT EDUCATION,1472-8117,15,2,93-103,"Storey, M and Killian, S and O'Regan, P and Storey, Meredith and Killian, Sheila and O'Regan, Philip",,English,ELSEVIER SCI LTD,"THE BOULEVARD, LANGFORD LANE, KIDLINGTON, OXFORD OX5 1GB, OXON, ENGLAND","This paper examines the field of Responsible Management Education (RME) in the context of Agenda 2030 and the Sustainable Development Goals (SDGs), situating the United Nations Principles for Responsible Management Education (UN PRME) in relation to a range of associated initiatives and organisations using a light, Bourdieusian theoretical framing. The emergence of the SDGs as a frame or doxa for RME and the role of UN PRME as an agent in this field is explored in the context of the literature on how business schools have delivered on sustainability and responsibility imperatives. The field of RME is partially mapped, loosely categorising actors and initiatives as membership or affiliation networks, teaching and learning initiatives and student-centred or student-led groups. Their differing aspirations are discussed, and tentative conclusions are drawn on the extent to which the SDGs are acting as a unifying paradigm, and on the future roles that UN PRME may play in the field. (C) 2017 Published by Elsevier Ltd.","RAYYAN-INCLUSION: {""julius.fenn""=>""Excluded""}",,
rayyan-800531294,National Culture and Ethical Judgment: A Social Contract Approach to the        Contrast of Ethical Decision Making by Accounting Professionals and        Students from the U.S. and Italy,2017,,,JOURNAL OF INTERNATIONAL ACCOUNTING RESEARCH,1542-6297,16,2,103-120,"Curtis, MB and Vinson, JM and Conover, TL and Lucianetti, L and Battista, V and Curtis, Mary B. and Vinson, Jeremy M. and Conover, Teresa L. and Lucianetti, Lorenzo and Battista, Valentina",,English,AMER ACCOUNTING ASSOC,"5717 BESSIE DR, SARASOTA, FL 34233 USA","Globalization defines the business world today, yet globalization also leads to many types of misunderstandings regarding ethics, motives, and trust. We apply the theory of social contracts for the purpose of aiding the understanding of moral diversity arising from globalization. Specifically, we seek to better understand how country of origin, and role within country, lead to community ""microsocial"" norms that inform social contract ethical judgments. A total of 695 managerial accounting professionals and accounting students from Italy and the U.S. completed the survey. Employing a moderated mediation model, we find that country of origin is significantly related to intended behaviors in two business situations, and this relationship is mediated by social contract ethical judgment. Further, the impact of national culture on social contract ethical judgment is moderated by role (professional versus student). Multiple mediation analysis supports our contention that contractual evaluations precede moral equity assessments and that both contractual and moral equity ethical judgments affect ethical intentions.","RAYYAN-INCLUSION: {""julius.fenn""=>""Excluded""}",,
rayyan-800531295,Ethical Behavioral Intention in an Academic Setting: Models and        Predictors,2017,6,,JOURNAL OF ACADEMIC ETHICS,1570-1727,15,2,141-166,"Leonard, LNK and Riemenschneider, CK and Manly, TS and Leonard, Lori N. K. and Riemenschneider, Cynthia K. and Manly, Tracy S.",,English,SPRINGER,"VAN GODEWIJCKSTRAAT 30, 3311 GZ DORDRECHT, NETHERLANDS","This study examines the theory of planned behavior (TPB) and the multidimensional ethics scale (MES). Variables from both are included to determine which ones significantly correlate with student ethical behavioral intention in an academic setting. Using a survey, responses are collected from undergraduate business students from two southwestern universities in the United States using a scenario- based approach, looking at individual situations and group situations. SmartPLS was used to assess the results for four scenarios. From the theory of planned behavior, attitude was a significant predictor of behavioral intention across all four scenarios while subjective norm was significant in one scenario. From the multidimensional ethics scale, moral equity and relativism were significant in one group scenario while moral equity and utilitarianism were each significant in an individual scenario. The findings indicate support for the use of the TPB and the MES when exploring ethics in an academic setting and for the need to study both individual and group situations. A discussion of the findings and implications is given.","RAYYAN-INCLUSION: {""julius.fenn""=>""Excluded""}",,
rayyan-800531296,Gauging the Ethicality of Students in Turkish Institutions of Higher        Education,2017,4,,JOURNAL OF BUSINESS ETHICS,0167-4544,142,1,185-197,"Beekun, RI and Alayoglu, N and Ozturk, AO and Babacan, M and Westerman, JW and Beekun, Rafik I. and Alayoglu, Nihat and Ozturk, Ali Osman and Babacan, Mehmet and Westerman, James W.",,English,SPRINGER,"VAN GODEWIJCKSTRAAT 30, 3311 GZ DORDRECHT, NETHERLANDS","We investigated the ethical behavior of Turkish university students to (a) compare the difference in ethical behavior between business students and non-business students, (b) examine the impact of key contingency variables on how they make decisions when confronted with an ethical dilemma, and (c) investigate the process underlying the ethical behavior of Turkish students. Data were collected from business students (n = 158) at a major private university in Western Turkey. The results indicate that a Turkish student's peers, marital status, and education level exert a significant effect on their ethical behavior. Further, business students specifically differed from non-business students in their enhanced use of egoism when confronted with an ethical dilemma. The results of this research may have important educational policy implications for business ethics in Turkey.","RAYYAN-INCLUSION: {""julius.fenn""=>""Excluded""}",,
rayyan-800531297,Justifying Deviant Behavior: The Role of Attributions and Moral Emotions,2017,4,,JOURNAL OF BUSINESS ETHICS,0167-4544,141,4,779-795,"Harvey, P and Martinko, MJ and Borkowski, N and Harvey, Paul and Martinko, Mark J. and Borkowski, Nancy",,English,SPRINGER,"VAN GODEWIJCKSTRAAT 30, 3311 GZ DORDRECHT, NETHERLANDS","We present two studies investigating the impact of causal perceptions and the moral emotions of anger, shame, and guilt on the justification of deviant workplace behavior. Study 1 tests our conceptual framework using a sample of undergraduate business students; Study 2 examines a population of practicing physicians. Results varied significantly between the two samples, suggesting that individual and contextual factors play an important role in shaping the perceptual and emotional processes by which individuals form reactions to undesirable affective workplace events. Implications of these findings for the study of ethics, emotions, and attributions, as well as for promoting ethical behavior, are discussed.","RAYYAN-INCLUSION: {""julius.fenn""=>""Excluded""}",,
rayyan-800531298,Controversial Advert Perceptions in SNS Advertising: The Role of Ethical        Judgement and Religious Commitment,2017,3,,JOURNAL OF BUSINESS ETHICS,0167-4544,141,2,249-265,"Kadic-Maglajlic, S and Arslanagic-Kalajdzic, M and Micevski, M and Michaelidou, N and Nemkova, E and Kadic-Maglajlic, Selma and Arslanagic-Kalajdzic, Maja and Micevski, Milena and Michaelidou, Nina and Nemkova, Ekaterina",,English,SPRINGER,"VAN GODEWIJCKSTRAAT 30, 3311 GZ DORDRECHT, NETHERLANDS","This study attempts to advance knowledge in the area of controversial advertising by examining the antecedents and consequences of controversial advert perceptions in the context of social media, and particularly social networking sites (SNS). Specifically, we explore how ethical judgement and religious commitment shape controversial advert perceptions leading to attitudes towards the advert, brand attitudes and purchase intentions. Our results indicate that when a SNS advert is judged to be ethically acceptable, the level of perceived advert controversy is lower. However, the impact of ethical judgement on controversial advert perceptions becomes significant and positive when intrapersonal commitment and interpersonal religious commitment are introduced as moderators. This result implies that the level of religious commitment changes the ethical judgement-controversial advert perceptions relationship. The results also highlight that controversial advert perceptions negatively influence attitude towards the advert. The study contributes to the limited knowledge on controversial advertising on SNS, yielding significant and relevant implications for academics and advertisers alike, in their effort to improve advertising effectiveness without offending or alienating target audiences.","RAYYAN-INCLUSION: {""julius.fenn""=>""Excluded""}",,
rayyan-800531299,The Road to Bribery and Corruption: Slippery Slope or Steep Cliff?,2017,3,,PSYCHOLOGICAL SCIENCE,0956-7976,28,3,297-306,"Kobis, NC and van Prooijen, JW and Righetti, F and Van Lange, PAM and Kobis, Nils C. and van Prooijen, Jan-Willem and Righetti, Francesca and Van Lange, Paul A. M.",,English,SAGE PUBLICATIONS INC,"2455 TELLER RD, THOUSAND OAKS, CA 91320 USA","Major forms of corruption constitute a strong threat to the functioning of societies. The most frequent explanation of how severe corruption emerges is the slippery-slope metaphor-the notion that corruption occurs gradually. While having widespread theoretical and intuitive appeal, this notion has barely been tested empirically. We used a recently developed paradigm to test whether severely corrupt acts happen gradually or abruptly. The results of four experimental studies revealed a higher likelihood of severe corruption when participants were directly given the opportunity to engage in it (abrupt) compared with when they had previously engaged in minor forms of corruption (gradual). Neither the size of the payoffs, which we kept constant, nor evaluations of the actions could account for these differences. Contrary to widely shared beliefs, sometimes the route to corruption leads over a steep cliff rather than a slippery slope.","RAYYAN-INCLUSION: {""julius.fenn""=>""Excluded""}",,
rayyan-800531300,Ethics of Chinese & Western tourists in Hong Kong,2017,3,,ANNALS OF TOURISM RESEARCH,0160-7383,63,,83-96,"Tolkach, D and Pratt, S and Zeng, CYH and Tolkach, Denis and Pratt, Stephen and Zeng, Christine Y. H.",,English,PERGAMON-ELSEVIER SCIENCE LTD,"THE BOULEVARD, LANGFORD LANE, KIDLINGTON, OXFORD OX5 1GB, ENGLAND","The potential for tension between tourists and residents due to tourist behaviour is rising. In such environment, understanding tourists' ethical judgments of different scenarios is important. This study asks tourists and residents to ethically evaluate five different scenarios, using a multidimensional ethics scale and rate the likelihood they are to engage in these scenarios while at home and on vacation. An intercept survey of 1827 questionnaires were collected from Hong Kong residents, Mainland Chinese and Western tourists. Teleological ethical theories may justify actions that are deemed ethically inappropriate by deontology or ethics of justice. Western tourists are more likely to engage in unethical behaviour on holidays than at home. For Mainland Chinese visitors, the opposite is true. (C) 2017 Elsevier Ltd. All rights reserved.","RAYYAN-INCLUSION: {""julius.fenn""=>""Excluded""}",,
rayyan-800531301,"Can ""Results Blind Manuscript Evaluation"" Assuage ""Publication Bias""?",2017,,,BASIC AND APPLIED SOCIAL PSYCHOLOGY,0197-3533,39,5,247-251,"Hyman, MR and Hyman, Michael R.",,English,"ROUTLEDGE JOURNALS, TAYLOR & FRANCIS LTD","2-4 PARK SQUARE, MILTON PARK, ABINGDON OX14 4RN, OXON, ENGLAND","To stimulate debate, the following commentary discusses the limitations of Dr. Locascio's results blind manuscript proposal evaluation.","RAYYAN-INCLUSION: {""julius.fenn""=>""Excluded""}",,
rayyan-800531302,Ethical Awareness of Seller's Behavior in Consumer-to-Consumer        Electronic Commerce: Applying the Multidimensional Ethics Scale,2017,,,JOURNAL OF INTERNET COMMERCE,1533-2861,16,2,202-218,"Leonard, LNK and Jones, K and Leonard, Lori N. K. and Jones, Kiku",,English,"ROUTLEDGE JOURNALS, TAYLOR & FRANCIS LTD","2-4 PARK SQUARE, MILTON PARK, ABINGDON OX14 4RN, OXON, ENGLAND","Consumer-to-consumer electronic commerce (C2C e-commerce) has opened the possibility of consumers completing more transactions with each other. It has also introduced the ability for consumers to behave unethically. This study examines an individual's ethical awareness of a seller's behavior in C2C e-commerce situations by applying the multidimensional ethics scale (with measures for moral equity, relativism, egoism, utilitarianism, and contractualism). The study surveys undergraduate business students in four different C2C e-commerce situations and finds relativism to influence ethical awareness in all scenarios. Egoism is found to influence ethical awareness in three scenarios and contractualism in one scenario, and utilitarianism is not found to be an influence in any scenario. The findings from this study suggest that sellers in C2C e-commerce should conduct transactions based on what is culturally and socially acceptable (i.e., relativism), but also consider the importance of one's reputation (i.e., egoism), and written or perceived contracts (i.e., contractualism).","RAYYAN-INCLUSION: {""julius.fenn""=>""Excluded""}",,
rayyan-800531303,To (Crafts) Man Up: How Swiss SMEs Cope with CSR in Harsh Times,2017,,,"CORPORATE SOCIAL RESPONSIBILITY IN TIMES OF CRISIS: PRACTICES AND CASES        FROM EUROPE, AFRICA AND THE WORLD",2196-7083,,,3-34,"Looser, S and Clark, PE and Wehrmeyer, W and Looser, Stephanie and Clark, Philip Evans and Wehrmeyer, Walter",,English,SPRINGER INTERNATIONAL PUBLISHING AG,"GEWERBESTRASSE 11, CHAM, CH-6330, SWITZERLAND",,"RAYYAN-INCLUSION: {""julius.fenn""=>""Excluded""}",,
rayyan-800531304,The Experience of Ethics: Evaluation of Self Harm Risks in Automated        Vehicles,2017,,,2017 28TH IEEE INTELLIGENT VEHICLES SYMPOSIUM (IV 2017),1931-0587,,,385-391,"Wintersberger, P and Frison, AK and Riener, A and Hasirlioglu, S and Wintersberger, Philipp and Frison, Anna-Katharina and Riener, Andreas and Hasirlioglu, Sinan     GP IEEE",,English,IEEE,"345 E 47TH ST, NEW YORK, NY 10017 USA","Automated vehicles, but also safety or driver assistance systems for manually driven cars, will soon face situations where they have to choose between several options with negative or even lethal outcome for the one or the other party. Experimental ethics is an approach to evaluate expectations humans put into the morality of digital agents. With this work we present a personalized abstraction of the ""Trolley Problem"" evaluated in a driving simulator. The aim of the study was to assess drivers' individual attitudes in ethical decisions and derive common knowledge about how to solve such situations. In contrast to previous work, the study at hand looks at the problem from a holistic point of view, including uncertainty and accident risk (presented to subjects as their probability to survive). Furthermore, subjective scales and semi-structured interviews to determine subjects' justifications for ethical decisions complemented the setting. Our results (n=40) suggest that most drivers want their vehicles to act in an utilitarian way and opt for the more severe collision - even when their own probability to survive is substantially low. In addition, age and size of the injured party have a significant effect on the results. Qualitative data (interviews) indicate that the justification, in particular for decisions with the same outcome, strongly differs as most people have embodied their own moral concepts.","RAYYAN-INCLUSION: {""julius.fenn""=>""Included""} | RAYYAN-LABELS: incApplication",,
rayyan-800531305,The Effects of Euphemism Usage in Business Contexts,2016,8,,JOURNAL OF BUSINESS ETHICS,0167-4544,137,2,315-320,"Rittenburg, TL and Gladney, GA and Stephenson, T and Rittenburg, Terri L. and Gladney, George Albert and Stephenson, Teresa",,English,SPRINGER,"VAN GODEWIJCKSTRAAT 30, 3311 GZ DORDRECHT, NETHERLANDS","Transparency is important in today's business environment. The use of euphemisms decreases transparency yet is increasing in business and business education. This study examines the effects of euphemism on people's attitudes toward actions and their intentions to perform those actions. It also measures the effect of oversight on attitudes and behavioral intentions. Using a 2 x 2 experimental design, we measured participants' attitudes by employing a semantic differential scale and behavioral intentions by using a simple yes/no question regarding the action described. A questionnaire with 20 brief scenarios provided the euphemistic (transparent) versus non-euphemistic (less-transparent) condition. Oversight versus non-oversight conditions were manipulated through instructions to participants. Hypotheses regarding the effects of euphemism were supported; participants were both more likely to rate an action as appropriate and to indicate they would take that action when stated euphemistically. Oversight did not have a significant effect on attitude toward the action, but did significantly affect participants' intentions to take that action. Findings suggest both managerial and ethical implications for businesses. Greater transparency includes more straight talk and less euphemism and is recommended to ensure employees' understanding and implementation of ethical business actions.","RAYYAN-INCLUSION: {""julius.fenn""=>""Excluded""}",,
rayyan-800531306,The auditor facing ethical dilemmas: The impact of ethical training on        compliance with a code of conduct,2016,4,,COMPTABILITE CONTROLE AUDIT,1262-2788,22,1,53-83,"Chaplais, C and Mard, Y and Marsat, S and Chaplais, Christelle and Mard, Yves and Marsat, Sylvain",,French,ASSOC FRANCOPHONE COMPTABILITE-AFC,"40 RUE DES JEUNEURS, PARIS, 75002, FRANCE","As part of the exercise of their profession, auditors are confronted with situations involving ethical dilemmas. We wonder if training can influence the auditor's ethical reasoning and the perception of the dilemma. Therefore, we conducted an experiment to determine if an ethics course had an influence on auditor's ethical reasoning process and their perception of the moral intensity of ethical issues. The results show that training increases the ability to identify an ethical dilemma, but seems to limit its perceived intensity. On the other hand, counter-intuitively, training appears to decrease the intention to act strictly in accordance with codes of conduct, in favour of an action more consistent with the personal ethics of the auditor.","RAYYAN-INCLUSION: {""julius.fenn""=>""Excluded""}",,
rayyan-800531307,Ambidexterity for Corporate Social Performance,2016,2,,ORGANIZATION STUDIES,0170-8406,37,2,213-235,"Hahn, T and Pinkse, J and Preuss, L and Figge, F and Hahn, Tobias and Pinkse, Jonatan and Preuss, Lutz and Figge, Frank",,English,SAGE PUBLICATIONS LTD,"1 OLIVERS YARD, 55 CITY ROAD, LONDON EC1Y 1SP, ENGLAND","The literature on corporate social performance advocates that firms address social issues based on instrumental as well as moral rationales. While both rationales trigger initiatives to increase corporate social performance, these rest on fundamentally different and contradicting foundations. Building on the literature on organizational ambidexterity and paradox in management, we propose in this conceptual article that ambidexterity represents an important determinant of corporate social performance. We explain how firms achieve higher levels of corporate social performance through the ambidextrous ability to simultaneously pursue instrumentally and morally driven social initiatives. We distinguish between a balance dimension and a combined dimension of ambidexterity, which both enhance corporate social performance through distinct mechanisms. With the balance dimension, instrumental and moral initiatives compensate for each other - which increases the scope of corporate social performance. With the combined dimension, instrumental and moral initiatives supplement each other - which increases the scale of corporate social performance. The article identifies the most important determinants and moderators of the balance and the combined dimension to explain the conditions under which we expect firms to increase corporate social performance through ambidexterity. By focusing on the interplay and tensions between different types of social initiatives, an ambidextrous perspective contributes to a better understanding of corporate social performance. Regarding managerial practice, we highlight the role of structural and behavioral factors for achieving higher corporate social performance through the simultaneous pursuit of instrumental and moral initiatives.","RAYYAN-INCLUSION: {""julius.fenn""=>""Excluded""}",,
rayyan-800531308,Do feminists still respond negatively to female nudity in advertising?        Investigating the influence of feminist attitudes on reactions to sexual        appeals,2016,,,International Journal of Advertising,0265-0487,35,5,823-845,"Choi, H and Yoo, K and Reichert, T and LaTour, MS and Choi, Hojoon and Yoo, Kyunga and Reichert, Tom and LaTour, Michael S.",,English,"ROUTLEDGE JOURNALS, TAYLOR & FRANCIS LTD","2-4 PARK SQUARE, MILTON PARK, ABINGDON OX14 4RN, OXON, ENGLAND","To test the belief that feminism and sexualization of women in advertising stand in opposition, this study employed a large US national sample (N = 1298) to examine how consumers' feminist attitudes differentiate and predict their ethical judgment and ad-related evaluations of sexual images of women in advertisements. The results indicate that (1) consumers with higher feminist attitudes evaluated sexual ads more favorably than those having lower feminist attitudes, and (2) consumers' feminist attitudes positively predict ad-related evaluations with full mediation of ethical judgment. These findings, which diverge from previous research, may indicate that contemporary feminists view sexual images of women differently than in previous decades. Theoretical and practical implications are described.","RAYYAN-INCLUSION: {""julius.fenn""=>""Excluded""}",,
rayyan-800531309,Ethical judgments in supply chain management: a scenario analysis,2016,,,JOURNAL OF BUSINESS & INDUSTRIAL MARKETING,0885-8624,31,1,59-69,"Ha, BC and Nam, H and Ha, Byoung-Chun and Nam, Hyunjeong",,English,EMERALD GROUP PUBLISHING LTD,"HOWARD HOUSE, WAGON LANE, BINGLEY BD16 1WA, W YORKSHIRE, ENGLAND","Purpose - The purpose of this study is to empirically analyze managers' ethical judgments in supply chain management. It investigated the influence of those judgments on trust and collaboration in relationships with suppliers.        Design/methodology/approach - A scenario-based method was applied to measure managers' ethical judgments using a sample of 341 data sets collected via survey. Structural equation modeling was utilized to test the proposed hypotheses associating ethical judgments with trust and collaboration in supply chains.        Findings - This study illustrates that managers' ethical judgments in bidding/contracting, information management and inventory management significantly increase trust, which in turn increases supply chain collaboration.        Originality/value - The study extends our understanding of ethical judgments in the supply chain management context. Its findings on the causality among ethical judgment, trust and supply chain collaboration provide an effective approach to the management of supplier relationships.","RAYYAN-INCLUSION: {""julius.fenn""=>""Excluded""}",,
rayyan-800531310,ADVERTISING ETHICS: PERCEPTIONS OF SEX APPEALS IN TELEVISION ADVERTISING,2016,,,"GLOBAL BUSINESS RESEARCH CONGRESS (GBRC) 2016, VOL 2",2459-0762,2,,692-702,"Koc, F and Cetin, O and Alniacik, U and Koc, Fatih and Cetin, Oktay and Alniacik, Umit",,Turkish,PRESSACADEMIA,"SITELER SOK. NO.12/18, MALTEPE, ISTANBUL, 34843, TURKEY","Advertising must be accurate, reliable, honest, and in line with the cultural and ethical norms of the society. Since consumers become more sensitive to ethical principles, organizations are urged to be more attentive to ethical issues in advertising. Sex appeals, deceptive advertising, advertising to children and discrimination in advertising are the major issues in the advertising ethics literature. This study examines the ethical perceptions about using sex appeals in advertising. Particularly, the study aims to determine whether using male and female bodies as sexual objects in advertisements is perceived to be ethical or not. Further, the study probes the effect of consumers' ethical philosophies (i.e. idealism, relativism) on their ethical judgments about the ads. A field study is conducted to test a number of hypotheses to resolve the research question. In the first phase of the field research, advertising experts are asked to evaluate 12 selected ads in terms of their ethical content. Based on their evaluations, 3 ethically questionable ads (one comprised of male body as a sexual object, one comprised of female body as a sexual object, and one comprised of both male and female bodies as sexual objects) are chosen to be used in the next stage. In the second stage, the ethically questionable ads are viewed by a convenient sample of consumers and their ethical judgments about the ads are measured. Data analyses revealed that, male and female respondents' ethical perceptions about the ads (where male bodies are used as a sexual object) significantly vary. Further, relativism is found to exert a significantly negative effect on ethical judgments, while idealism has no significant effect. Theoretical and managerial implications of the findings are discussed.","RAYYAN-INCLUSION: {""julius.fenn""=>""Excluded""}",,
rayyan-800531311,The Moral Metacognition Scale: Development and Validation,2016,,,ETHICS & BEHAVIOR,1050-8422,26,5,357-394,"McMahon, JM and Good, DJ and McMahon, Joan M. and Good, Darren J.",,English,"ROUTLEDGE JOURNALS, TAYLOR & FRANCIS LTD","2-4 PARK SQUARE, MILTON PARK, ABINGDON OX14 4RN, OXON, ENGLAND","Scholars have advocated for the inclusion of metacognition (i.e., the extent to which one thinks about one's thinking) in our understanding of the ethical decision making process and in support of moral learning. An instrument to measure metacognition as a domain-specific capacity related to ethical decision making (i.e. moral metacognition) is not found in the current literature. This research describes the development and validation of the 20-item Moral Metacognition Scale (MMS). Psychometric properties of the scale were assessed by exploration (Study 1) and confirmation (Study 2) of the factor structure, and the demonstration of convergent (Studies 3 and 4), discriminant (Studies 3 and 4), and predictive (Study 4) validity. Moral metacognition, as measured by the MMS, was significantly correlated with ethical awareness and ethical judgment. Limitations of our research, suggestions for future exploration, and practical implications are discussed.","RAYYAN-INCLUSION: {""julius.fenn""=>""Included""} | RAYYAN-LABELS: excMixedScales",,
rayyan-800531312,Exploring transparency: a new framework for responsible business        management,2016,,,MANAGEMENT DECISION,0025-1747,54,1,222-247,"Parris, DL and Dapko, JL and Arnold, RW and Arnold, D and Parris, Denise Linda and Dapko, Jennifer L. and Arnold, Richard Wade and Arnold, Danny",,English,EMERALD GROUP PUBLISHING LTD,"HOWARD HOUSE, WAGON LANE, BINGLEY BD16 1WA, W YORKSHIRE, ENGLAND","Purpose - The purpose of this paper is to critically review the relevant literature on transparency, provide a comprehensive definition of transparency, and present a new framework for facilitating the adoption of transparency as an ethical cornerstone and pragmatic strategy for organizational responsible business management.        Design/methodology/approach - A systematic literature review - a methodology adopted from medical sciences to eliminate research bias - was conducted. In doing so, the definitions, antecedents, and consequences of transparency are accessed and synthesized.        Findings - Based upon this process transparency is defined as the extent to which a stakeholder perceives an organization provides learning opportunities about itself. A conceptual framework emerged from the data. It describes when transparency is especially important, what organizations can do to be more transparent, and the potential benefits of transparency.        Practical implications - The transparency framework can be used as a guide for organizations attempting to change their behavior, image, and performance by adopting transparency as a value in their organization. In addition, the framework can be used to create and adopt a universal (i.e. industry-wide or even societal-wide) code of conduct. Furthermore, this review, definition, and framework provide a template for academics to advance transparency theory, and empirically test the construct's application.        Originality/value - As a new research field, transparency has lacked a concise definition as well as a conceptual framework. This is the first comprehensive summary of transparency. In addition, this study contributes to the methodology of evaluating construct definitions to advance empirical research.","RAYYAN-INCLUSION: {""julius.fenn""=>""Excluded""}",,
rayyan-800531313,The dark side of the pharmaceutical industry,2016,,,MARKETING INTELLIGENCE & PLANNING,0263-4503,34,7,905-926,"Skandrani, H and Sghaier, M and Skandrani, Hamida and Sghaier, Malek",,English,EMERALD GROUP PUBLISHING LTD,"HOWARD HOUSE, WAGON LANE, BINGLEY BD16 1WA, W YORKSHIRE, ENGLAND","Purpose - The purpose of this paper is to uncover some ethically equivocal aspects of the pharmaceutical industry (PI). It identifies the determinants of the medical representatives' (MRs) unethical behaviour as perceived by the MRs themselves and their direct customers.        Design/methodology/approach - Using a qualitative multi-actors approach, 40 in-depth interviews were conducted among MRs and physicians.        Findings - The study has revealed that providing misleading and incomplete information, giving incentives, making disparaging remarks about competitors and their products, falsifying daily call reports and the misusing of samples are the major unethical issues of MRs. The determinants of unethical behaviour can be classified into six groups: organizational, individual, job characteristics, stakeholders, situational, and cultural factors.        Research limitations/implications - Because of the complexity of the subject matter and the research approach, the findings may lack generalizability. Besides, as the healthcare sector involves other actors (pharmacists, patients, and government), it will be more insightful to take into account their influence on the ethical/unethical behaviour of MRs.        Practical implications - Identifying questionable ethical behaviours and their determinants could be very helpful for firms to undertake the necessary actions (i.e. training programmes) to prevent their negative impact, and to develop ethical awareness among their MRs. This may enhance their public image and build long-term relationships with their customers.        Originality/value - This study is among few studies that has taken into account the views of more than a single actor in the PI (MRs and physicians).","RAYYAN-INCLUSION: {""julius.fenn""=>""Excluded""}",,
rayyan-800531314,Teaching Ethics to Undergraduate Business Students in Australia:        Comparison of Integrated and Stand-alone Approaches,2015,12,,JOURNAL OF BUSINESS ETHICS,0167-4544,132,2,477-491,"Jonson, EP and McGuire, LM and O'Neill, D and Jonson, Elizabeth Prior and McGuire, Linda Mary and O'Neill, Deirdre",,English,SPRINGER,"VAN GODEWIJCKSTRAAT 30, 3311 GZ DORDRECHT, NETHERLANDS","There are questions about how ethics is best taught to undergraduate business students. There has been a proliferation in the number of stand-alone ethics courses for undergraduate students but research on the effectiveness of integrated versus stand-alone mode of delivery is inconclusive. Christensen et al. (J Bus Ethics 73(4): 347-368, 2007), in a comprehensive review of ethics, corporate social responsibility and sustainability education, investigated how ethics education has changed over the last 20 years, including the issue of integration of these topics into the core course offerings. We use Brenner and Molander's (Harv Bus Rev 55(1): 57-71, 1977) situational ethics survey instrument to examine the effect of the mode of delivery of business ethics education on undergraduate student responses. We found a significant difference on mode of delivery. Studies have also found interesting results in respect of the effect of cultural differences and gender on the effectiveness of business ethics instruction. While not the primary focus of this study, we also looked at the influence of gender and culture on students' responses. Our results indicate significant differences in respect of mode of delivery and culture. In contrast to other studies, we found that gender was not significant. We did test for any interactive effects of gender, culture and mode of delivery. However, no significant differences were found.","RAYYAN-INCLUSION: {""julius.fenn""=>""Excluded""}",,
rayyan-800531315,How did They Say That? Ethics Statements and Normative Frameworks at        Best Companies to Work For,2015,10,,JOURNAL OF BUSINESS ETHICS,0167-4544,131,3,605-617,"Hoover, KF and Pepper, MB and Hoover, Kristine F. and Pepper, Molly B.",,English,SPRINGER,"VAN GODEWIJCKSTRAAT 30, 3311 GZ DORDRECHT, NETHERLANDS","This empirical study explores aspects of how companies that are positively recognized by their workforce as ""Best Companies to Work For"" convey the underlying principles of their ""trustworthy"" culture. The study examines the normative ethical frameworks (deontological, teleological, and ethic of care) and affective language utilized in the ethics statements. Although multiple studies have considered normative ethical frameworks in individual ethical decision making, few have considered normative ethical frameworks in organization ethics statements. In addition, this study expands the analysis to include the ethic of care. Of the ""Best Companies to Work for"" in this study, 93 had accessible online ethics statements. Findings indicated 70 % (65 of 93) of the ethics statements utilized combinations of three types of normative ethics studied, while 30 % (28 of 93) used a single framework. In statements with combined frameworks, the deontological framework had the highest frequency (40 %), while the ethic of care was present in 33 % of statements and the teleological framework had the lowest frequency (27 %). In ethics statements with a singular framework, the framework rankings were consistent with findings for combined frameworks. Using the Dictionary of Affect in Language, there were statistically significant differences on pleasantness between statements that mentioned ethic of care and those that did not. This study sheds light on how these trustworthy companies communicate (1) by publishing their ethics statements and (2) by using a multidimensional approach in their ethics statements that has greater pleasantness when an ethic of care is utilized.","RAYYAN-INCLUSION: {""julius.fenn""=>""Excluded""}",,
rayyan-800531316,An integrated theory of corporate environmental compliance and        overcompliance,2015,10,,CRIME LAW AND SOCIAL CHANGE,0925-4994,64,2,65-101,"Rorie, M and Rorie, Melissa",,English,SPRINGER,"VAN GODEWIJCKSTRAAT 30, 3311 GZ DORDRECHT, NETHERLANDS","Prior research on corporate environmental behavior has produced myriad factors that explain offending and overcompliance, yet the literature lacks cohesion and would benefit from disentangling corporate- and individual-level explanations. In this study, a cross-level integrated theory of corporate environmental behavior uses Gunningham et al's. (2003) license framework and Paternoster and Simpson's (1993; 1996) rational choice theory of corporate crime to portray how individuals within corporations decide to offend or to overcomply with environmental regulations while accounting for the organizational context. Specifically, external pressures (legal, social, and economic) on the corporation, plus internal corporate policies and culture, affect individual-level cost-benefit analyses. In turn, these cost-benefit calculations impact the behavioral decisions made by corporate managers. Four sets of hypotheses based on this integration are tested using an environmental vignette survey of individuals. The results provide mixed support for the integrated theory. It is also noted that predictors of environmental offending are different from those predicting overcompliance. Implications for theory and practice are discussed.","RAYYAN-INCLUSION: {""julius.fenn""=>""Excluded""}",,
rayyan-800531317,"The social, economic and environmental dimensions of corporate social        responsibility: The role played by consumers and potential entrepreneurs",2015,10,,INTERNATIONAL BUSINESS REVIEW,0969-5931,24,5,836-848,"Gonzalez-Rodriguez, MR and Diaz-Fernandez, MC and Simonetti, B and Rosario Gonzalez-Rodriguez, M. and Carmen Diaz-Fernandez, M. and Simonetti, Biagio",,English,ELSEVIER,"RADARWEG 29, 1043 NX AMSTERDAM, NETHERLANDS","Based on Schwartz's human values theory and the stimulus-response and balance theory this paper develops a research model to examine the drivers which influence consumers' and entrepreneurs' perceptions of corporate social responsibility (CSR). The model was estimated by the partial least squares technique, using a multicultural sample from three European countries. The three CSR dimensions referred to as the triple bottom line approach (financial, social and environmental) have been considered. The results show that human values influence human perceptions of CSR, consumer perceptions of CSR mediate the relationship between human values and entrepreneurs' perceptions of CSR and significant differences can be found in consumers' and entrepreneurs' perceptions of CSR with respect to the cultural environment. Hence, regarding the specific social and economic environment, the findings suggest that different managerial actions should guide a firm's CSR strategies. This knowledge can be very useful to firms in order to achieve vital social goals such as a good reputation or prestige and, thereby, economic advantages linked to performance, survival or growth. (C) 2015 Elsevier Ltd. All rights reserved.","RAYYAN-INCLUSION: {""julius.fenn""=>""Excluded""}",,
rayyan-800531318,Research Note and Review of the Empirical Ethical Decision-Making        Literature: Boundary Conditions and Extensions,2015,6,,JOURNAL OF BUSINESS ETHICS,0167-4544,129,1,195-219,"Lehnert, K and Park, YH and Singh, N and Lehnert, Kevin and Park, Yung-hwal and Singh, Nitish",,English,SPRINGER,"VAN GODEWIJCKSTRAAT 30, 3311 GZ DORDRECHT, NETHERLANDS","In business ethics, there is a large body of literature focusing on the conditions, factors, and influences in the ethical decision-making processes. This work builds upon the past critical reviews by updating and extending the literature review found in Craft's (J Bus Ethics 117(2):221-259, 2013) study, extending her literature review to include a total of 141 articles. Since past reviews have focused on categorizing results based upon various independent variables, we instead synthesize and look at the trends of these based upon the four ethical decision making categories: Awareness, Behavior, Judgment, and Intention. We focus on the moderation (30 studies) and mediation (23 studies) effects found within these studies and provide an in-depth analysis of future trends. Furthermore, we also highlight key statistical and methodological concerns, outline overarching trends, and directions of future research in empirical ethical decision making.","RAYYAN-INCLUSION: {""julius.fenn""=>""Excluded""} | RAYYAN-LABELS: EDM",,
rayyan-800531319,The effect of controversial global sourcing practices on the ethical        judgments and intentions of US consumers,2015,5,,JOURNAL OF OPERATIONS MANAGEMENT,0272-6963,36,,229-243,"Bregman, R and Peng, DX and Chin, W and Bregman, Robert and Peng, David Xiaosong and Chin, Wynne",,English,WILEY,"111 RIVER ST, HOBOKEN 07030-5774, NJ USA","Global sourcing has led to lower cost and more effective supply chains for many companies. However, when the cost-driven practices of many suppliers in these chains come to light there is often considerable debate over the ethics of these practices. This research uses the well-known Hunt-Vitell framework as the theoretical foundation for a structural equation model of the deontological and teleological evaluations used by consumers when making ethical judgments of a firm's controversial cost-driven global sourcing practices. Data from a large-scale U.S. consumer survey show the importance of deontological and teleological evaluations in forming consumers' ethical judgments of global sourcing practices, and establish a strong relationship between ethical judgment and the intention of consumers to alter consumption of a firm's products. Extensions to the framework and demographic analyses for age, gender, and income provide insights as to how perceptions of these practices affect consumer evaluations of a company involved in global sourcing and how consumers actualize their resultant intentions. (C) 2015 Elsevier B.V. All rights reserved.","RAYYAN-INCLUSION: {""julius.fenn""=>""Excluded""}",,
rayyan-800531320,The Moderating Effect of Perceived Organizational Ethical Context on        Employees' Ethical Issue Recognition and Ethical Judgments,2015,5,,JOURNAL OF BUSINESS ETHICS,0167-4544,128,2,457-466,"Hollingworth, D and Valentine, S and Hollingworth, David and Valentine, Sean",,English,SPRINGER,"VAN GODEWIJCKSTRAAT 30, 3311 GZ DORDRECHT, NETHERLANDS","When investigating the impact of organizational ethical context on individual ethical decision-making, past work has reported mixed results, with some studies indicating that a strong ethical work environment is associated with increased ethical reasoning, and other studies indicating that such an environment has little to no influence on the way ethical issues are addressed. Given these contradictory findings, we utilize multiple theoretical perspectives to assess the degree to which employees' perceptions of ethical values, ethical culture, and corporate social responsibility moderate the relationship between their ethical issue recognition and ethical judgments. Data obtained from employees of a financial services firm located primarily in the Midwestern United States supported the research hypothesis, with organizational ethical context weakening the recognition-judgment linkage. Results are compared to prior studies, and the managerial and research implications of the findings are discussed, along with the study's limitations and suggestions for future inquiry.","RAYYAN-INCLUSION: {""julius.fenn""=>""Excluded""}",,
rayyan-800531321,Academic Integrity in the Information Age: Virtues of Respect and        Responsibility,2015,3,,JOURNAL OF BUSINESS ETHICS,0167-4544,127,3,579-590,"Manly, TS and Leonard, LNK and Riemenschneider, CK and Manly, Tracy S. and Leonard, Lori N. K. and Riemenschneider, Cynthia K.",,English,SPRINGER,"VAN GODEWIJCKSTRAAT 30, 3311 GZ DORDRECHT, NETHERLANDS","This study examines business students' ethical awareness for two virtues needed to maintain academic integrity, respect, and responsibility. Using the multidimensional ethics survey, five dimensions (i.e., ethical philosophies) were measured for six scenarios representing student behaviors using Information Technology (IT). The results indicate that students are ethically aware in respect situations, but are more neutral in responsibility situations. Of the five ethical dimensions, moral equity and relativism appear to be the strongest influences in academic integrity scenarios utilizing IT. This study provides guidance for business professors in their pursuit of ethical excellence in the classroom and for researchers in search of greater understanding of ethical judgments of students.","RAYYAN-INCLUSION: {""julius.fenn""=>""Excluded""}",,
rayyan-800531322,A Cognitive-Intuitionist Model of Moral Judgment,2015,2,,JOURNAL OF BUSINESS ETHICS,0167-4544,126,3,437-457,"Dedeke, A and Dedeke, Adenekan",,English,SPRINGER,"VAN GODEWIJCKSTRAAT 30, 3311 GZ DORDRECHT, NETHERLANDS","The study of moral decision-making presents to us two approaches for understanding such choices. The cognitive and the neurocognitive approaches postulate that reason and reasoning determines moral judgments. On the other hand, the intuitionist approaches postulate that automated intuitions mostly dominate moral judgments. There is a growing concern that neither of these approaches by itself captures all the key aspects of moral judgments. This paper draws on models from neurocognitive research and social-intuitionist research areas to propose an integrative cognitive-intuitive model of moral decision-making. The model suggests that moral decision-making includes five interdependent, yet functionally distinct steps, issue framing, pre-processing, moral judgment, moral reflection, and moral intent. The model proposes a cognitive-intuitive view of moral judgment and it describes how emotion regulation, perceived moral intensity, and perceived ethical climate constructs impact the formation of moral intent. The paper discusses the theories that link emotions to moral judgment and implications of the model for future research and its implication for managers.","RAYYAN-INCLUSION: {""julius.fenn""=>""Excluded""} | RAYYAN-LABELS: EDM",,
rayyan-800531323,"The impact of moral equity, relativism and attitude on individuals'        digital piracy behaviour in a developing country",2015,,,MARKETING INTELLIGENCE & PLANNING,0263-4503,33,3,348-365,"Arli, D and Tjiptono, F and Porto, R and Arli, Denni and Tjiptono, Fandy and Porto, Rebecca",,English,EMERALD GROUP PUBLISHING LTD,"HOWARD HOUSE, WAGON LANE, BINGLEY BD16 1WA, W YORKSHIRE, ENGLAND","Purpose - The purpose of this paper is to explore the impact of moral equity, relativism, and attitude towards digital piracy behaviour in a developing country. End-user piracy is more difficult to detect than commercial piracy. Thus, an effective strategy to combat piracy needs a comprehensive understanding of both the supply and demand sides of piracy. The current study focuses on the demand side by investigating the impact of moral equity, relativism, and attitude on consumer piracy behaviour in Indonesia.        Design/methodology/approach - Using a convenient sample in Yogyakarta, Indonesia, questionnaires were distributed in a large private university. In addition, through snowball sampling techniques, the surveys were also distributed to other adults who live within a walking distance from the campus. The data collection resulted in 222 usable surveys (a response rate of 68 per cent).        Findings - In Indonesia, moral equity had a negative and significant impact on purchases of illegal copies of music CDs and pirated software. Relativism affects the purchase of pirated software positively, but its effect on purchases of illegal copies of CDs is insignificant. Attitude towards the act was negatively impacted by moral equity for CDs and software. Relativism only significantly affects the purchase of pirated software but in the opposite direction while it has failed to reach significance for illegal music CD purchases. Attitude towards the software piracy and purchases of illegal copies of music CDs positively affect consumer's digital piracy behaviour. Finally, Indonesian consumers feel more morally wrong to purchase illegal copies of CDs than to buy pirated software.        Practical implications - In the context of Indonesia, higher moral equity has affected piracy behaviour negatively. Therefore, efforts to reduce piracy should focus on highlighting the importance of fairness and justice. One of the main drivers of digital piracy (e.g. buying, downloading, copying, and sharing digital materials illegally) is overpriced products. It has led many Indonesians to believe that it is acceptable to purchase pirated software and illegal copies of CDs. Nonetheless, if companies are able to lower prices; thus make it affordable to consumers, consumers will perceive fairness and justice in purchasing original copies of software and CDs.        Originality/value - There are very limited studies investigating factors impacting the purchase of pirated software and CDs in the developing countries specifically Indonesia, the fourth most populous nation in the world and one of the biggest markets for counterfeit products. This is one of first few studies exploring this issue in Indonesia.","RAYYAN-INCLUSION: {""julius.fenn""=>""Excluded""}",,
rayyan-800531324,Ethical Leadership,2015,,,"ANNUAL REVIEW OF ORGANIZATIONAL PSYCHOLOGY AND ORGANIZATIONAL BEHAVIOR,        VOL 2",2327-0608,2,,409-434,"Den Hartog, DN and Den Hartog, Deanne N.",,English,ANNUAL REVIEWS,"4139 EL CAMINO WAY, PO BOX 10139, PALO ALTO, CA 94303-0897 USA","High-profile cases of leaders' ethical failure in different settings and sectors have led to increased attention to ethical leadership in organizations. In this review, I discuss the rapidly developing field of ethical leadership from an organizational behavior/psychology perspective, taking a behavioral and perceptual angle. After addressing the background of ethical leadership in this field, I discuss how ethical leadership has been defined, which behaviors and characteristics contribute to a leader being seen as ethical by followers, and how ethical leadership relates to other leadership styles. I also contrast ethical with unethical leader behaviors. Next, I address what the research to date tells us about the effects of perceived ethical leader behavior, the mechanisms through which this form of leadership affects followers, and what the role of the context is. Finally, I summarize the challenges the field currently faces, outline several future research directions, and discuss some practical implications of the work to date.","RAYYAN-INCLUSION: {""julius.fenn""=>""Excluded""}",,
rayyan-800531325,An Exploratory Look at Early Online Auction Decisions: Extending Signal        Theory,2015,1,,JOURNAL OF THEORETICAL AND APPLIED ELECTRONIC COMMERCE RESEARCH,0718-1876,10,1,35-48,"Drake, JR and Hall, DJ and Cegielski, C and Byrd, TA and Drake, John R. and Hall, Dianne J. and Cegielski, Casey and Byrd, Terry Anthony",,English,"UNIV TALCA, FAC INGENIERIA","MERCED 437, CURICO, 00000, CHILE","Extant literature in decision theory suggests that online auction buyers depend on signals for mitigating uncertainty that influence bidder behavior at multiple points. However, the depth and breadth of the use of signals has only been partially explored. Using data from 242 online auction users, we show that eight emergent factors influence decisions of auction selection and initial bid in different ways. We further find that two ethical perspectives impact the evaluation of seller uncertainty in unique ways, although neither perspective predominates within our sample. These results enable sellers and online auction marketplaces to better design and implement auction systems that provide signals that buyers most desire.","RAYYAN-INCLUSION: {""julius.fenn""=>""Excluded""}",,
rayyan-800531327,TRANSLATION AND ADAPTATION OF THE ATTITUDES TOWARDS BUSINESS ETHICS        QUESTIONNAIRE (ATBEQ) INTO CZECH LANGUAGE,2015,,,AKTUALNE PROBLEMY PODNIKOVEJ SFERY 2015,,,,544-557,"Prochazka, J and Kulhavy, V and Jirasek, M and Prochazka, Jakub and Kulhavy, Viktor and Jirasek, Michal",,Slovak,VYDAVATELSTVO EKONOM,"DOLNOZENSKA CESTA 1-B, BRATISLAVA, 852 35, SLOVAKIA","The study deals with the process of translation and adaptation of the Attitudes Towards Business Ethics Questionnaire (ATBEQ) into Czech language and with the subsequent analysis of the Czech translation. The questionnaire was independently translated two times into Czech, the reverse translation was conducted and compared with the original. Further we carried out cognitive interviews by methods of think-aloud interviewing and verbal probing. Expert group evaluated the translations and cognitive interviews outcomes thereby arriving to edits in Czech items wording and final version agreement. Translated questionnaire was administered to 172 students of the Corporate Economy and Management study programme and its factor structure was compared with the factor structure found in studies conducted abroad.","RAYYAN-INCLUSION: {""julius.fenn""=>""Excluded""}",,
rayyan-800531328,"Ethics for Students Means Knowing and Experiencing: Multiple Theories,        Multiple Frameworks, Multiple Methods in Multiple Courses",2015,,,HANDBOOK OF RESEARCH ON BUSINESS ETHICS AND CORPORATE RESPONSIBILITIES,,,,153-178,"Roberts, C and Roper, CD and Roberts, Cynthia and Roper, Carolyn D.     BA Palmer, DE     BF Palmer, DE",,English,IGI GLOBAL,"701 E CHOCOLATE AVE, STE 200, HERSEY, PA 17033-1240 USA","There is growing interest in ethics education and the literature is replete with methods for approaching this complex and challenging subject. This chapter reviews the state of ethics education in business programs from infusion across the curriculum to standalone courses, the potential impact it may have on ethical behavior, and outlines several approaches to addressing ethics in the classroom. An instructional module in ethical decision making, grounded in scholarly literature, is presented. The authors discuss implications for practice and suggest utilizing several approaches from multiple perspectives to facilitate the development of ethical thought and action.","RAYYAN-INCLUSION: {""julius.fenn""=>""Excluded""}",,
rayyan-800531329,"How Does Perceived Effectiveness Affect Adults' Ethical Acceptance of        Anti-obesity Threat Appeals to Children? When the Going Gets Tough, the        Audience Gets Going",2014,10,,JOURNAL OF BUSINESS ETHICS,0167-4544,124,2,243-257,"Charry, K and De Pelsmacker, P and Pecheux, CL and Charry, Karine and De Pelsmacker, Patrick and Pecheux, Claude L.",,English,SPRINGER,"VAN GODEWIJCKSTRAAT 30, 3311 GZ DORDRECHT, NETHERLANDS","Little is known on the appraisal of ethically questionable not- for-profit actions such as social marketing advertising campaigns. The present study evaluates the ethical acceptance by adults of anti-obesity threat appeals targeting children, depending on the claimed effectiveness of the campaign. An experiment conducted among 176 Belgian participants by means of an online survey shows that individuals' acceptance of social marketing practices increases along with the claimed effectiveness of the campaign. As such it demonstrates that the audience adopts a pragmatic perspective, challenging the non-consequentialist stance of social marketers who refrain themselves from using these 'questionable' techniques although highly effective. The trade-off between ethical judgment and claimed effectiveness varies depending on whether the threats focus on the child's physical integrity or social life. Individual characteristics such as parenthood and age also influence the relationship. All in all, it seems that people with stronger connections to the issue such as parents are more ready to compromise. These findings enrich our insights into consequentialism in social marketing campaigns, how people respond to controversial messages targeted at vulnerable group, and open new venues to social managers and public policy makers. Managerial implications and concrete advice on how to communicate with the various audiences are proposed, as well as suggestions for future studies.","RAYYAN-INCLUSION: {""julius.fenn""=>""Excluded""}",,
rayyan-800531330,Ethical Context and Ethical Decision Making: Examination of an        Alternative Statistical Approach for Identifying Variable Relationships,2014,10,,JOURNAL OF BUSINESS ETHICS,0167-4544,124,3,509-526,"Valentine, S and Nam, SH and Hollingworth, D and Hall, C and Valentine, Sean and Nam, Seong-Hyun and Hollingworth, David and Hall, Callie",,English,SPRINGER,"VAN GODEWIJCKSTRAAT 30, 3311 GZ DORDRECHT, NETHERLANDS","The purpose of this study was to investigate the relationship between organizational ethical context and the individual ethical decision-making process. In addition, a new statistical approach combining cluster and discriminant analyses was developed to overcome violations of regression assumptions, which are commonly not identified and/or ignored in behavioral and psychological research. Using regressions and this new alternative method, the findings indicated that ethical context does indeed influence the various components of ethical reasoning. However, social desirability was the strongest predictor of ethical decision making, which raises new concerns about how this bias can confound business ethics research. Finally, the findings showed that the alternative method provided more useful and interpretive results, indicating that it has the capacity to influence future empirical work in the field of business ethics, particularly when dealing with data that do not satisfy regression assumptions. The implications and limitations of the study are discussed, and several noteworthy suggestions for future research are provided.","RAYYAN-INCLUSION: {""julius.fenn""=>""Excluded""}",,
rayyan-800531331,Does transparency influence the ethical behavior of salespeople?,2014,9,,JOURNAL OF BUSINESS RESEARCH,0148-2963,67,9,1787-1795,"Cicala, JE and Bush, AJ and Sherrell, DL and Deitz, GD and Cicala, John E. and Bush, Alan J. and Sherrell, Daniel L. and Deitz, George D.",,English,ELSEVIER SCIENCE INC,"360 PARK AVE SOUTH, NEW YORK, NY 10010-1710 USA","This study introduces the concept of perceived salesperson transparency to the sales literature. It addresses how recent technological developments impact traditional agency theory concerns, while simultaneously creating a conceptual definition of perceived transparency for application on an individual level. Salesperson perceptions regarding managerial use of behavioral information obtained through technological means are empirically found to have a mediating effect on the relationship between managerial access to such information and the likelihood of unethical salesperson behavior. It concludes that salesperson ethical behavior is not influenced by management's ability to obtain behaviorally relevant information, but rather by the use of this information. Further, it is found that the mediating influence of use of information accessed via technology is itself moderated by the salesperson's job performance. (C) 2014 Elsevier Inc. All rights reserved.","RAYYAN-INCLUSION: {""julius.fenn""=>""Excluded""}",,
rayyan-800531332,HUMAN RESOURCE SYSTEMS AND ETHICAL CLIMATES: A RESOURCE-BASED        PERSPECTIVE,2014,,,HUMAN RESOURCE MANAGEMENT,0090-4848,53,5,795-816,"Manroop, L and Singh, P and Ezzedeen, S and Manroop, Laxmikant and Singh, Parbudyal and Ezzedeen, Souha",,English,"WILEY PERIODICALS, INC","ONE MONTGOMERY ST, SUITE 1200, SAN FRANCISCO, CA 94104 USA","We know very little about how ethical climates are built and the potential role of a firm's HR system in facilitating the development of this resource. The resource-based view (RBV) of the firm suggests that human resource systems directly influence a firm's performance through the development of resources that are deeply woven in a firm's history and culture. How this occurs though has not been thoroughly considered in the research literature. Drawing on the theoretical insights from the resource-based view of the firm, this article explores how HR systems can foster the development and maintenance of five types of ethical climates. In so doing, this article improves our conceptual understanding of why ethical climates may be seen as having strategic value for firms and how HR systems may influence that value. In addition, it contributes to theory by extending the domain of the resource-based view of the firm by exploring its integration with the varied types of ethical climates. (c) 2014 Wiley Periodicals, Inc.","RAYYAN-INCLUSION: {""julius.fenn""=>""Excluded""}",,
rayyan-800531333,Plagiarism Awareness among Students: Assessing Integration of Ethics        Theory into Library Instruction,2014,9,,COLLEGE & RESEARCH LIBRARIES,0010-0870,75,5,736-752,"Strittmatter, C and Bratton, VK and Strittmatter, Connie and Bratton, Virginia K.",,English,ASSOC COLL RESEARCH LIBRARIES,"50 E HURON ST, CHICAGO, IL 60611 USA","The library literature on plagiarism instruction focuses on students' understanding of what plagiarism is and is not. This study evaluates the effect of library instruction from a broader perspective by examining the pre- and posttest (instruction) levels of students' perceptions toward plagiarism ethics. Eighty-six students completed a pre- and posttest survey that measured their ethical perceptions of plagiarism scenarios. The survey used the multidimensional ethics scale (MES) developed by Reidenbach and Robin that is used commonly in business ethics research. The study found that the MES is a reliable tool to measure changes in ethical perceptions of plagiarism. Further, results indicate that students had higher posttest perceptions of plagiarism ethics than they did prior to library instruction. These results suggest that library instruction was effective and had a meaningful impact on students' perceptions toward plagiarism ethics.","RAYYAN-INCLUSION: {""julius.fenn""=>""Excluded""}",,
rayyan-800531334,Effects of Differences in National Culture on Auditors' Judgments and        Decisions: A Literature Review of Cross-Cultural Auditing Studies from a        Judgment and Decision Making Perspective,2014,5,,AUDITING-A JOURNAL OF PRACTICE & THEORY,0278-0380,33,2,141-164,"Nolder, C and Riley, TJ and Nolder, Christine and Riley, Tracey J.",,English,AMER ACCOUNTING ASSOC,"5717 BESSIE DR, SARASOTA, FL 34233 USA","Motivated by the growing cultural diversity of new hires in audit firms, this paper reviews the literature on cross-cultural differences in auditors' judgment and decision making (JDM). The overarching aim of the review is to summarize the current state of knowledge and compare our understanding of cross-cultural auditors' JDM with the broader cross-cultural JDM research in psychology to stimulate applied research. We develop a framework that categorizes those auditor judgments and decisions most likely affected by cross-cultural differences. The categories include auditors' confidence, risk and probability judgments, risk decisions, conflict decisions, and ethical judgments. We contribute to the cross-cultural audit research in four ways. First, we provide a framework by which future research can be synthesized within auditing and compared with psychology. Second, we recommend specific research questions to respond to both the gaps in extant literature and the changing multicultural environment of audit firms. Third, we advocate for an alternative theoretical approach beyond the examination of cultural traits. Finally, we argue that bicultural auditors represent an unexplored boundary condition on prior findings that warrants more immediate attention from audit researchers.","RAYYAN-INCLUSION: {""julius.fenn""=>""Excluded""}",,
rayyan-800531335,Customer perception and response to ethical norms in legal services        marketing,2014,3,,JOURNAL OF BUSINESS RESEARCH,0148-2963,67,3,369-377,"Ndubisi, NO and Nataraajan, R and Lai, R and Ndubisi, Nelson Oly and Nataraajan, Rajan and Lai, Rebecca",,English,ELSEVIER SCIENCE INC,"360 PARK AVE SOUTH, NEW YORK, NY 10010-1710 USA","The study here examines the relationship between ethical marketing norms, relationship quality (RQ), and commitment in the context of legal services. Through a survey of customers of legal services providers in Malaysia, data were collected. Results from a standard analysis of data show that the four dimensions of ethical marketing norms contribute significantly and explain a significant amount of variance in RQ and commitment. The results further show that three dimensions of ethical norms namely price and distribution norm, information and contract norm, and general honesty and integrity norm are significantly associated with relationship quality and commitment. Product and promotion norm has no significant relationship with relationship quality and commitment. RQ plays a mediating role in the relationship between marketing norms and commitment. The study reveals that the same three dimensions of marketing norms predict both RQ and commitment, and are useful for effective legal services marketing. These findings lead to research, managerial, contextual and policy implications that conclude the paper. (C) 2013 Elsevier Inc. All rights reserved.","RAYYAN-INCLUSION: {""julius.fenn""=>""Excluded""}",,
rayyan-800531336,"Moral Degradation, Business Ethics, and Corporate Social Responsibility        in a Transitional Economy",2014,3,,JOURNAL OF BUSINESS ETHICS,0167-4544,120,3,405-421,"Zheng, QQ and Luo, YD and Wang, SL and Zheng, Qinqin and Luo, Yadong and Wang, Stephanie Lu",,English,SPRINGER,"VAN GODEWIJCKSTRAAT 30, 3311 GZ DORDRECHT, NETHERLANDS","This article theoretically proposes and empirically verifies an understudied issue in the business ethics (BE) and corporate social responsibility (CSR) literature-how moral degradation (MD) in a society influences the relationship between BE or CSR and firm performance (i.e., corporate legitimacy and competitive advantage). Building on strategic choice theory, we propose that both BE and CSR become more important in enhancing business success when the perceived MD is heightened. Our analysis of 300 firms operating in China statistically confirms our hypotheses: first, under high MD, firms' engagement in CSR results in higher corporate legitimacy and competitive advantage, and second, their adherence to ethical business codes leads to higher corporate legitimacy. We conclude the article by outlining the implications for both theory and practice.","RAYYAN-INCLUSION: {""julius.fenn""=>""Excluded""}",,
rayyan-800531337,Methodological issues in whistle-blowing intentions research: addressing        the social desirability bias and order effect bias,2014,,,INTERNATIONAL CONFERENCE ON CORPORATE GOVERNANCE & STRATEGIC MANAGEMENT        (ICGSM) 2014,1877-0428,145,,204-210,"Ahmad, SA and Ismail, IS and Azmi, NA and Zakaria, NB and Ahmad, Syahrul Ahmar and Ismail, Ida Suriya and Azmi, Nurul Azlin and Zakaria, Nor Balkish",,English,ELSEVIER SCIENCE BV,"SARA BURGERHARTSTRAAT 25, PO BOX 211, 1000 AE AMSTERDAM, NETHERLANDS","The issues of social desirability bias and order effect bias are common problems in ethics. Methodologically, these two problems may weaken the study's validity and reliability thus, making the results of the study invalid. Utilizing vignettes in whistle-blowing research may further add to these problems as the case scenario in the vignettes may enhance respondents' social desirability bias and the sequence of presentation order of vignettes may then present the problem of vignettes' order effect bias. The paper addresses these two problems by statistically examining the effects of these two types of bias within the study of whistle-blowing intentions. (C) 2014 Published by Elsevier Ltd.","RAYYAN-INCLUSION: {""julius.fenn""=>""Excluded""}",,
rayyan-800531339,Ethics and Governance in the Temporary Organization,2014,,,ADVANCING HUMAN RESOURCE PROJECT MANAGEMENT,,,,489-512     D2 10.1002/9781118915912,"Muller, R and Muller, Ralf",,English,JOSSEY-BASS INC,"1 MONTGOMERY ST, STE 1200, SAN FRANCISCO, CA 94104 USA",,"RAYYAN-INCLUSION: {""julius.fenn""=>""Excluded""}",,
rayyan-800531340,Ethical decision making,2014,,,RESEARCH COMPANION TO ETHICAL BEHAVIOR IN ORGANIZATIONS: CONSTRUCTS AND        MEASURES,,,,78-118     D2 10.4337/9781782547471,"Robinson, JC and Ingerson, MC and Degn, RM and Robinson, J. Camden and Ingerson, Marc-Charles M.C and Degn, Rachel Mahrt",,English,EDWARD ELGAR PUBLISHING LTD,"THE LYPIATTS, 15 LANSDOWN RD, CHELTENHAM GL50 2JA, GLOS, ENGLAND",,"RAYYAN-INCLUSION: {""julius.fenn""=>""Included""} | RAYYAN-LABELS: excOverview",,
rayyan-800531341,Using corporate social responsibility performance to evaluate financial        disclosure credibility,2014,,,ACCOUNTING AND BUSINESS RESEARCH,0001-4788,44,5,523-544,"Wang, L and Tuttle, B and Wang, Lei and Tuttle, Brad",,English,"ROUTLEDGE JOURNALS, TAYLOR & FRANCIS LTD","2-4 PARK SQUARE, MILTON PARK, ABINGDON OX14 4RN, OXON, ENGLAND","Due to the paucity of immediate and direct information about financial disclosure credibility, it is often difficult for investors to assess the credibility of financial disclosures (e. g. whether reported earnings are biased). Given this situation, the present study proposes and finds that investors use additional cues, such as information about corporate social responsibility (CSR) performance, to form overall impressions about management's honesty, credibility, and trustworthiness. Similar to other findings in the halo effect literature, we find that these overall impressions subsequently influence both investors' assessments of financial disclosure credibility and the prices they are willing to pay for a company's stock. The findings support the theoretical framework on financial disclosure credibility by (1) showing that management credibility is an important tool that investors use to assess disclosure credibility and (2) suggesting that management credibility is a multidimensional latent construct for which CSR performance can be one of several relevant indicators.","RAYYAN-INCLUSION: {""julius.fenn""=>""Excluded""}",,
rayyan-800531342,Training in ethical judgment with a modified Potter Box,2014,1,,BUSINESS ETHICS-A EUROPEAN REVIEW,0962-8770,23,1,1-14,"Watley, LD and Watley, Loy D.",,English,WILEY,"111 RIVER ST, HOBOKEN 07030-5774, NJ USA","After a brief review of the ethical judgment research, the Potter Box, a four-step ethical judgment tool used primarily in media ethics, is introduced. The paper proposes that the Potter Box's usefulness for evaluating ethical dilemmas could be improved by re-sequencing the steps, by incorporating philosophical intuitionism as a mechanism for structuring its inherent pluralism and by adding a post-decision, pre-action reflective step. The resulting modified Potter Box has five steps - analyze the situation, identify stakeholders, specify duties, weigh obligations and check for universalizability - and should provide a useful structure for analyzing difficult ethical dilemmas and for creating transparency in the judgment process that accommodates improved discussion.","RAYYAN-INCLUSION: {""julius.fenn""=>""Excluded""}",,
rayyan-800531343,Measuring Islamic Business Ethics within Indonesia Islamic Banks,2014,,,"WCIT 2014: 2ND WORLD CONFERENCE ON ISLAMIC THOUGHT & CIVILIZATION, VOLS        I AND II: RISE & FALL OF CIVILIZATION, CONTEMPORARY STATES OF MUSLIM        AFFAIRS",,,,344-355,"Widana, GNO and Wiryono, SK and Purwanegara, MS and Toha, M and Widana, Gusti Ngurah Oka and Wiryono, Sudarso Kaderi and Purwanegara, Mustika Sufiati and Toha, Mohamad",,English,KOLEJ UNIV ISLAM SULTAN AZLAN SHAH,"BUKIT CHANDAN, BANDAR DIRAJA, KUALA KANGSAR, PERAK DARUL RIDZUAN 33000,        MALAYSIA","The business characteristic of Islamic banks is the implementation of Islamic business ethics. Parallel with the trend of increasing preference to ethical institution, Islamic banks should put this as its competitive edge toward its competitor conventional competitor banks. However, only few previous studies discussed about the implementation of Islamic business ethics within Islamic banks and none suggested how to measure such implementation. This paper is a study of the literature on ethics and Islamic business ethics as the first step in developing a measurement tool of Islamic business ethics implementation within Islamic banks. This paper synthesizes the dimensions of Islamic business ethics that is excavated from the Quran and Sunna, being proposed by previous studies. There are seven dimensions, namely unity of God, benevolence, justice, sincere, equilibrium, responsibility and trusteeship. Subsequently, this paper outlines these dimensions into 21 items. The opportunity of future empirical study is recommended at the end of this paper.","RAYYAN-INCLUSION: {""julius.fenn""=>""Excluded""}",,
rayyan-800531344,"Dilemmas, Conspiracies, and Sophie's Choice: Vignette Themes and Ethical        Judgments",2013,12,,JOURNAL OF BUSINESS ETHICS,0167-4544,118,3,639-653,"Mudrack, PE and Mason, ES and Mudrack, Peter E. and Mason, E. Sharon",,English,SPRINGER,"VAN GODEWIJCKSTRAAT 30, 3311 GZ DORDRECHT, NETHERLANDS","Knowledge about ethical judgments has not advanced appreciably after decades of research. Such research, however, has rarely addressed the possible importance of the content of such judgments; that is, the material appearing in the brief vignettes or scenarios on which survey respondents base their evaluations. Indeed, this content has seemed an afterthought in most investigations. This paper closely examined the vast array of vignettes that have appeared in relevant research in an effort to reduce this proliferation to a more concise set of overarching vignette themes. Six generic themes emerged from this process, labeled here as Dilemma, Classic, Conspiracy, Sophie's Choice, Runaway Trolley, and Whistle Blowing. Each of these themes is characterized by a unique combination of four key factors that include the extent of protagonist personal benefit from relevant vignette activities and victim salience in vignette descriptions. Theme identification enabled inherent ambiguities in vignettes that threaten construct validity to come into sharp focus, provided clues regarding appropriate vignette construction, and may help to make sense of patterns of empirical findings that heretofore have seemed difficult to explain.","RAYYAN-INCLUSION: {""julius.fenn""=>""Included""} | RAYYAN-LABELS: excOverview",,
rayyan-800531345,To Cheat or Not to Cheat?: The Role of Personality in Academic and        Business Ethics,2013,11,1,ETHICS & BEHAVIOR,1050-8422,23,6,427-444,"Bratton, VK and Strittmatter, C and Bratton, Virginia K. and Strittmatter, Connie",,English,"ROUTLEDGE JOURNALS, TAYLOR & FRANCIS LTD","2-4 PARK SQUARE, MILTON PARK, ABINGDON OX14 4RN, OXON, ENGLAND","Past research (Lawson, 2004; Nonis & Swift, 2001) has revealed a correlation between academic and business ethics. Using a sample survey, this study extends this inquiry by examining the role of dispositional variables (neuroticism, extraversion, and conscientiousness) and academic honesty on business ethics perceptions. Results indicate that (1) neuroticism and conscientiousness were positively related to more ethical perceptions in a work context, and (2) academic honesty partially mediated the relationship between conscientiousness and business ethics. Implications to business practitioners and educators are discussed as well as directions for future research.","RAYYAN-INCLUSION: {""julius.fenn""=>""Excluded""}",,
rayyan-800531346,A Review of the Empirical Ethical Decision-Making Literature: 2004-2011,2013,10,,JOURNAL OF BUSINESS ETHICS,0167-4544,117,2,221-259,"Craft, JL and Craft, Jana L.",,English,SPRINGER,"VAN GODEWIJCKSTRAAT 30, 3311 GZ DORDRECHT, NETHERLANDS","This review summarizes the research on ethical decision-making from 2004 to 2011. Eighty-four articles were published during this period, resulting in 357 findings. Individual findings are categorized by their application to individual variables, organizational variables, or the concept of moral intensity as developed by Jones (Acad Manag Rev 16(2):366-395, 1991). Rest's (Moral development: advances in research and theory, Praeger, New York, 1986) four-step model for ethical decision-making is used to summarize findings by dependent variable-awareness, intent, judgment, and behavior. A discussion of findings in each category is provided in order to uncover trends in the ethical decision-making literature. A summary of areas of suggested future research is provided.","RAYYAN-INCLUSION: {""julius.fenn""=>""Excluded""} | RAYYAN-LABELS: EDM",,
rayyan-800531347,Negative Publicity Effect of the Business Founder's Unethical Behavior        on Corporate Image: Evidence from China,2013,9,,JOURNAL OF BUSINESS ETHICS,0167-4544,117,1,111-121,"Zhu, DH and Chang, YP and Zhu, Dong-Hong and Chang, Ya-Ping",,English,SPRINGER,"VAN GODEWIJCKSTRAAT 30, 3311 GZ DORDRECHT, NETHERLANDS","The unethical behavior of a business founder often leads to negative publicity which substantially affects positive corporate image. The amount of negative publicity relating to business founders' unethical behavior is on the rise in the age of online social media in China. Based on the stimulus-response theory and balance theory, this paper developed a theoretical model to examine how negative publicity about a business founder's unethical behavior affects corporate image. The proposed model was tested by the partial least squares technique. Results show that perceived severity, publicity intensity and recovery performance are predictors of corporate image: perceived severity has a negative impact on positive corporate image; publicity intensity and recovery performance have positive impacts on positive corporate image; and founder image mediates the relationships between the three predictors and corporate image. Moreover, initial consumer impression of business founders has a positive impact on positive corporate image.","RAYYAN-INCLUSION: {""julius.fenn""=>""Excluded""}",,
rayyan-800531348,"POWER, MORAL CLARITY, AND PUNISHMENT IN THE WORKPLACE",2013,8,,ACADEMY OF MANAGEMENT JOURNAL,0001-4273,56,4,1002-1023,"Wiltermuth, SS and Flynn, FJ and Wiltermuth, Scott S. and Flynn, Francis J.",,English,ACAD MANAGEMENT,"PACE UNIV, PO BOX 3020, 235 ELM RD, BRIARCLIFF MANOR, NY 10510-8020 USA","We propose that power increases how severely people punish transgressors. Further, we argue that this greater severity stems from an increased sense of moral clarity instilled by the psychological experience of power. We investigate the linkages among power, moral clarity, and punishment across multiple studies. Individuals with an increased sense of power advocated more severe punishments for transgressors than did those with a diminished sense of power. Further, moral clarity mediated the link between power and severity of punishment. We discuss the implications of these findings for managers in organizations and researchers interested in punitive reactions to moral transgressions.","RAYYAN-INCLUSION: {""julius.fenn""=>""Excluded""}",,
rayyan-800531349,"Ethical Judgments: What Do We Know, Where Do We Go?",2013,7,,JOURNAL OF BUSINESS ETHICS,0167-4544,115,3,575-597,"Mudrack, PE and Mason, ES and Mudrack, Peter E. and Mason, E. Sharon",,English,SPRINGER,"VAN GODEWIJCKSTRAAT 30, 3311 GZ DORDRECHT, NETHERLANDS","Investigations into ethical judgments generally seem fuzzy as to the relevant research domain. We first attempted to clarify the construct and determine domain parameters. This attempt required addressing difficulties associated with pinpointing relevant literature, most notably the varied nomenclature used to refer to ethical judgments (individual evaluations of actions' ethicality). Given this variation in construct nomenclature and the difficulties it presented in identifying pertinent focal studies, we elected to focus on research that cited papers featuring prominent and often-used measures of ethical judgments (primarily, but not exclusively, the Multidimensional Ethics Scale). Our review of these studies indicated a preponderance of inferences and conclusions unwarranted by empirical evidence (likely attributable at least partly to inconsistent nomenclature). Moreover, ethical judgments related consistently to few respondent characteristics or any other variables, emergent relationships may not always be especially meaningful, and much research seems inclined to repetition of already verified findings. Although we concluded that knowledge about ethical judgments seems not to have advanced appreciably after decades of investigation, we suggested a possible path forward that focuses on the content of what is actually being judged as reflected in the myriad of vignettes used in the literature to elicit judgments.","RAYYAN-INCLUSION: {""julius.fenn""=>""Included""} | RAYYAN-LABELS: incOverview",,
rayyan-800531350,"Ethical leadership, moral equity judgments, and discretionary workplace        behavior",2013,7,,HUMAN RELATIONS,0018-7267,66,7,951-972,"Resick, CJ and Hargis, MB and Shao, P and Dust, SB and Resick, Christian J. and Hargis, Michael B. and Shao, Ping and Dust, Scott B.",,English,SAGE PUBLICATIONS LTD,"1 OLIVERS YARD, 55 CITY ROAD, LONDON EC1Y 1SP, ENGLAND","The current study examines the role of ethical cognition as a psychological mechanism linking ethical leadership to employee engagement in specific discretionary workplace behaviors. Hypotheses are developed proposing that ethical leadership is associated with employees' negative moral equity judgments of workplace deviance (a discretionary antisocial behavior) and positive moral equity judgments of organizational citizenship (a discretionary prosocial behavior). In addition, hypotheses propose that moral equity judgments are a key type of ethical cognition linking ethical leadership with employee behaviors. Hypotheses are tested in a cross-organizational sample of 190 supervisor-employee dyads. Results indicate that employees who work for ethical leaders tended to judge acts of workplace deviance as morally inequitable and acts of organizational citizenship as morally equitable. In turn, these judgments guided employee regulation of behavior, and mediated the relationships between ethical leadership and employee avoidance of antisocial conduct and engagement in prosocial behavior.","RAYYAN-INCLUSION: {""julius.fenn""=>""Excluded""}",,
rayyan-800531351,Ethical Decision Making in a Peer-to-Peer File Sharing Situation: The        Role of Moral Absolutes and Social Consensus,2013,6,,JOURNAL OF BUSINESS ETHICS,0167-4544,115,2,229-240,"Bateman, CR and Valentine, S and Rittenburg, T and Bateman, Connie R. and Valentine, Sean and Rittenburg, Terri",,English,SPRINGER,"VAN GODEWIJCKSTRAAT 30, 3311 GZ DORDRECHT, NETHERLANDS","Individuals are downloading copyrighted materials at escalating rates (Hill 2007; Siwek 2007). Since most materials shared within these networks are copyrighted works, providing, exchanging, or downloading files is considered to be piracy and a violation of intellectual property rights (Shang et al. 2008). Previous research indicates that personal moral philosophies rooted in moral absolutism together with social context may impact decision making in ethical dilemmas; however, it is yet unclear which motivations and norms contextually impact moral awareness in a peer-to-peer (P2P) file sharing context (Shang et al. 2008). In sum, factors affecting the decision to share copyrighted material require further clarification and investigation (Shang et al. 2008). The purpose of this study was to use a consumer-based scenario and multiple ethics measures to explore how idealism, formalism, and perceived social consensus impact users' propensity to recognize that the sharing of copyrighted media through P2P networks was an ethical issue and their subsequent ethical intentions. Results showed that high levels of idealism and formalism were associated with an increased recognition that file sharing was an ethical issue, but neither construct had a direct effect on ethical intention. Strong social consensus among respondents that other people consider file sharing to be unethical was also positively related to the recognition that file sharing was an ethical issue, and ethical recognition was a moderate predictor of intention not to engage in file sharing. Finally, a post hoc mediation analysis indicated that idealism, formalism, and social consensus operated through recognition of an ethical issue to impact ethical intention (indirect-only mediation).","RAYYAN-INCLUSION: {""julius.fenn""=>""Excluded""}",,
rayyan-800531352,The Influence of Religiosity on Consumer Ethical Judgments and Responses        Toward Sexual Appeals,2013,6,,JOURNAL OF BUSINESS ETHICS,0167-4544,115,2,351-365,"Putrevu, S and Swimberghek, K and Putrevu, Sanjay and Swimberghek, Krist",,English,SPRINGER,"VAN GODEWIJCKSTRAAT 30, 3311 GZ DORDRECHT, NETHERLANDS","This research explores the influence of religiosity on consumer perception of, and response toward, sexual appeals. The first study (survey, national sample; n = 423) examines the relationship between religiosity and consumer response toward sexual appeals using causal modeling. Study 1 finds that high intrinsic religiosity consumers exhibit more adverse ethical judgments toward the company's use of sexual appeals and these judgments, in turn, result in inferior attitudes and purchase intent toward the advertised brand. To confirm and expand on these findings, the second study (experiment, young adult sample; n = 216) examines the influence of intrinsic religiosity on consumer response toward both sexual and nonsexual appeals. The results show that sexual appeals elicit inferior (superior) ethical judgments, attitudes, and purchase intent among consumers high (low) in intrinsic religiosity. In contrast, nonsexual appeals elicit (un) favorable responses from consumers who are (low) high in intrinsic religiosity.","RAYYAN-INCLUSION: {""julius.fenn""=>""Excluded""}",,
rayyan-800531353,What Would I Do? Civilians' Ethical Decision Making in Response to        Military Dilemmas,2013,5,1,ETHICS & BEHAVIOR,1050-8422,23,3,237-249,"Blais, AR and Thompson, MM and Blais, Ann-Renee and Thompson, Megan M.",,English,"ROUTLEDGE JOURNALS, TAYLOR & FRANCIS LTD","2-4 PARK SQUARE, MILTON PARK, ABINGDON OX14 4RN, OXON, ENGLAND","This research explored the ethical decision-making process of civilians in response to real-world military dilemmas. Results revealed the complexity of these dilemmas, with about equal proportions of civilians choosing each of two response options. The moral intensity dimension of social consensus significantly predicted moral judgment in both dilemmas, whereas that of magnitude of consequences did so in only one dilemma, partially supporting our hypothesis. Both dimensions were significant predictors of moral intent in both dilemmas as was moral judgment, also supporting our hypotheses. We conclude with suggestions for future research questions in this compelling area.","RAYYAN-INCLUSION: {""julius.fenn""=>""Excluded""}",,
rayyan-800531354,Ethical judgment in business: culture and differential perceptions of        justice among Italians and Germans,2013,4,,BUSINESS ETHICS-A EUROPEAN REVIEW,0962-8770,22,2,189-201,"Stedham, Y and Beekun, RI and Stedham, Yvonne and Beekun, Rafik I.",,English,WILEY-BLACKWELL,"111 RIVER ST, HOBOKEN 07030-5774, NJ USA","This study focuses on the cultural context of ethical decision making by considering the relationship between power distance and ethical judgment. Specifically, we propose that this relationship exists because of the influence of peers on ethical judgment and perceptions of justice. Considering the importance of peers in stage three of Kohlberg's model of moral development, we argue that peers are the basis for social comparisons, social cues and social identification and, hence, are critical to an individual's beliefs about justice. Using scenarios developed by Reidenbach and Robin, data were collected from German and Italian graduate business students. Germany and Italy differ substantially in power distance, but not in the three other cultural dimensions of Hofstede. Results show that the ethical assessment of the respondents from the two countries differs when justice criteria are used. Theoretical and practical implications of the results are discussed.","RAYYAN-INCLUSION: {""julius.fenn""=>""Excluded""}",,
rayyan-800531355,Measuring Sensitivity to Conflicts of Interest: A Preliminary Test of        Method,2013,3,,SCIENCE AND ENGINEERING ETHICS,1353-3452,19,1,43-62,"Lind, RA and Swenson-Lepper, T and Lind, Rebecca Ann and Swenson-Lepper, Tammy",,English,SPRINGER,"VAN GODEWIJCKSTRAAT 30, 3311 GZ DORDRECHT, NETHERLANDS","This study presents and develops test methods for assessing sensitivity to conflict of interest (COIsen). We are aware of no study assessing COIsen, but note that some popular methods for assessing ethical sensitivity and related constructs (which include COIsen) are flawed in that their presentation of stimulus material to subjects actually guides subjects to attend to ethical (or related) issues. The method tested here was designed to avoid this flaw. Using adaptations of two existing cases, a quota sample of 12 students was interviewed. Our method used funnel-sequenced, open-ended interviews that were audiotaped and transcribed, then subjected to a form of cognitive mapping. These maps revealed the presence of ""indicators"" of COIsen. We found that COIsen can be measured and that the global COIsen score generated by our method is able to reveal much variation across subjects, making it a worthwhile candidate for further consideration.","RAYYAN-INCLUSION: {""julius.fenn""=>""Excluded""}",,
rayyan-800531356,Value differences as determinants of importers' perceptions of        exporters' unethical behavior: The impact on relationship quality and        performance,2013,2,,INTERNATIONAL BUSINESS REVIEW,0969-5931,22,1,156-173,"Leonidou, CN and Leonidou, LC and Coudounaris, DN and Hultman, M and Leonidou, Constantinos N. and Leonidou, Leonidas C. and Coudounaris, Dafnis N. and Hultman, Magnus",,English,ELSEVIER,"RADARWEG 29, 1043 NX AMSTERDAM, NETHERLANDS","The article focuses on the value drivers of the unethical marketing behavior of exporters, as seen from the perspective of their importers, and how this in turn affects the quality of their working relationship and performance. Based on a sample of 189 Cypriot importers, the study revealed that similarities in national, corporate, and personal values between importers and their foreign suppliers are negatively related to unethical marketing practices of the latter as perceived by the former, and vice versa. Perceived export marketing unethicality, in turn, negatively influences the exporter-importer relationship quality (as expressed in terms of cooperation, communication, trust, and commitment), which subsequently has harmful effects on the performance of the relationship. In addition, the existence of a high similarity in both value strength and ethical codes between importers and their export suppliers was found to positively affect the quality of the working relationship. Finally, the association of both corporate and personal values similarity with perceived export marketing unethicality was found to be moderated by network ties, although this was not evident in the case of national values similarity. The findings of the study have important implications for import managers in terms of properly selecting and handling relationships with their foreign suppliers. (C) 2012 Elsevier Ltd. All rights reserved.","RAYYAN-INCLUSION: {""julius.fenn""=>""Excluded""}",,
rayyan-800531357,CORPORATE SOCIAL RESPONSIBILITY: A MULTI-LEVEL EXPLANATION OF WHY        MANAGERS DO GOOD,2013,,,CONFIGURATIONAL THEORY AND METHODS IN ORGANIZATIONAL RESEARCH,0733-558X,38,,181-204,"Crilly, D and Crilly, Donal",,English,EMERALD GROUP PUBLISHING LTD,"HOWARD HOUSE, WAGON LANE, BINGLEY, W YORKSHIRE BD16 1WA, ENGLAND","This chapter explores the integrative effects of individual psychology and social context in explaining why managers would behave in socially responsible ways. To identify how factors at different levels of analysis combine to shape attitudes toward social responsibility, I apply fuzzy-set qualitative comparative analysis (fsQCA) to survey and archival data from 335 managers of overseas subsidiaries of three Dutch corporations. Attention to the simultaneous effects of individual psychological factors, the organizational context, and the broader social context offers a configurational perspective on the micro and macrofoundations of social responsibility.","RAYYAN-INCLUSION: {""julius.fenn""=>""Excluded""}",,
rayyan-800531358,The Next Stage of Eco-travel: Facilitating Transformation through        Personal Ethics,2013,,,TRANSFORMATIONAL TOURISM: TOURIST PERSPECTIVES,,,,169-179     D2 10.1079/9781780642093.0000,"Nowaczek, AMK and Nowaczek, Agnes M. K.",,English,CABI PUBLISHING-C A B INT,"CABI PUBLISHING, WALLINGFORD 0X10 8DE, OXON, ENGLAND",,"RAYYAN-INCLUSION: {""julius.fenn""=>""Excluded""}",,
rayyan-800531359,"Improving salespeople's trust in the organization, moral judgment and        performance through transformational leadership",2013,,,JOURNAL OF BUSINESS & INDUSTRIAL MARKETING,0885-8624,28,7,535-546,"Schwepker, CH and Good, DJ and Schwepker, Charles H., Jr. and Good, David J.",,English,EMERALD GROUP PUBLISHING LTD,"HOWARD HOUSE, WAGON LANE, BINGLEY BD16 1WA, W YORKSHIRE, ENGLAND","Purpose - The purpose of this paper is to determine if transformational leadership has an effect on business-to-business salespeople's trust in the organization, whether trust in the organization affects moral judgment and if moral judgment in turn affects salesperson performance, specifically ""world-class"" sales performance.        Design/methodology/approach - Through the utilization of a national survey of 345 business-to-business salespeople, this study explored linkages between transformational leadership, trust in the organization, moral judgment and world class sales performance using structural equation modeling.        Findings - Results suggest that transformational leadership can be used to influence sales performance through trust in the organization and salesperson moral judgment.        Originality/value - The paper furthers the understanding of transformational leadership and its impact on salespeople. The interaction of three variables (transformational leadership, trust in the organization, and the moral judgment of the salesperson) and their ability to relate to world class sales performance provide an interesting strategic guide for sales organizations, as well as a meaningful set of managerial tools that can assist in constructing a performance driven sales organization. These constructs have not been simultaneously investigated prior to this research.","RAYYAN-INCLUSION: {""julius.fenn""=>""Excluded""}",,
rayyan-800531360,"Using an Ethical Framework to Examine Linkages Between ""Going Green"" in        Research Practices and Information and Communication Technologies",2013,,,INTEGRATIONS OF TECHNOLOGY UTILIZATION AND SOCIAL DYNAMICS IN        ORGANIZATIONS,,,,243-262,"Zaman, M and Simmers, CA and Anandarajan, M and Zaman, Maliha and Simmers, Claire A. and Anandarajan, Murugan     BA Medlin, BD     BF Medlin, BD",,English,IGI GLOBAL,"701 E CHOCOLATE AVE, STE 200, HERSEY, PA 17033-1240 USA","The link between ""Going Green"" in research practices and Information and Communication Technologies (ICTs) is studied using general ethics and social psychology literature. This paper investigates and concludes that a researcher's ethical judgment is the strongest factor influencing their intention to follow green research practices (GRP). Their ethical judgment is molded indirectly by the researcher's attitude towards environmental awareness. Their intention towards GRP is influenced by existing research practices and experience in using a technology touted as a greening enabler, Web 2.0. The strength of the relationship suggests there is no pivotal turning point in the research practices to become green. This paper concludes that GRP represent a smaller, albeit important, paradigm shift affecting the conduct and dissemination of research with positive spillover effects for the environment.","RAYYAN-INCLUSION: {""julius.fenn""=>""Excluded""}",,
rayyan-800531361,Brand Attachment and Consumer Emotional Response to Unethical Firm        Behavior,2012,11,,PSYCHOLOGY & MARKETING,0742-6046,29,11,869-884,"Schmalz, S and Orth, UR and Schmalz, Sebastian and Orth, Ulrich R.",,English,WILEY,"111 RIVER ST, HOBOKEN 07030-5774, NJ USA","Attaching consumers to a brand is a cornerstone of relationship marketing as attachment increases loyalty. This research investigates another possible benefit of attachment, its potential and limits for shielding brands from firms ethical missteps. Merging motivated reasoning and attachment theories, two studies focus on how brand attachment influences consumer judgments of firm ethics and the emotional and behavioral consequences developing from those. A field study indicates that attachment attenuates judgments of unethical behavior, contributes to emotional ambivalence, and affects purchase intentions. A subsequent experiment corroborates these findings and shows that the buffering role of attachment is limited to conditions when the information about firm ethics is moderately rather than extremely negative. Implications focus on advancing research on ethics and emotional ambivalence in consumer brand relationships and on managerial implications.","RAYYAN-INCLUSION: {""julius.fenn""=>""Excluded""}",,
rayyan-800531362,Spirituality and national culture as antecedents to ethical        decision-making: a comparison between the United States and Norway,2012,9,,JOURNAL OF BUSINESS ETHICS,0167-4544,110,1,33-44,"Beekun, RI and Westerman, JW and Beekun, Rafik I. and Westerman, James W.",,English,SPRINGER,"VAN GODEWIJCKSTRAAT 30, 3311 GZ DORDRECHT, NETHERLANDS","We investigate the cross-cultural relationships between spirituality and ethical decision-making in Norway and the U.S. Data were collected from business students (n = 149) at state universities in Norway and the U.S. Results indicate that intention to behave ethically was significantly related to spirituality, national culture, and the influence of peers. Americans were significantly less ethical than Norwegians based on the three dimensions of ethics, yet more spiritual overall. Interestingly, the more spiritual were Norwegians, the more ethical was their decision-making. By contrast, the more spiritual were Americans, the less ethical was their decision-making. The research also found that peer influences were more important to Norwegians than to Americans in making ethical decisions. Finally, spiritual people from the U.S. were more likely to use a universalistic form of justice ethics, as opposed to a more particularistic form of justice ethics used by Norwegians.","RAYYAN-INCLUSION: {""julius.fenn""=>""Included""} | RAYYAN-LABELS: excRelativism",,
rayyan-800531363,Managers' Ethical Evaluations of Earnings Management and Its        Consequences,2012,,,CONTEMPORARY ACCOUNTING RESEARCH,0823-9150,29,3,910-+,"Johnson, EN and Fleischman, GM and Valentine, S and Walker, KB and Johnson, Eric N. and Fleischman, Gary M. and Valentine, Sean and Walker, Kenton B.",,English,WILEY,"111 RIVER ST, HOBOKEN 07030-5774, NJ USA","Current research on the ethics of earnings management has generally not examined the specific ethical dilemma that arises when a choice to engage in earnings management results in positive organizational consequences. In this study, we address this issue by examining the question: Do the ends of positive organizational consequences justify the means of earnings management? To test this question, we analyzed the responses of 264 experienced managers who evaluated scenarios in which an employee made a choice about whether or not to engage in earnings management behavior, with consequences that were either favorable or unfavorable to the organization. The results indicate that, although the ethical nature of an act has the greatest influence on ethical judgment, managers tended to discount the ethical impact of earnings management behavior when the consequences were favorable to the organization-implying that the ends do justify the means. This finding highlights the importance of establishing an ethical ""tone at the top'' to avoid employee rationalization of ethically questionable behaviors and situations where minor ethical lapses may become more serious. This research advances the ethics of earnings management literature and also provides empirical evidence about how managers actually respond to an earnings management ethical dilemma rather than simply stating what they should do. Implications of these findings for corporate governance and future research are also discussed.","RAYYAN-INCLUSION: {""julius.fenn""=>""Excluded""}",,
rayyan-800531364,Consumer outrage: Emotional reactions to unethical corporate behavior,2012,9,,JOURNAL OF BUSINESS RESEARCH,0148-2963,65,9,1364-1373,"Lindenmeier, J and Schleer, C and Pricl, D and Lindenmeier, Joerg and Schleer, Christoph and Pricl, Denise",,English,ELSEVIER SCIENCE INC,"360 PARK AVE SOUTH, NEW YORK, NY 10010-1710 USA","Unethical corporate conduct frequently leads to public outrage, which in turn triggers detrimental consumer behavior, such as consumer boycotts. However, few studies examine the effects of unethical corporate behavior on consumer emotions. To address this gap, the present work develops and validates a model of consumer outrage. The analysis suggests that consumer outrage is a compound emotion that comprises affective and cognitive experiences. Moreover, the results indicate that consumer outrage is a major trigger of boycotting behavior and that gender affects the predictions of the outrage model. The paper provides implications for management and suggestions for further research. (C) 2011 Elsevier Inc. All rights reserved.","RAYYAN-INCLUSION: {""julius.fenn""=>""Excluded""}",,
rayyan-800531365,The Contextual Antecedents of Organizational Trust: A Multidimensional        Cross-level Analysis,2012,7,,MANAGEMENT AND ORGANIZATION REVIEW,1740-8776,8,2,371-396,"Li, PP and Bai, YT and Xi, YM and Li, Peter Ping and Bai, Yuntao and Xi, Youmin",,English,WILEY-BLACKWELL,"111 RIVER ST, HOBOKEN 07030-5774, NJ USA","In this article we seek to explore the contextual antecedents of organizational trust. In light of the complex links between organizational contexts and organizational behaviours, we focus on the effects of the three most critical contextual antecedents, i.e., leadership role, structural rule, and cultural norm at the organizational level, on organizational trust directly, and their behavioural outcomes at the individual level indirectly, using organizational trust as a cross-level mediator. The empirical results, based on a hierarchical linear model with a sample of 444 employees from 82 firms in China, lent support for our multidimensional cross-level model of contexttrustbehaviour link. We extend the research on organizational trust by treating it as a cross-level phenomenon and by specifying its core contextual antecedents and behavioural consequences.","RAYYAN-INCLUSION: {""julius.fenn""=>""Excluded""}",,
rayyan-800531366,Some Ethical Implications of Individual Competitiveness,2012,7,,JOURNAL OF BUSINESS ETHICS,0167-4544,108,3,347-359,"Mudrack, PE and Bloodgood, JM and Turnley, WH and Mudrack, Peter E. and Bloodgood, James M. and Turnley, William H.",,English,SPRINGER,"VAN GODEWIJCKSTRAAT 30, 3311 GZ DORDRECHT, NETHERLANDS","This study examined some ethical implications of two different individual competitive orientations. Winning is crucially important in hypercompetitiveness, whereas a personal development (PD) perspective considers competition as a means to self-discovery and self-improvement. In a sample of 263 senior-level undergraduate business students, survey results suggested that hypercompetitiveness was generally associated with ""poor ethics"" and PD competitiveness was linked with ""high ethics"". For example, hypercompetitive individuals generally saw nothing wrong with self-interested gain at the expense of others, but PD competitors viewed such activities as largely inappropriate. Hypercompetitive people also tended to be highly Machiavellian but not ethically idealistic. In contrast, PD competitors tended to be ethically idealistic but not Machiavellian. Managers that are interested in both high ethics and high functioning work groups may wish to consider the potential importance of attempting to channel hypercompetitive tendencies into PD directions.","RAYYAN-INCLUSION: {""julius.fenn""=>""Excluded""}",,
rayyan-800531367,"Moral Intensity, Issue Importance, and Ethical Reasoning in Operations        Situations",2012,7,,JOURNAL OF BUSINESS ETHICS,0167-4544,108,4,509-523,"Valentine, S and Hollingworth, D and Valentine, Sean and Hollingworth, David",,English,SPRINGER,"VAN GODEWIJCKSTRAAT 30, 3311 GZ DORDRECHT, NETHERLANDS","Previous work suggests that moral intensity and the perceived importance of an ethical issue can influence individual ethical decision making. However, prior research has not explored how the various dimensions of moral intensity might differentially affect PIE, or how moral intensity might function together with (or in the presence of) PIE to influence ethical decision making. In addition, prior work has also not adequately investigated how the operational context of an organization, which may embody conditions or practices that create barriers to ethical decision making, may differ from other functional areas of an organization. Consequently, this study investigated the relationships among moral intensity, perceived ethical issue importance, and three stages of the ethical reasoning process: recognition of an ethical issue, ethical judgment, and ethical intention. Using an internet-based, self-report survey containing two operations management scenarios and various ethics measures, information was collected from business professionals working for a Midwestern financial services organization. The hierarchical regression results indicated that some dimensions of moral intensity were positively related to PIE, ethical issue recognition, and ethical judgment, and that PIE was associated with increased ethical issue recognition and ethical judgment. The steps of ethical reasoning were also positively interrelated.","RAYYAN-INCLUSION: {""julius.fenn""=>""Excluded""}",,
rayyan-800531368,A research design for mapping national CSR terrains,2012,4,,INTERNATIONAL JOURNAL OF SUSTAINABLE DEVELOPMENT AND WORLD ECOLOGY,1350-4509,19,2,130-143,"Skouloudis, A and Evangelinos, K and Skouloudis, Antonis and Evangelinos, Konstantinos",,English,TAYLOR & FRANCIS INC,"530 WALNUT STREET, STE 850, PHILADELPHIA, PA 19106 USA","Most of the evidence on national progress in corporate social responsibility (CSR) relates to North America and Western Europe, making broad cross-national comparisons difficult. This study seeks to contribute to this end by developing a research design for CSR assessment in a national context. Drawing on prior theory and well-established research methods, developed in order to assess the multi-dimensionality of CSR, a research approach is proposed that can be applied to any country, regardless of the extent to which the notion has penetrated the domestic business sector. Such a research design can expand the existing pool of knowledge on national CSR patterns, inform managers on the national dimension of CSR and contribute to further identifying the relationship between cultural specificity and responsible business behaviour.","RAYYAN-INCLUSION: {""julius.fenn""=>""Excluded""}",,
rayyan-800531369,A PROPOSAL FOR AN EFFECTIVE ASSESSMENT OF THE DEVELOPMENT OF THE ETHICAL        COMPETENCE IN BUSINESS HIGHER EDUCATION,2012,,,"5TH INTERNATIONAL CONFERENCE OF EDUCATION, RESEARCH AND INNOVATION        (ICERI 2012)",,,,4454-4463,"Aldazabal, ME and Espinosa-Pike, M and Aldazabal, M. E. and Espinosa-Pike, M.",,English,IATED-INT ASSOC TECHNOLOGY EDUCATION & DEVELOPMENT,"LAURI VOLPI 6, VALENICA, BURJASSOT 46100, SPAIN","The European Higher Education Area has provided new challenges for all faculty involved in higher education. One of the major changes undertaken in the reform of university degrees is the need to develop generic competences in the curriculum which has conducted to a great change in the teaching-learning process, mainly in the innovative methodologies to achieve the new market and society demands.        Among the generic competences that arise in the curriculum, the necessity to behave in an ethical way appears in almost all the university degrees. The ethical competence is a very important one in all of them, but maybe, in particular, in the different degrees related to economic and business studies. The strong economic and financial crisis in which we are immersed, has its origins, almost in part, in the lack of ethical behaviour of those acting in the market. The lack of ethical behaviour has led to a reconsideration of university education. Society expects and demands a new role of universities in developing ethical professionals. It is not enough to train students in the technical aspects but also to give them the required ethical training in order to prepare them to resolve the multiple ethical situations in which they will probably be involved. It is necessary that they act as professionals and fulfil their role to society. In this line, it seems unavoidable to develop, as a priority objective, the ethical competence in future business professionals.        Today, different studies show that universities, especially those dedicated to business education, are increasing the ethical training of the students. The current debate is not centred on the need to integrate ethics, because nearly everyone involved in the education system agree. The main debate which must be taken is how to integrate the ethical competence in the curriculum and how to assess the effectiveness of that integration. This is a great challenge we face at this moment at university level.        In the academic literature there are several studies in different areas which try to assess the effectiveness of the integration of ethics in higher education. The main objective of this paper is to present the different instruments which are being used nowadays in the literature, and in particular, to make a proposal of an effective way to assess the development of the ethical competence in business higher education.","RAYYAN-INCLUSION: {""julius.fenn""=>""Excluded""}",,
rayyan-800531370,Toward Understanding Ethical Decision Making: A Redefined Measure of        Intent to Act Ethically,2012,,,DECISION MAKING THEORIES AND PRACTICES FROM ANALYSIS TO STRATEGY,,,,60-78,"Johnson, J and Coyle, T and Johnson, Jennie and Coyle, Tom     BA Tavana, M     BF Tavana, M",,English,IGI GLOBAL,"701 E CHOCOLATE AVE, STE 200, HERSEY, PA 17033-1240 USA","This paper proposes a step-wise methodology for the development of a scale measuring intent-to-act ethically, which is a step forward in the ethical decision-making process. To test the robustness of the methodology, data from two different populations gathered from 75 students and 181 professionals were examined to ensure reliability in ethical workplace scenarios. This research is relevant to recent issues like the current economic crisis lead by the sub-prime banking failures. The failures of Enron and Tyco are extreme examples of failure of societal members to act ethically. The construction of scale-measuring items was based on a theory of intent, and issues identified from the human resource management literature related to reasons employees do not report perceived unethical behavior in the workplace. Tested for social desirability bias, the results show that the proposed scale offers an improved reliability for assessing behavioral intent related to ethical decision-making. With these findings, this paper provides a tool for research that relies on a measure of ethical intent as a proxy for ethical behavior.        [GRAPHICS]        .","RAYYAN-INCLUSION: {""julius.fenn""=>""Included""} | RAYYAN-LABELS: excMixedScales",,
rayyan-800531371,"Predictors, consequence, and measurement of ethical judgments: Review        and meta-analysis",2012,1,,JOURNAL OF BUSINESS RESEARCH,0148-2963,65,1,84-91,"Pan, Y and Sparks, JR and Pan, Yue and Sparks, John R.",,English,ELSEVIER SCIENCE INC,"STE 800, 230 PARK AVE, NEW YORK, NY 10169 USA","As a central construct in theories of ethical decision making, ethical judgments have been the subject of more than one hundred empirical studies. Despite its size, the ethical judgments literature seems to lack clarity in three areas. First, empirical results are sometimes inconsistent or contradictory across studies. Second, a broad array of diverse measures of ethical judgments raises concerns about research validity. Third, differences in sample composition may affect comparability of study results. To help resolve these issues, this study conducts a review and meta-analysis of the ethical judgments literature. The results offer insights in all three areas. They help resolve some of the inconsistencies in the relationships between ethical judgments and certain theoretical antecedents; they support the use of diverse measures of ethical judgments; and they offer caution in the use of student samples in ethical judgments research. (C) 2011 Elsevier Inc. All rights reserved.","RAYYAN-INCLUSION: {""julius.fenn""=>""Excluded""} | RAYYAN-LABELS: EDM",,
rayyan-800531372,Effect of sense of personal efficacy on the perception of ethical        characters of menacing advertising and Intention to quit smoking,2012,,,"INNOVATION AND SUSTAINABLE COMPETITIVE ADVANTAGE: FROM REGIONAL        DEVELOPMENT TO WORLD ECONOMIES, VOLS 1-5",,,,552-+,"Saadellaoui, I and Gharbi, JE and Saadellaoui, Ines and Gharbi, Jamel-Eddine",,French,INT BUSINESS INFORMATION MANAGEMENT ASSOC-IBIMA,"34 E GERMANTOWN PIKE, NO. 327, NORRISTOWN, PA 19401 USA",This paper tries to understand the effects of perceived self-efficacy of smokers on the ethical judgment of threatening advertising and their intention to quit. The experimental study that we have conducted reveals that fear appeals are perceived ethical if smokers feel able to implement the recommendation of the message sender. Both the theoretical contributions managerial implications of such a result will be discussed in this paper.,"RAYYAN-INCLUSION: {""julius.fenn""=>""Excluded""}",,
rayyan-800531373,Ethical evaluation by consumers: the role of product harm and disclosure,2012,,,BRITISH FOOD JOURNAL,0007-070X,114,1,54-69,"Sun, PC and Chen, HP and Wang, KC and Sun, Pi-Chuan and Chen, Hsu-Ping and Wang, Kuang-cheng",,English,EMERALD GROUP PUBLISHING LIMITED,"HOWARD HOUSE, WAGON LANE, BINGLEY BD16 1WA, W YORKSHIRE, ENGLAND","Purpose - The purpose of this paper. is to explore the impacts of product harm, consumers' product knowledge and firms' negative information disclosure on ethical evaluation of a firm, especially, the moderating effects of product knowledge and negative information disclosure.        Design/methodology/approach - A 3 x 2 x 2 between-subject design with three levels of product harm, two levels of product knowledge, and two treatments of negative information was used in this study. The experimental product is diet food.        Findings - The findings reveal that the level of product harm affects consumers' ethical evaluation. Furthermore, the individual's ethical evaluation will influence his or her purchase intention. The main effect of subjective knowledge is significant while its moderating effect is not significant. It is also found that the negative information disclosure will lower consumer's ethical evaluation of a firm, and the effect of product harm on ethical evaluation will be stronger for harmful products than for harmless products when the negative information is disclosed.        Practical implications - Marketers might need to be especially responsive if their practices result in a diminished reputation for their firms and lost sales. Exploiting the vulnerability of consumers or worsening their situation by marketing harmful products might be evaluated as unethical under principles of justice. It is suggested that marketers include increased disclosures of actual product harm levels relative to industry norms.        Originality/value - Consumers' product knowledge and firms' negative information disclosure are integrated into the model, exploring the effect of product harm on consumer's ethical evaluation of a firm and their moderating effects are discussed.","RAYYAN-INCLUSION: {""julius.fenn""=>""Excluded""}",,
rayyan-800531374,Ethical Academic Judgments and Behaviors: Applying a Multidimensional        Ethics Scale to Measure the Ethical Academic Behavior of Graduate        Students,2012,,,ETHICS & BEHAVIOR,1050-8422,22,4,281-296,"Yang, SC and Yang, Shu Ching",,English,LAWRENCE ERLBAUM ASSOC INC-TAYLOR & FRANCIS,"325 CHESTNUT STREET, STE 800, PHILADELPHIA, PA 19106 USA","Using Reidenbach and Robin's Multidimensional Ethics Scale, this study investigated the relationships between background variables and students' ethical evaluations, judgments, and behavioral intentions using 3 scenarios involving dilemmas related to academic dishonesty. The sample included 436 master's students and 142 doctoral students. The study found that the participants used a combination of ethical philosophies to make ethical decisions. The respondents judged improper citations more harshly than acts of inappropriate authorship or the falsification of data. The doctoral students generally considered behaviors related to plagiarism and falsification to be more unethical than the master's students did, though no gender differences were found.","RAYYAN-INCLUSION: {""julius.fenn""=>""Excluded""}",,
rayyan-800531375,Do economic incentives alter ethical attitudes to vulnerable        stakeholders in developing countries? Lessons from a controlled        experiment,2011,12,7,AFRICAN JOURNAL OF BUSINESS MANAGEMENT,1993-8233,5,31,12309-12318,"Aarstad, J and Bjaneso, H and Skauge, T and Aarstad, Jarle and Bjaneso, Henry and Skauge, Tom",,English,ACADEMIC JOURNALS,"P O BOX 5170-00200 NAIROBI, VICTORIA ISLAND, LAGOS 73023, NIGERIA","Scholars argue that studies in business administration, more than other fields of study, expose self-interest and narrow economic assumptions. This can have negative consequences for ethical attitudes to stakeholders beyond a firm's shareholders. To study this, we carried out a controlled experiment and examined if economic incentives affected a cohort of business students' ethical attitudes to vulnerable stakeholders in a developing country as compared to a cohort of engineering students. For the business students, we found that economic incentives tended to legitimize an ethically questionable investment on issues that were related to relativism and egoism. The results were the opposite for the engineering students. Women were more ethically sensitive than men on issues that were related to universal fairness. The study discusses the findings' implications for management theory, education, and practice.","RAYYAN-INCLUSION: {""julius.fenn""=>""Excluded""}",,
rayyan-800531376,"Uncovering the Intellectual Structure of Research in Business Ethics: A        Journey Through the History, the Classics, and the Pillars of Journal of        Business Ethics",2011,12,,JOURNAL OF BUSINESS ETHICS,0167-4544,104,4,499-524,"Calabretta, G and Durisin, B and Ogliengo, M and Calabretta, Giulia and Durisin, Boris and Ogliengo, Marco",,English,SPRINGER,"VAN GODEWIJCKSTRAAT 30, 3311 GZ DORDRECHT, NETHERLANDS","After almost 30 years of publications, Journal of Business Ethics (JBE) has achieved the position of main marketplace for business ethics discussion and knowledge generation. Given the large amount of knowledge produced, an assessment of the state of the art could benefit both the constructive development of the discipline and the further growth of the journal itself. As the evolution of a discipline is set to be reflected in the evolution of its leading journal, we attempt to characterize changes in the intellectual structure of business ethics through a bibliometric analysis of articles published in JBE. Specifically, we conduct a knowledge-stock analysis to assess the evolution, major trends, and current state of the journal. Additionally, we use citation and co-citation analysis to provide an accurate description of the content and the advancement of research in business ethics. Through the results of our analysis, we are able to: (1) pinpoint the characteristics of the growing stock of knowledge published by JBE over the years; (2) identify the most influential works on business ethics research; and (3) detect the formation and evolution of schools of thought in business ethics.","RAYYAN-INCLUSION: {""julius.fenn""=>""Included""} | RAYYAN-LABELS: excOverview",,
rayyan-800531377,Developing a Multidimensional Scale for Ethical Decision Making,2011,12,,JOURNAL OF BUSINESS ETHICS,0167-4544,104,4,485-497,"Casali, GL and Casali, Gian Luca",,English,SPRINGER,"VAN GODEWIJCKSTRAAT 30, 3311 GZ DORDRECHT, NETHERLANDS","This article reports on the development of the managerial ethical profile (MEP) scale. The MEP scale is a multilevel, self-reporting scale measuring the perceived influence that different dimensions of common ethical frameworks have on managerial decision making. The MEP scale measures on eight subscales: economic egoism, reputational egoism, act utilitarianism, rule utilitarianism, self-virtue of self, virtue of others, act deontology, and rule deontology. Confirmatory factor analysis (CFA) was used to provide evidence of scale validity. Future research needs and the value of this measure for business ethics are discussed.","RAYYAN-INCLUSION: {""julius.fenn""=>""Included""} | RAYYAN-LABELS: incOverview,incMESextension",,
rayyan-800531378,Ethical decision-making in the Internet context: Development and test of        an initial model based on moral philosophy,2011,11,,COMPUTERS IN HUMAN BEHAVIOR,0747-5632,27,6,2401-2409,"Yoon, C and Yoon, Cheolho",,English,PERGAMON-ELSEVIER SCIENCE LTD,"THE BOULEVARD, LANGFORD LANE, KIDLINGTON, OXFORD OX5 1GB, ENGLAND","This paper proposes an ethical decision-making model in the Internet context based on moral theories and then empirically tests the model. The model posits that five moral philosophy variables justice, relativism, egoism, deontology, and utilitarianism affect ethical judgment; ethical judgment, in turn, affects behavioral intentions. To empirically test the model, four scenarios, real-life situations containing an ethical dilemma on the Internet, were developed and empirically analyzed by structural equation modeling with data from 111 university students.        The results showed the five moral philosophy variables affected ethical judgment, each having different effects according to the particular ethical situation. Also, justice, utilitarianism, and ethical judgment were found to influence behavioral intentions in ethical dilemma situations on the Internet. (C) 2011 Elsevier Ltd. All rights reserved.","RAYYAN-INCLUSION: {""julius.fenn""=>""Included""} | RAYYAN-LABELS: incMESextension",,
rayyan-800531379,The ethical orientation and professional commitment: An empirical        examination on Turkish accountants,2011,10,7,AFRICAN JOURNAL OF BUSINESS MANAGEMENT,1993-8233,5,23,10023-10037,"Uyar, M and Ozer, G and Uyar, Metin and Ozer, Gokhan",,English,ACADEMIC JOURNALS,"P O BOX 5170-00200 NAIROBI, VICTORIA ISLAND, LAGOS 73023, NIGERIA","This research, conducted through the collection of data from professional accountants throughout Turkey, aims to examine the relationship between the individual ethical orientation (ethics philosophy) and professional commitment of professional accountants. The collected data were analyzed according to the structural equation model and the structural relationship between the ethical orientation, ethical awareness, ethical decision and the dimensions of professional commitment was illustrated. As a result, it was found out that there is a meaningful level of relationship between the ethical orientation of the professional accountants and their professional commitment. It was observed that, in case of making a decision about an ethical problem concerning their profession, the decisions of the professional accountants with justice and deontological orientation were affected largely by their normative and affective professional commitments, while that of the professional accountants with relativist and teleological orientation with respect to ethics were affected largely by their continuance commitment.","RAYYAN-INCLUSION: {""julius.fenn""=>""Excluded""}",,
rayyan-800531380,Consumer Religiosity: Consequences for Consumer Activism in the United        States,2011,10,,JOURNAL OF BUSINESS ETHICS,0167-4544,103,3,453-467,"Swimberghe, K and Flurry, LA and Parker, JM and Swimberghe, Krist and Flurry, Laura A. and Parker, Janna M.",,English,SPRINGER,"VAN GODEWIJCKSTRAAT 30, 3311 GZ DORDRECHT, NETHERLANDS","In recent times, organizations have experienced consumer backlash as a result of decisions to support controversial causes. To date, little research has attempted to explain consumers' negative response as a function of religion. This study addresses that gap in the literature and examines consumer religious commitment and Christian consumers' conservative beliefs in the United States as motivating factors for consumer activist behavior and boycott participation. Findings from a national sample of 531 consumers suggest that consumers evaluate seller's actions and form ethical judgments. These judgments are a major explanatory variable in consumers' voice complaints, third-party complaint intentions, and boycott intentions.","RAYYAN-INCLUSION: {""julius.fenn""=>""Excluded""}",,
rayyan-800531381,"Does a Consumer's Religion Really Matter in the Buyer-Seller Dyad? An        Empirical Study Examining the Relationship Between Consumer Religious        Commitment, Christian Conservatism and the Ethical Judgment of a        Seller's Controversial Business Decision",2011,9,,JOURNAL OF BUSINESS ETHICS,0167-4544,102,4,581-598,"Swimberghe, KR and Sharma, D and Flurry, LW and Swimberghe, Krist R. and Sharma, Dheeraj and Flurry, Laura Willis",,English,SPRINGER,"VAN GODEWIJCKSTRAAT 30, 3311 GZ DORDRECHT, NETHERLANDS","Religion is an important cultural and individual difference variable. Yet, despite its obvious importance in consumers' lives, religion in the United States has been under-researched. This study addresses that gap in the literature and investigates the influence of consumer religion in the buyer-seller dyad. Specifically, this study examines the influence of consumer religious commitment and a Christian consumer's conservative beliefs in the United States on store loyalty when retailers make business decisions which are potentially reli- gious objectionable. This study uses structural equation modeling and applies Anderson and Gerbing's (Psychol Bull 103(3):411-423, 1988) two-step approach to exam- ine data obtained from a national sample of 531 consumers. The results from this study suggest that consumers evaluate seller's actions and form ethical judgments. These judgments are a major explanatory variable in consumer store loyalty intentions.","RAYYAN-INCLUSION: {""julius.fenn""=>""Excluded""}",,
rayyan-800531382,"The Impact of Ethical Ideologies, Moral Intensity, and Social Context on        Sales-Based Ethical Reasoning",2011,8,,JOURNAL OF BUSINESS ETHICS,0167-4544,102,1,155-168,"Valentine, SR and Bateman, CR and Valentine, Sean R. and Bateman, Connie R.",,English,SPRINGER,"VAN GODEWIJCKSTRAAT 30, 3311 GZ DORDRECHT, NETHERLANDS","Previous research indicates that ethical ideologies, issue-contingencies, and social context can impact ethical reasoning in different business situations. However, the manner in which these constructs work together to shape different steps of the ethical decision-making process is not always clear. The purpose of this study was to address these issues by exploring the influence of idealism and relativism, perceived moral intensity in a decision-making situation, and social context on the recognition of an ethical issue and ethical intention. Utilizing a sales-based scenario and multiple ethics measures included on a self-report questionnaire, data were collected from a regional sample of business students, most of whom had modest work experience. The results indicated that perceived moral intensity was associated with increased ethical issue recognition and ethical intention. Idealism was also associated with increased ethical issue recognition, and relativism was associated with decreased ethical intention. Social consensus was positively related to ethical issue recognition and intention, while competitive context was inversely related to ethical intention. Finally, ethical issue recognition was associated with increased ethical intention. Idealism, moral intensity, social consensus, and work experience worked together as predictors of ethical issue recognition, whereas recognition of an ethical issue, relativism, moral intensity, social consensus, and competitive context worked together to predict ethical intention.","RAYYAN-INCLUSION: {""julius.fenn""=>""Excluded""}",,
rayyan-800531383,The Naked Truth Revealing the Affinity for Graphic Sexual Appeals in        Advertising,2011,6,,JOURNAL OF ADVERTISING RESEARCH,0021-8499,51,2,436-448,"Reichert, T and LaTour, MS and Ford, JB and Reichert, Tom and LaTour, Michael S. and Ford, John B.",,English,ADVERTISING RESEARCH FOUNDATION,"432 PARK AVENUE SOUTH, 6TH FLOOR, NEW YORK, NY 10016 USA","Graphic sexual appeals grab attention but the advertising literature suggests that these messages are far from a ""magic bullet."" Using a large national panel (N = 1,506), the current research manipulated levels of nudity in fragrance ads and assessed key constructs including Sexual Self Schema, Sensation Seeking, and dimensions of the Reidenbach-Robin Multi-dimensional Ethics Scale to determine which factors best account for individual response. Findings indicate that elements of all three variables were important predicators of viewers' emotional, attitudinal, and behavioral responses, especially as nudity increased. The results elucidate key factors for managerial action when incorporating sexual appeals in brand building.","RAYYAN-INCLUSION: {""julius.fenn""=>""Excluded""}",,
rayyan-800531384,The Responsibility and Accountability of CEOs: The Last Interview with        Ken Lay,2011,5,,JOURNAL OF BUSINESS ETHICS,0167-4544,100,2,209-219,"Ferrell, OC and Ferrell, L and Ferrell, O. C. and Ferrell, Linda",,English,SPRINGER,"VAN GODEWIJCKSTRAAT 30, 3311 GZ DORDRECHT, NETHERLANDS","Responsibility and accountability of CEOs has been a major ethical concern over the past 10 years. Major ethical dilemmas at Enron, Worldcom, AIG, as well as other well-known organizations have been at least partially blamed on CEO malfeasance. Interviews with Ken Lay, CEO of Enron, after his 2006 fraud convictions provides an opportunity to document his perceived role in the demise of Enron. Possibly no other CEO has had as much impact on the scrutiny and legalization of business ethics as Ken Lay. This analysis is timely because of many information sources now available and the recent Supreme Court decisions on Enron conviction appeals. Using Ken Lay as the focal point, a review of literature provides the background for research questions to explore the role of the CEO in developing an ethical corporate culture.","RAYYAN-INCLUSION: {""julius.fenn""=>""Excluded""}",,
rayyan-800531385,Managers' Moral Decision-Making Patterns Over Time: A Multidimensional        Approach,2011,5,,JOURNAL OF BUSINESS ETHICS,0167-4544,100,2,191-207,"Kujala, J and Lamsa, AM and Penttila, K and Kujala, Johanna and Lamsa, Anna-Maija and Penttila, Katriina",,English,SPRINGER,"VAN GODEWIJCKSTRAAT 30, 3311 GZ DORDRECHT, NETHERLANDS","Taking multidimensional ethics scale approach, this article describes an empirical survey of top managers' moral decision-making patterns and their change from 1994 to 2004 during morally problematic situations in the Finnish context. The survey questionnaire consisted of four moral dilemmas and a multidimensional scale with six ethical dimensions: justice, deontology, relativism, utilitarianism, egoism and female ethics. The managers evaluated their decision-making in the problems using the multidimensional ethics scale. Altogether 880 questionnaires were analysed statistically. It is concluded that relying on the utilitarian principles is a core ethical evaluation criterion amongst top business managers in Finland. This study proves that managers' moral decision-making patterns change over time. According to the results of this research, managers' moral decision-making became more multidimensional during the study period. The change is explained by (1) the inclusion of female ethics items in the scale which allows managers to show more diversity in their decision- making, (2) the change in the Finnish economic context from depression to economic prosperity and growth during the study period, which is conducive to the spread of post materialist values, such as the importance of social relations and (3) the increasing public discussion of the importance ethical issues in business.","RAYYAN-INCLUSION: {""julius.fenn""=>""Excluded""}",,
rayyan-800531386,Theory of Planned Behavior and Ethics Theory in Digital Piracy: An        Integrated Model,2011,5,,JOURNAL OF BUSINESS ETHICS,0167-4544,100,3,405-417,"Yoon, C and Yoon, Cheolho",,English,SPRINGER,"VAN GODEWIJCKSTRAAT 30, 3311 GZ DORDRECHT, NETHERLANDS","Since digital piracy has posed a significant threat to the development of the software industry and the growth of the digital media industry, it has, for the last decade, held considerable interest for researchers and practitioners. This article will propose an integrated model that combines the theory of planned behavior (TPB) and ethics theory, the two theories that are most often used in digital piracy studies. Data were obtained from university students in China, and the model was examined using the structural equation model (SEM). The results show that moral obligation and justice, derived from ethics theories and TPB variables, such as attitude, subjective norms, and perceived behavioral control, influence the behavioral intentions of individuals to commit digital piracy. The attitude of individuals toward digital piracy is also found to be influenced by perceived benefits, perceived risk, and habit.","RAYYAN-INCLUSION: {""julius.fenn""=>""Excluded""}",,
rayyan-800531387,Formal Infrastructure and Ethical Decision Making: An Empirical        Investigation and Implications for Supply Management,2011,2,,DECISION SCIENCES,0011-7315,42,1,163-204,"Rottig, D and Koufteros, X and Umphress, E and Rottig, Daniel and Koufteros, Xenophon and Umphress, Elizabeth",,English,WILEY,"111 RIVER ST, HOBOKEN 07030-5774, NJ USA","Building on Rest's (1986) conceptual model of ethical decision making, we derive and empirically test a model that links an organization's formal ethical infrastructure to individuals' moral awareness of ethical situations, moral judgment, and moral intention. We contribute to the literature by shedding light on the importance of a multifaceted formal ethical infrastructure-consisting of formal communication, recurrent communication, formal surveillance, and formal sanctions-as a crucial antecedent of moral awareness. In so doing, we discern how these four elements of a formal ethical infrastructure combine to collectively influence moral awareness based on a second-order factor structure using structural equation modeling. We test our model based on survey data from 805 respondents with significant work experience across three separate ethical scenarios. Our results across the three scenarios provide overall support for our model. We found that a second-order factor structure for the formal ethical infrastructure explains the variance among the four infrastructure elements and that a multifaceted formal ethical infrastructure significantly increases moral awareness. Our results further suggest a strong positive effect of moral awareness on moral judgment, which in turn was found to have a positive impact on moral intention. These results were substantiated when taking several individual and contextual control variables into account, such as gender, age, religiosity, work satisfaction, and a de facto ethical climate. Implications for theory, practice, and supply management are discussed.","RAYYAN-INCLUSION: {""julius.fenn""=>""Excluded""}",,
rayyan-800531388,Moral Judgment and its Impact on Business-to-Business Sales Performance        and Customer Relationships,2011,2,,JOURNAL OF BUSINESS ETHICS,0167-4544,98,4,609-625,"Schwepker, CH and Good, DJ and Schwepker, Charles H., Jr. and Good, David J.",,English,SPRINGER,"VAN GODEWIJCKSTRAAT 30, 3311 GZ DORDRECHT, NETHERLANDS","For many years, researchers and practitioners have sought out meaningful indicators of sales performance. Yet, as the concept of performance has broadened, the understanding of what makes up a successful seller, has become far more complicated. The complexity of buyer-seller relationships has changed therefore as the definition of sales performance has expanded, cultivating a growing interest in ethical/unethical actions since they could potentially have impacts on sales performance. Given this environment, the purpose of this study is to explore the impact of moral judgment on sales performance and sellers engaging in a customer-oriented selling approach. Specifically, by utilizing a sample of 345 business-to-business salespeople, this study examines the relationships between moral judgment, customer-oriented selling, and outcome and behavior based performance. Results, managerial implications, and opportunities for future research are provided.","RAYYAN-INCLUSION: {""julius.fenn""=>""Excluded""}",,
rayyan-800531389,CAN GLOBAL FINANCIAL CRISIS MAKE AMENDS FOR UNFAIR TREATMENT TO        EMPLOYEES?,2011,,,"PROCEEDINGS OF THE 6TH INTERNATIONAL SCIENTIFIC SYMPOSIUM ON BUSINESS        ADMINISTRATION: GLOBAL ECONOMIC CRISIS AND CHANGES: RESTRUCTURING        BUSINESS SYSTEM: STRATEGIC PERSPECTIVES FOR LOCAL, NATIONAL AND GLOBAL        ACTORS",,,,1-U178,"Alniacik, U and Ozbek, V and Koc, F and Alniacik, Umit and Ozbek, Volkan and Koc, Fatih",,English,"SILESIAN UNIV OPAVA,  SCHOOL BUSINESS ADMINISTRATION KARVINA","UNIVERZITNI NAM 1934-3, KARVINA, 73340, CZECH REPUBLIC","Although the global financial crisis is one of the most researched topics in the business literature, its relation to business ethics is a neglected area of research. Accordingly, in this study, we examine whether global financial crisis moderates the perceived fairness of disputable business practices, and their impact on attitudes and intentions towards a company. For this aim, we conducted an experimental study in the real estate industry. We manipulated the information about a hypothetical firm's way of treatment to its employees (fair vs. unfair) and made connections with the ongoing global financial crisis. Then, we examined how different combinations of these factors affect respondents' attitudes and intentions towards the company. Research results provide important insights about the possible concealing effect of the global financial crisis, when it is used as a pretext for unfair business practices.","RAYYAN-INCLUSION: {""julius.fenn""=>""Excluded""}",,
rayyan-800531390,Ethical Decision-Making and Implications for Decision Support,2011,,,DECISION SUPPORT: AN EXAMINATION OF THE DSS DISCIPLINE,1934-3221,14,,69-82,"Drake, JR and Hall, DJ and Lang, T and Drake, John R. and Hall, Dianne J. and Lang, Teresa",,English,SPRINGER,"233 SPRING STREET, NEW YORK, NY 10013, UNITED STATES",,"RAYYAN-INCLUSION: {""julius.fenn""=>""Excluded""}",,
rayyan-800531391,"International Management: Strategic Opportunities and Cultural        Challenges, 4th Edition",2011,,,"INTERNATIONAL MANAGEMENT: STRATEGIC OPPORTUNITIES AND CULTURAL        CHALLENGES, 4TH EDITION",,,,1-561     D2 10.1163/ej.9789004203655.i-461,"McFarlin, DB and Sweeney, PD and McFarlin, D. B. and Sweeney, P. D.     BA McFarlin, DB and Sweeney, PD     BF McFarlin, DB and Sweeney, PD",,English,ROUTLEDGE,"2 PARK SQ, MILTON PARK, ABINGDON OX14 4RN, OXFORD, ENGLAND",,"RAYYAN-INCLUSION: {""julius.fenn""=>""Excluded""}",,
rayyan-800531392,Ethical Mindsets: An Australian Study,2010,11,,JOURNAL OF BUSINESS ETHICS,0167-4544,96,4,613-629,"Issa, T and Pick, D and Issa, Theodora and Pick, David",,English,SPRINGER,"VAN GODEWIJCKSTRAAT 30, 3311 GZ DORDRECHT, NETHERLANDS","The aim of this article is to define and delineate an ethical mindset. In deploying an interpretive mixed-methods analysis of the Australian services sector, data were collected through an online survey on 223 respondents followed by focus group interviews involving 20 participants. The analysis reveals evidence of ethical mindsets in Australian business context, the components of which are identified as being aesthetic judgment, spirituality, optimism, harmony and balance, contentment, truth telling, individual responsibility and professionalism. While the findings are limited to the Australian context, it illuminates the value of mindsets to business ethics in a way that has theoretical rigour and practical relevance. Research has so far only considered business ethics within other mindsets (e.g. global mindset). This article provides a foundation for further application and development of mindset theory.","RAYYAN-INCLUSION: {""julius.fenn""=>""Excluded""} | RAYYAN-LABELS: EDM",,
rayyan-800531393,Effects of justice and utilitarianism on ethical decision making: a        cross-cultural examination of gender similarities and differences,2010,10,,BUSINESS ETHICS-A EUROPEAN REVIEW,0962-8770,19,4,309-325,"Beekun, RI and Stedham, Y and Westerman, JW and Yamamura, JH and Beekun, Rafik I. and Stedham, Yvonne and Westerman, James W. and Yamamura, Jeanne H.",,English,WILEY,"111 RIVER ST, HOBOKEN 07030-5774, NJ USA","This study investigates the relationship between intention to behave ethically and gender within the context of national culture. Using Reidenbach and Robin's measures of the ethical dimensions of justice and utilitarianism in a sample of business students from three different countries, we found that gender is significantly related to the respondents' intention to behave ethically. Women relied on both justice as well as utilitarianism when making moral decisions. By contrast, men relied only on justice, and did not rely on utilitarianism when faced with the same ethical issues. Further, women's intention to behave was contextual, significantly affected by two national culture dimensions (uncertainty avoidance and individualism), whereas men's decisions were more universal, and not related to national culture dimensions.","RAYYAN-INCLUSION: {""julius.fenn""=>""Included""} | RAYYAN-LABELS: excFemaleEthics",,
rayyan-800531394,The influence of culture on ethical perception held by business students        in a New Zealand university,2010,10,,BUSINESS ETHICS-A EUROPEAN REVIEW,0962-8770,19,4,349-362,"Brunton, M and Eweje, G and Brunton, Margaret and Eweje, Gabriel",,English,WILEY,"111 RIVER ST, HOBOKEN 07030-5774, NJ USA","The demand for principled and transparent corporate moral judgement and ethical decision making in the workplace makes it necessary for business students as future managers to understand the expectations of ethical workplace conduct. Corporate scandals mean that there is enhanced interest in ensuring that ethical content is included in curricula in universities. In this study, we re-visit the question of whether culture has an influence on ethical perceptions of workplace scenarios, using students enrolled in a College of Business in a New Zealand (NZ) university as respondents. Consistent with current research, this study demonstrated mixed results. However, we also found evidence to suggest some identifiable patterns in the data across cultural groups. Overall, Chinese and Other respondents were more likely than NZ European to consider the scenarios as ethical. On the other hand, Chinese respondents were significantly less likely to report that their peers would carry out ethically questionable actions.","RAYYAN-INCLUSION: {""julius.fenn""=>""Excluded""}",,
rayyan-800531395,Investigating the Effects of Gender on Consumers' Moral Philosophies and        Ethical Intentions,2010,9,,JOURNAL OF BUSINESS ETHICS,0167-4544,95,3,393-414,"Bateman, CR and Valentine, SR and Bateman, Connie R. and Valentine, Sean R.",,English,SPRINGER,"VAN GODEWIJCKSTRAAT 30, 3311 GZ DORDRECHT, NETHERLANDS","Using information collected from a convenience sample of graduate and undergraduate students affiliated with a Midwestern university in the United States, this study determined the extent to which gender (defined as sex differences) is related to consumers' moral philosophies and ethical intentions. Multivariate and univariate results indicated that women were more inclined than men to utilize both consequence-based and rule-based moral philosophies in questionable consumption situations. In addition, women placed more importance on an overall moral philosophy than did men, and women had higher intentions to behave ethically. The marketing and practical implications of these findings are discussed, and the limitations of the research are presented along with several suggestions for future inquiry, which could advance current understanding of consumer ethics.","RAYYAN-INCLUSION: {""julius.fenn""=>""Excluded""}",,
rayyan-800531396,The Effects of Managers' Moral Philosophy on Project Decision Under        Agency Problem Conditions,2010,7,,JOURNAL OF BUSINESS ETHICS,0167-4544,94,4,595-611,"Huang, CL and Chang, BG and Huang, Cheng-Li and Chang, Bao-Guang",,English,SPRINGER,"VAN GODEWIJCKSTRAAT 30, 3311 GZ DORDRECHT, NETHERLANDS","This study derives an improved model of managers' decision-making behavior regarding possibly failing projects. Instead of adopting cognitive moral development used by Rutledge and Karim (Accounting, Organization and Society 24, 173-184, 1999) this investigation uses the agency theory framework to consider individual moral philosophy for the improvement of decisions regarding possibly failing projects. This research hypothesizes that a manager with low relativism has a stronger tendency to discontinue a possibly failing project than one with high relativism when agency problem are present or absent. Also, this study suggests that a manager with high idealism has a stronger tendency to discontinue a possibly failing project than one with low idealism. Through experiments this work finds that agency problem is a significant factor on decisions regarding possibly failing projects in all circumstances. This result is consistent with prior literature and shows agency problem universality. Next, the empirical evidence supports the hypothesis that a project manager with low relativism tends to discontinue a possibly failing project more than one with high relativism, showing that individual moral philosophy can partially mitigate the phenomenon of escalating managers' commitment.","RAYYAN-INCLUSION: {""julius.fenn""=>""Excluded""}",,
rayyan-800531397,The Relation Between Policies Concerning Corporate Social Responsibility        (CSR) and Philosophical Moral Theories - An Empirical Investigation,2010,5,,JOURNAL OF BUSINESS ETHICS,0167-4544,93,3,357-371,"Frederiksen, CS and Frederiksen, Claus Strue",,English,SPRINGER,"VAN GODEWIJCKSTRAAT 30, 3311 GZ DORDRECHT, NETHERLANDS","This article examines the relation between policies concerning Corporate Social Responsibility (CSR) and philosophical moral theories. The objective is to determine which moral theories form the basis for CSR policies. Are they based on ethical egoism, libertarianism, utilitarianism or some kind of common-sense morality? In order to address this issue, I conducted an empirical investigation examining the relation between moral theories and CSR policies, in companies engaged in CSR. Based on the empirical data I collected, I start by suggesting some normative arguments used by the respondents. Secondly, I suggest that these moral arguments implicitly rely on some specific moral principles, which I characterise. Thirdly, on the basis of these moral principles, I suggest the moral theories upon which the CSR policies are built. Previous empirical studies examining the relation between philosophical moral theories and the ethical content of business activities have mainly concentrated on the ethical decision-making of managers. Some of the most prominent investigations in that regard propose that managers mainly act in accordance with utilitarian moral theory (Fritzsche, D. J. and H. Becker: 1984, Academy of Management Journal 27(1), 166-175; Premeaux, S. and W. Mony: 1993, Journal of Business Ethics 12, 349-357; Premeaux, S.: 2004, Journal of Business Ethics 52, 269-278). I conclude that CSR policies are not based on utilitarian thinking, but instead, on some kind of common-sense morality. The ethical foundation of companies engaged in CSR, thus, does not mirror the ethical foundation of managers.","RAYYAN-INCLUSION: {""julius.fenn""=>""Excluded""}",,
rayyan-800531398,The Psychology of Making Ethical Decisions: What Affects the Decision?,2010,5,,PSYCHOLOGICAL SERVICES,1541-1559,7,2,57-64,"Lincoln, SH and Holmes, EK and Lincoln, Sarah Hope and Holmes, Elizabeth K.",,English,AMER PSYCHOLOGICAL ASSOC,"750 FIRST ST NE, WASHINGTON, DC 20002-4242 USA","Individuals engage in an ethical decision-making process to solve ethical dilemmas. This empirical study of Navy chaplains explored the process of ethical decision making and the extent to which the characteristics of the moral situation influence the decision-making process. The results of the study are visually displayed in a model that pictures the steps in ethical decision making, which could be used as a teaching and training tool for professionals.","RAYYAN-INCLUSION: {""julius.fenn""=>""Excluded""}",,
rayyan-800531399,"Modern Business Ethics Research: Concepts, Theories, and Relationships",2010,2,,JOURNAL OF BUSINESS ETHICS,0167-4544,91,4,587-597,"Tseng, HC and Duan, CH and Tung, HL and Kung, HJ and Tseng, Hsing-Chau and Duan, Chi-Hsiang and Tung, Hui-Lien and Kung, Hsiang-Jui",,English,SPRINGER,"VAN GODEWIJCKSTRAAT 30, 3311 GZ DORDRECHT, NETHERLANDS","The main purpose of this study is to explore and map the intellectual structure of business ethics studies during 1997-2006 by analyzing 85,000 cited references of 3,059 articles from three business ethics related journals in SSCI and SCI databases. In this article, co-citation analysis and social network analysis techniques are used to research intellectual structure of the business ethics literature. We are able to identify the important publications and the influential scholars as well as the correlations among these publications by analyzing citation and co-citation. Three factors emerged in this study are: (1) ethical/unethical decision making, (2) corporate governance and firm performance, and (3) ethical principles and code of conduct.","RAYYAN-INCLUSION: {""julius.fenn""=>""Excluded""}",,
rayyan-800531400,Consumer adoption of technological innovations Effects of psychological        and functional barriers in a lack of content versus a presence of        content situation,2010,,,EUROPEAN JOURNAL OF MARKETING,0309-0566,44,11,1700-1724,"Antioco, M and Kleijnen, M and Antioco, Michael and Kleijnen, Mirella",,English,EMERALD GROUP PUBLISHING LTD,"HOWARD HOUSE, WAGON LANE, BINGLEY BD16 1WA, W YORKSHIRE, ENGLAND","Purpose - This study seeks to investigate barriers in the consumer adoption process of technological innovations under different contingencies. The paper aims to focus on barriers impeding adoption of technologies characterized by high incompatibility and high uncertainty i.e. a ""lack of content"" (LoC) situation - versus technologies characterized by low incompatibility and low uncertainty - i.e. a ""presence of content"" (PoC) situation.        Design/methodology/approach - Based on a literature study, the paper develops hypotheses that distinguish the diverging effects of both psychological and functional barriers on consumer adoption in different situations (LoC versus PoC). Data were collected by means of a survey, resulting in an effective sample of 229 respondents.        Findings - In the case of LoC, the value, risk (financial and performance) and image barrier are negatively related to adoption intention, where the latter barrier is significantly stronger for the LoC situation than for the PoC situation. For PoC, it is found that the value, image, and financial risk barriers are negatively related to adoption intention, where the value barrier outweighs all other barriers. Interestingly, the traditional barrier reveals a positive effect on adoption intention.        Practical implications - The results suggest that managers and retailers should develop a more sophisticated understanding of consumers' adoption intention of new technologies. Distinguishing between LoC and PoC situations offers managers the opportunity to differentiate their communication strategies and design more compelling ways for consumers to overcome the specific barriers they perceive in each situation.        Originality/value - The paper attempts to offer a more fine-grained understanding of consumer adoption by investigating the extent to which the lack versus the presence of content gives rise to differences regarding the effects of psychological and functional barriers to technology adoption.","RAYYAN-INCLUSION: {""julius.fenn""=>""Excluded""} | RAYYAN-LABELS: EDM",,
rayyan-800531401,"Ethical perceptions of business students in a New Zealand university: do        gender, age and work experience matter?",2010,1,,BUSINESS ETHICS-A EUROPEAN REVIEW,0962-8770,19,1,95-111,"Eweje, G and Brunton, M and Eweje, Gabriel and Brunton, Margaret",,English,WILEY,"111 RIVER ST, HOBOKEN 07030-5774, NJ USA","Ethical issues at the workplace have once again become topical and important due to considerable adverse publicity surrounding reports of unethical business practices by corporate managers. Accordingly, this paper re-visits the question of whether gender, age and work experience do have an effect on ethical judgement, using 655 business students as respondents. This is necessary as business students are likely to become managers during their career and will face complex ethical concerns and dilemmas in their daily, routine affairs. The findings currently demonstrate that females are more ethically aware than their male counterparts - that is, there are differences between males and females regarding ethical judgement. There is also evidence to suggest that age is a factor that does impact on ethical judgement. However, we also found evidence to suggest that in some cases, the age factor does not necessarily have a significant impact on ethical awareness. The results further indicate that there is a difference in ethical judgement related to work experience. However, at the same time, in one question there is no evidence to suggest the claim that work experience does impact significantly on ethical judgement. Overall, it appears that ethical awareness does increase alongside work experience.","RAYYAN-INCLUSION: {""julius.fenn""=>""Excluded""}",,
rayyan-800531402,"MORAL INTENSITY, ETHICAL REASONING, AND EQUITABLE RELIEF JUDGMENTS",2010,,,"RESEARCH ON PROFESSIONAL RESPONSIBILITY AND ETHICS IN ACCOUNTING, VOL 14",,14,,79-112,"Fleischman, GM and Valentine, S and Finn, DW and Fleischman, Gary M. and Valentine, Sean and Finn, Don W.",,English,EMERALD GROUP PUBLISHING LTD,"HOWARD HOUSE, WAGON LANE, BINGLEY, W YORKSHIRE BD16 1WA, ENGLAND","Ethical issues and moral reasoning are important in the tax policy context because shared moral values create good societies (Paul et al., 2006). This study of the equitable relief subset of the innocent spouse rules is a good example of Congressional and IRS policy that has been substantially reformed twice (and continues to be reassessed) to create tax that effectively treats innocent spouses equitably (Fleischman & Shen, 1999). The purpose of this study was to evaluate the degree to which subjects moral reasoning, using the first two steps of Rest's (1986) ethical reasoning model, is related to perceived moral intensity (Jones, 1991) in several tax-based equitable relief situations. Integrative social contracts theory provides the study's theoretical lens.        Subjects evaluated a mailed-questionnaire con taming two separate equitable relief scenarios about a spouse who was unaware of her husband's tax evasion one scenario included verbal abuse and the other scenario contained no such abuse. The survey also contained a variety of ethics and attitudinal measures used to measure the study's,focal variables. The results support the a priori hypotheses that moral intensity is positively related to recognition of an ethical issue, judgment that the ethical scenario is unethical, and judgment to grant equitable relief. In addition, the scenario containing emotional abuse was associated with increased levels of moral intensity as compared to the scenario that did not contain abuse. The paper concludes with a discussion of both professional and public policy implications.","RAYYAN-INCLUSION: {""julius.fenn""=>""Excluded""}",,
rayyan-800531403,"Moderators of the Negativity Effect: Commitment, Identification, and        Consumer Sensitivity to Corporate Social Performance",2010,1,,PSYCHOLOGY & MARKETING,0742-6046,27,1,54-70,"Liu, TC and Wang, CY and Wu, LW and Liu, Tsung-Chi and Wang, Chung-Yu and Wu, Li-Wei",,English,WILEY,"111 RIVER ST, HOBOKEN 07030-5774, NJ USA","Numerous studies have identified constructs such as commitment and brand familiarity as moderators of negativity effects. However, boundary conditions for this moderation have yet to be identified within a retailing context. This study tries to rectify this gap in the literature. This study finds that three factors (commitment, consumer-company identification, and consumer sensitivity to corporate social performance) moderate attitude change toward a retailer following exposure to moderately negative (vs. positive) publicity. However, given extremely negative information, the buffering effects of the moderating factors disappear, and attitude changes are significant for all consumers. (C) 2009 Wiley Periodicals, Inc.","RAYYAN-INCLUSION: {""julius.fenn""=>""Excluded""}",,
rayyan-800531404,Implicit Mental Processes in Ethical Management Behavior,2010,,,ETHICS & BEHAVIOR,1050-8422,20,2,128-148,"Marquardt, N and Marquardt, Nicki",,English,LAWRENCE ERLBAUM ASSOC INC-TAYLOR & FRANCIS,"325 CHESTNUT STREET, STE 800, PHILADELPHIA, PA 19106 USA","This article examines the relationship between implicit mental processes and ethical decisions made by managers. Based on the dual-process view in social and cognitive psychology, it is argued that social cognition (e.g., moral judgments) can rely on two different modes of information processing. On one hand, moral judgments reflect explicit, conscious, and extensive cognitive processes, which are attributed to explicit attitude. On the other hand, moral judgments may also be based on implicit, automatic, and effortless processes referring to implicit attitude. To test this thesis, a study involving 182 participants was conducted. The results support the thesis.","RAYYAN-INCLUSION: {""julius.fenn""=>""Excluded""}",,
rayyan-800531405,Advances in Research on Punishment in Organizations: Descriptive and        Normative Perspectives,2010,,,MANAGERIAL ETHICS: MANAGING THE PSYCHOLOGY OF MORALITY,,,,177-204,"Trevino, LK and Weaver, GR and Trevino, Linda Klebe and Weaver, Gary R.",,English,ROUTLEDGE,"11 NEW FETTER LANE, LONDON EC4P 4EE, ENGLAND",,"RAYYAN-INCLUSION: {""julius.fenn""=>""Excluded""}",,
rayyan-800531406,EXPLORING THE ETHICALITY OF FIRING EMPLOYEES WHO BLOG,2010,,,HUMAN RESOURCE MANAGEMENT,0090-4848,49,1,87-108,"Valentine, S and Fleischman, GM and Sprague, R and Godkin, L and Valentine, Sean and Fleischman, Gary M. and Sprague, Robert and Godkin, Lynn",,English,JOHN WILEY & SONS INC,"111 RIVER ST, HOBOKEN, NJ 07030 USA","This exploratory study evaluates the ethical considerations related to employees fired for their blogging activities. Specifically, subject evaluations of two employee-related blogging scenarios were investigated with established ethical reasoning and moral intensity scales, and a measure of corporate ethical values was included to assess perceptions of organizational ethics. The first scenario involved an employee who was fired because of innocuous blogging, while the second vignette involved an employee who was fired because of work-related blogging. Survey data were collected from employed college students and working practitioners. The findings indicated that the subjects' ethical judgments that firing an employee for blogging was unethical were negatively related to unethical intentions to fire an employee for blogging. Moral intensity was positively related to ethical judgments and negatively related to unethical intentions to fire an employee for blogging, while individual perceptions of ethical values were negatively associated with unethical intentions. Finally, subjects perceived that terminating an employee for innocuous blogging that did not target an employer was more ethically intense than was firing an employee for work-related blogging. The implications of the findings for human resource professionals are discussed, as are the study's limitations and suggestions for future research. (C) 2010 Wiley Periodicals, Inc.","RAYYAN-INCLUSION: {""julius.fenn""=>""Excluded""}",,
rayyan-800531407,The Joint Moderating Impact of Moral Intensity and Moral Judgment on        Consumer's Use Intention of Pirated Software,2009,12,,JOURNAL OF BUSINESS ETHICS,0167-4544,90,3,361-373,"Chen, MF and Pan, CT and Pan, MC and Chen, Mei-Fang and Pan, Ching-Ti and Pan, Ming-Chuan",,English,SPRINGER,"VAN GODEWIJCKSTRAAT 30, 3311 GZ DORDRECHT, NETHERLANDS","Moral issues have been included in the studies of consumer misbehavior research, but little is known about the joint moderating effect of moral intensity and moral judgment on the consumer's use intention of pirated software. This study aims to understand the consumer's use intention of pirated software in Taiwan based on the theory of planned behavior (TPB) proposed by Ajzen (Organizational Behavior and Human Decision Processes, 50, 179, 1991). In addition, moral intensity and moral judgment are adopted as a joint moderator to examine their combined influence on the proposed research framework. The results obtained from this Taiwan case reveal that the antecedent constructs proposed in the TPB model-an individual's attitude and subjective norms toward using pirated software, and perceived behavioral control to use pirated software-indeed have positive impacts on the consumer's use intention of pirated software. In addition, the joint moderating effect of moral intensity and moral judgment is manifested in the consumer's use intention of pirated software. The results of this study not only could substantiate the results of consumer misbehavior research, but also could provide some managerial suggestions for Taiwanese government authorities concerned and the related software industries devoted to fighting pirated software.","RAYYAN-INCLUSION: {""julius.fenn""=>""Excluded""}",,
rayyan-800531408,Managers' Attitudes Toward Codes of Ethics: Are There Gender        Differences?,2009,12,,JOURNAL OF BUSINESS ETHICS,0167-4544,90,,343-353,"Ibrahim, N and Angelidis, J and Tomic, IM and Ibrahim, Nabil and Angelidis, John and Tomic, Igor M.",,English,SPRINGER,"VAN GODEWIJCKSTRAAT 30, 3311 GZ DORDRECHT, NETHERLANDS","This article extends previous research by investigating the basis for attitudes toward codes of ethics. Specifically, its purposes are threefold. First, to examine business managers' attitudes toward codes of ethics. Second, to ascertain whether gender differences do exist with respect to these attitudes. Third, to provide a benchmark for future studies of attitudes toward codes of ethics. A survey of 286 managers revealed significant differences between the female and male managers with respect to six of the eight variables studied.","RAYYAN-INCLUSION: {""julius.fenn""=>""Excluded""}",,
rayyan-800531409,Ethical judgments and behaviors: Applying a multidimensional ethics        scale to measuring ICT ethics of college students,2009,11,,COMPUTERS & EDUCATION,0360-1315,53,3,940-949,"Jung, IS and Jung, Insung",,English,PERGAMON-ELSEVIER SCIENCE LTD,"THE BOULEVARD, LANGFORD LANE, KIDLINGTON, OXFORD OX5 1GB, ENGLAND","Assuming that ICT ethics are influenced by both moral and circumstantial factors, the study investigates Japanese college students' ethical judgments and behavioral intentions in three scenarios involving ICT-related ethical problems and explores why they make such decisions, relying on five moral philosophies: moral equity, relativism, contractualism, egoism, and utilitarianism. The findings reveal that except for egoism, four moral dimensions affect ethical decisions of Japanese college students, each having different effects according to the particular ethical situation presented. Overall, the concepts of justice, fairness and moral rightness were found to influence these students' ethical judgments in all ICT-related ethical dilemmas; legal obligations and benefits to society were found to have a weaker impact. It was also found that the students may behave unethically in ICT-related matters if these behaviors are perceived as culturally or traditionally acceptable or not perceived to be morally wrong. in conclusion, further research is suggested to analyze various scenario effects on students' ICT-related ethical decisions and to investigate how cultural, professional and other environmental factors affect ethical decision-making. The establishment of a coherent ICT ethics policy in colleges is also proposed. (C) 2009 Elsevier Ltd. All rights reserved.","RAYYAN-INCLUSION: {""julius.fenn""=>""Excluded""}",,
rayyan-800531410,"Applied Ethics in the Engineering, Health, Business, and Law        Professions: A Comparison",2009,10,,JOURNAL OF ENGINEERING EDUCATION,1069-4730,98,4,377-388,"Barry, BE and Ohland, MW and Barry, Brock E. and Ohland, Matthew W.",,English,AMER SOC ENGINEERING EDUCATION,"1818 N ST, N W, STE 600, WASHINGTON, DC 20036 USA","BACKGROUND        Applied ethics plays a critical role in engineering, health, business, and law. Applied ethics is currently a required component of the pre-practice education for these professions, yet the literature suggests that challenges remain in how we define, instruct, and assess professions-based ethics education.        PURPOSE        Based on the on going debate associated with the instruction and assessment of applied engineering ethics, an exploratory investigation was performed to determine what could be learned by looking across professions.        SCOPE/METHOD        Ethics, as an educational topic, can be very broad in scope. This study was limited to literature at the intersection of ethics terminology, historical development, instruction, and assessment within engineering, health, business, and law. Many references associated with each profession and the input of profession-specific content experts informed the literature survey.        CONCLUSIONS        Ethics within the engineering, health, business, and law professions have historically developed in isolation. Even case studies, which the engineering profession seems to have adopted from law, are framed differently within engineering. There are common lines of debate related to instructional methods, curricular methods, and instructor qualifications, but no profession has resolved these debates. A common trend in applied ethics research is a focus on assessment of student learning, rather than evaluation of instructional methods and/or curriculum incorporation methods. Assessment tools have been developed and applied widely for many years in several of the health cue subdisciplines, business and law. An engineering-specific applied-ethics assessment tool has recently been developed, but has yet to see extensive application.","RAYYAN-INCLUSION: {""julius.fenn""=>""Included""} | RAYYAN-LABELS: excOverview",,
rayyan-800531411,Ethical norms of CFO insider trading,2009,,,JOURNAL OF ACCOUNTING AND PUBLIC POLICY,0278-4254,28,5,386-400,"Kaplan, SE and Samuels, JA and Thorne, L and Kaplan, Steven E. and Samuels, Janet A. and Thorne, Linda",,English,ELSEVIER SCIENCE INC,"STE 800, 230 PARK AVE, NEW YORK, NY 10169 USA","Insider trading encompasses the buying or selling of stocks based on non-public information about the securities in question. Engaging in insider trading is particularly unethical for a Chief Financial Officer (CFO) who holds a fiduciary responsibility to shareholders and also typically is ethically obligated by his or her professional responsibilities. Although the Securities and Exchange Commission (1934) has expressly forbidden insider trading, the business press suggests insider trading continues. An application of Cooter's [Cooter, R., 1997. Normative failure theory of law. Cornell Law Review 82 (5), 947-979: Cooter, R., 2000. Three effects of social norms on law: Expression, deterrence and internalization. Oregon Law Review 79 (1), 1-22] theory of the law and norms suggests that one explanation for the continuation of insider trading is that although illegal, norms may fail to consider insider trader to be unethical. Nevertheless, our knowledge of the norms regarding insider trading is limited. To address this gap, we examine the ethical norms regarding CFOs' insider trading, and consider the extent to which contextual variables are associated with ethical perceptions of CFO insider trading. We find that insider trading by CFOs is generally perceived to be unethical but not by all participants, nor all ethical measures. Moral equity is particularly informative for understanding the ethicality of CFO insider trading. When relying on the multidimensional ethics scale (MES) measure of moral equity, our results reveal that contextual factors, including trading method used (stock options or share equity) and the direction of earnings surprise (favorable or unfavorable) are significant. We also found that participants that possessed more work experience or financial expertise had a greater tendency to consider CFO insider trading to be unethical than those with less work experience or financial expertise, which suggests the importance of training and education of the general public; In addition, our findings suggest that tougher sanctions will encourage compliance with existing insider trading laws. Implications of our findings for public policy are discussed. (C) 2009 Elsevier Inc. All rights reserved.","RAYYAN-INCLUSION: {""julius.fenn""=>""Excluded""}",,
rayyan-800531412,Measuring Ethical Sensitivity and Evaluation,2009,9,,JOURNAL OF BUSINESS ETHICS,0167-4544,88,4,663-678,"Shawver, TJ and Sennetti, JT and Shawver, Tara J. and Sennetti, John T.",,English,SPRINGER,"VAN GODEWIJCKSTRAAT 30, 3311 GZ DORDRECHT, NETHERLANDS","Measures of student ethical sensitivity and their increases help to answer questions such as whether accounting ethics should be taught at all. We investigate different sensitivity measures and alternatives to the well-established Defining Issues Test (DIT-2, Rest, J. R. et al. [1999, Postconventional Moral Thinking: A Neo-Kohlbergian Approach (Lawrence Erlbaum Associates, Mahwah, NJ]), frequently used to measure the effects of undergraduate accounting ethics education. Because the DIT measures cognitive development, which increases with age, the DIT scores for younger accounting students are typically lower, have limited range, and are not likely to vary sufficiently with corresponding choices in ethical dilemmas. Since the DIT measures only the moral judgment component of ethical decision-making, we consider the multidimensional ethical scale (MES) to allow respondents to provide explanations for their moral and other judgments. The MES has been used to measure attitudes related to justice, utility, contractualism, egoism, and relativism. Unfortunately, the MES is not comparable in one-dimension to the DIT, and unlike the DIT, the MES has no theoretical or objective base. Therefore, we construct a comparable one-dimensional relative measure, a Composite MES Score, obtained from previous research on practicing accountants. We compare the reliability of this measure to the DIT in explaining the ethical choices of 54 specially chosen, somewhat homogeneous students, whose ages range from 18 to 19, and who are taking a second semester freshman accounting course at a private, religion-affiliated university. These particular students are relatively untrained in the formal use of questionable accounting choices. These students are less likely to recognize the dilemmas of the MES and are also less likely to demonstrate sufficient variation in their DIT scores, traditionally low for freshmen students. As freshmen, they are recent graduates of high school and more likely guided by other ethical influences including friends, family, or contractual obligations (some of the MES constructs) rather than higher cognitive development. This study confirms suspicions. We find the DIT scores do not vary sufficiently to explain the moral reasoning of freshmen. For eight dilemmas and 24 choices we find the DIT score correlates with only three choices, whereas the MES regression models have at least one significant construct for 23 out of 24 ethical choices. The Composite MES Score (a relative measure) also explains 23 out of 24 choices and is statistically related to the DIT in only one of the choices. Unlike the DIT, the Composite MES permits pretest and retesting with different dilemmas to evaluate changes in ethical sensitivity. These results argue for relative rather than absolute measures of sensitivity and guides beyond cognitive development (the DIT-score) to explain undergraduate student sensitivity.","RAYYAN-INCLUSION: {""julius.fenn""=>""Included""} | RAYYAN-LABELS: incMESextension",,
rayyan-800531413,Ethical Ideology and Ethical Judgments in the Portuguese Accounting        Profession,2009,5,,JOURNAL OF BUSINESS ETHICS,0167-4544,86,2,227-242,"Marques, PA and Azevedo-Pereira, J and Marques, Pedro Augusto and Azevedo-Pereira, Jose",,English,SPRINGER,"VAN GODEWIJCKSTRAAT 30, 3311 GZ DORDRECHT, NETHERLANDS","The purpose of the present study is to examine the attitudes of Portuguese chartered accountants with respect to questions of ethical nature that can arise in their professional activity. Respondents were asked to respond to the Ethics Position Questionnaire developed by Forsyth (Journal of Personality and Social Psychology 39(1), 175-184, 1980), in order to determine their idealism and relativism levels. Subsequently, they answered questions about five scenarios related to accounting practices, with the objective of measuring their ethical judgments. Based on the idealism and relativism levels of our respondents, they were classified into one of four groups, representing different ethical ideologies (absolutism, exceptionism, subjectivism, and situationism). The results indicated that age was the major determinant of relativism. Contrary to previous research, older respondents revealed themselves significantly more relativistic than younger ones. Gender seems to be the most important determinant of ethical judgments; against expectations, men evidenced significantly stricter judgments than women in two of the five scenarios. Findings also indicated that respondents' ethical judgments did not differ significantly based on their ethical ideology, supporting the idea that ethical ideology is not an important determinant of ethical judgments.","RAYYAN-INCLUSION: {""julius.fenn""=>""Excluded""}",,
rayyan-800531414,Decision-Making Process of Internal Whistleblowing Behavior in China:        Empirical Evidence and Implications,2009,4,,JOURNAL OF BUSINESS ETHICS,0167-4544,88,,25-41,"Zhang, J and Chiu, R and Wei, LQ and Zhang, Julia and Chiu, Randy and Wei, Liqun",,English,SPRINGER,"VAN GODEWIJCKSTRAAT 30, 3311 GZ DORDRECHT, NETHERLANDS","In response to the lack of empirical studies examining the internal disclosure behavior in the Chinese context, this study tested a whistleblowing-decision-making process among employees in the Chinese banking industry. For would-be whistleblowers, positive affect and organizational ethical culture were hypothesized to enhance the expected efficacy of their whistleblowing intention, by providing collective norms concerning legitimate, management-sanctioned behavior. Questionnaire surveys were collected from 364 employees in 10 banks in the Hangzhou City, China. By and large, the findings supported the hypotheses. Issues of whistleblowing in the Chinese context and implications were discussed.","RAYYAN-INCLUSION: {""julius.fenn""=>""Excluded""}",,
rayyan-800531415,The Effect of Implicit Moral Attitudes on Managerial Decision-Making: An        Implicit Social Cognition Approach,2009,3,,JOURNAL OF BUSINESS ETHICS,0167-4544,85,2,157-171,"Marquardt, N and Hoeger, R and Marquardt, Nicki and Hoeger, Rainer",,English,SPRINGER,"VAN GODEWIJCKSTRAAT 30, 3311 GZ DORDRECHT, NETHERLANDS","This article concerns itself with the relationship between implicit moral cognitions and decisions in the realm of business ethics. Traditionally, business ethics research emphasized the effects of overt or explicit attitudes on ethical decision-making and neglected intuitive or implicit attitudes. Therefore, based on an implicit social cognition approach it is important to know whether implicit moral attitudes may have a substantial impact on managerial ethical decision-making processes. To test this thesis, a study with 50 participants was conducted. In this study the participants were asked to work on a deliberative managerial ethical decision-making task, in which they had to decide on one of two options. Implicit moral attitudes towards the two options were measured using the implicit association test (IAT). A semantic differential scale was used to diagnose explicit moral attitudes towards the two options. Each step taken within the deliberative decision-making process, as well the decision itself, was assessed using a scoring model-based decision analysis and a decision-making questionnaire. The results of this study show that implicit moral attitude has a great influence on the deliberative ethical decision-making process. The derived conclusion is that complex and deliberative decision-making processes in the context of business ethics can be affected by implicit social cognitions such as implicit moral attitudes.","RAYYAN-INCLUSION: {""julius.fenn""=>""Excluded""} | RAYYAN-LABELS: EDM",,
rayyan-800531416,The Effect of IT Failure Impact and Personal Morality on IT Project        Reporting Behavior,2009,2,,IEEE TRANSACTIONS ON ENGINEERING MANAGEMENT,0018-9391,56,1,45-60,"Park, CW and Keil, M and Kim, JW and Park, Chong Woo and Keil, Mark and Kim, Jong Woo",,English,IEEE-INST ELECTRICAL ELECTRONICS ENGINEERS INC,"445 HOES LANE, PISCATAWAY, NJ 08855-4141 USA","An individual's reluctance to report the actual status of a troubled project has recently received research attention as all important contributor to project failure. While there are a variety of factors influencing the reluctance to report, prior information systems research has focused on only situational factors such as risk, information asymmetry, and time pressure involved in the given situation. In this paper, we examine the effects of both situational and personal factors on an individual's reporting behavior within the rubric of the basic whistle-blowing model adapted from Dozier and Miceli [1]. Specifically, we identify perceived impact of information technology (IT) failure as a situational factor and personal morality and willingness to communicate as personal factors, and investigate their effects on the assessments and decisions that individuals make about reporting the IT projects status. Based on the results of a controlled laboratory experiment, we found that perceived impact of IT failure directly affects an individual's assessment of whether a troubled project's status ought to be reported, exerting an indirect influence on willingness to report bad news, and that personal morality directly affects all three steps in the basic whistle-blowing model, as hypothesized, Willingness to communicate, however, was found not to affect an individual's willingness to report bad news. The implications of these findings and directions for future research are discussed.","RAYYAN-INCLUSION: {""julius.fenn""=>""Excluded""}",,
rayyan-800531417,The roles of personality and general ethical judgments in intention to        not repay credit card expenses,2009,,,SERVICE INDUSTRIES JOURNAL,0264-2069,29,6,813-834,"Ding, CG and Chang, KC and Liu, NT and Ding, Cherng G. and Chang, Kuochung and Liu, Na-Ting",,English,"ROUTLEDGE JOURNALS, TAYLOR & FRANCIS LTD","4 PARK SQUARE, MILTON PARK, ABINGDON OX14 4RN, OXFORDSHIRE, ENGLAND","There are no 'card slaves' but only cardholders who cannot meet their obligations. Recently, the issue that people are plagued by huge credit card debt has become more serious in Taiwan. This study proposed a model linking personality traits (locus of control (LOC) and risk-taking propensity), general ethical judgments regarding credit card use, and behavioral intention to not repay credit card expenses. External LOC and risk-taking propensity can predict intention to not repay through ethical judgments. Furthermore, external LOC can directly affect the intention. The model has been empirically justified by using the data collected from 448 credit cardholders in Taiwan (at least 20 years old). Those with ethical judgments of actively benefiting from illegal activities or passively benefiting at the expense of others tend to have an intention to not repay. By understanding the causes of not repaying credit card expenses, financial service providers should be able to effectively reduce card bad debts. In particular, relationship marketing strategies are helpful to mitigate cardholders' intention to passively not repay.","RAYYAN-INCLUSION: {""julius.fenn""=>""Excluded""}",,
rayyan-800531418,THE NEW BONE WARS: THE ROLE OF PROFESSIONAL JURISDICTION IN THE SALE OF        VERTEBRATE FOSSILS,2009,,,PROCEEDINGS OF THE 20TH ANNUAL MEETING OF THE INTERNATIONAL ASSOCIATION        FOR BUSINESS AND SOCIETY,2160-6900,20,,207-217,"Foster, RS and Gerde, VW and Foster, R. Spencer and Gerde, Virginia W.",,English,PHILOSOPHY DOCUMENTATION CTR,"PO BOX 7147, CHARLOTTESVILLE, VA 22906-7147 USA","We examine the role of professional jurisdiction in the convergence of science and business by exploring the relationship between professional jurisdiction and ethical decision-making. We apply the concept of professional jurisdiction (Abbott 1988) to the turf wars over vertebrate fossils among professional fossil collectors, vertebrate paleontologists, and the professional associations. We posit a series of hypotheses relating to how perceptions of professional jurisdiction influence stakeholders' ethical decision-making frameworks concerning the sale and purchase of vertebrate fossils, as well as how professional paleontologists who work with vertebrate fossils and other stakeholders differ in ethical decision-making if vertebrate fossils are perceived inside or outside of their professional jurisdiction. We develop a time-line of jurisdiction battles over vertebrate fossils and a model of the influence of professional jurisdiction perceptions on ethical decision-making. We propose a methodology for examining ethical decision-making using the Multidimensional Ethics Survey (MES).","RAYYAN-INCLUSION: {""julius.fenn""=>""Excluded""}",,
rayyan-800531419,TRANSFORMING THE ETHICAL CULTURE OF ORGANIZATIONS,2009,,,DOING WELL AND GOOD: THE HUMAN FACE OF THE NEW CAPITALISM,,,,87-111,"May, S and May, Steve",,English,INFORMATION AGE PUBLISHING-IAP,"PO BOX 79049, CHARLOTTE, NC 28271-7047 USA","Major ethics scandals have tarnished a remarkably wide range of social institutions in recent years, including accounting fraud at dozens of corporations, torture at Abu Ghraib, sexual abuse in the Catholic Church, cheating and plagiarism at schools, colleges, and the New York Times, sweatshop labor in the apparel industry, steroid use in sports, and conflicts of interests in a variety of industries, such as pharmaceutical research, brokerage houses, auditing firms, and insurance companies. Each scandal has prompted demands for institutional change and various strategies for accomplishing such change, from increased government oversight and regulation to stronger professional codes of conduct to creating institutional incentives to encourage ethical behavior and legal compliance. This chapter argues that several common practices are often found in ethically engaged organizations that enable constructive cultural change. Drawing upon scholarly research, popular literature, and empirical data from several organizations, I suggest that ethically engaged organizations: (1) align personal, professional, and organizational aspirations and behaviors; (2) foster dialogic communication; (3) encourage participation in decision making; (4) establish transparent structures, policies and procedures; (5) emphasize accountability for anticipating and responding to ethical crises; and (6) promote courageous efforts to identify and resolve ethical dilemmas.","RAYYAN-INCLUSION: {""julius.fenn""=>""Excluded""}",,
rayyan-800531420,Promoting the moral reasoning of undergraduate business students through        a deliberate psychological education-based classroom intervention,2009,,,JOURNAL OF MORAL EDUCATION,0305-7240,38,3,315-334,"Schmidt, CD and McAdams, CR and Foster, V and Schmidt, Christopher D. and McAdams, Charles R. and Foster, Victoria",,English,"ROUTLEDGE JOURNALS, TAYLOR & FRANCIS LTD","4 PARK SQUARE, MILTON PARK, ABINGDON OX14 4RN, OXFORDSHIRE, ENGLAND","Educating business students for ethical professional practice is a growing concern for both the corporate world and business education. Highly publicised scandals have pushed public trust in business to an all-time low, resulting in losses of customers and high employee turnover. Corporate and business education leaders have begun to press for more effective models for promoting ethical development in business education. This study examined the effectiveness of one such model, Deliberate Psychological Education (DPE), in promoting greater cognitive moral reasoning in undergraduate business students. Its significant, positive findings hold promise for the promotion of more ethical business professionals through preparatory classroom intervention.","RAYYAN-INCLUSION: {""julius.fenn""=>""Excluded""}",,
rayyan-800531421,On whistleblowing judgment and intention The roles of positive mood and        organizational ethical culture,2009,,,JOURNAL OF MANAGERIAL PSYCHOLOGY,0268-3946,24,7,627-649,"Zhang, J and Chiu, R and Wei, LQ and Zhang, Julia and Chiu, Randy and Wei, Li-Qun",,English,EMERALD GROUP PUBLISHING LTD,"HOWARD HOUSE, WAGON LANE, BINGLEY BD16 1WA, W YORKSHIRE, ENGLAND","Purpose - The purpose of this paper is to propose whistleblowing judgment (WBJ), positive mood (M), and organizational ethical culture (OEC) as predictors of whistleblowing intention (WBI).        Design/methodology/approach - The study obtains the data from 364 usable questionnaires collected from Chinese employees of ten banks in China,        Findings - WBJ explains a high variance in WBI while OEC moderate the relationship. A three-way interaction effect is observed, in which organizational culture affects the strength of PM as a moderator.        Research limitations/implications - Findings are interpreted with respect to theories of moral psychology and organizational behavior. Theoretical implications and limitations of the study are discussed, including potential self-report bias and self-selection bias.        Originality/value - The effect of PM off whistleblowing decision making depends on people's perceptions of OEC. Only when people perceive their organizational Culture to be unethical do the effect of PM come into play.","RAYYAN-INCLUSION: {""julius.fenn""=>""Excluded""}",,
rayyan-800531422,Studying Ethical Judgments and Behavioral Intentions Using Structural        Equations: Evidence from the Multidimensional Ethics Scale,2008,12,,JOURNAL OF BUSINESS ETHICS,0167-4544,83,4,627-640,"Nguyen, NT and Biderman, MD and Nguyen, Nhung T. and Biderman, Michael D.",,English,SPRINGER,"VAN GODEWIJCKSTRAAT 30, 3311 GZ DORDRECHT, NETHERLANDS","The linkage between ethical judgment and ethical behavioral intention was investigated. The Multidimensional Ethics Scale (MES) was used to measure ethical judgment ratings of hypothetical behaviors in retail, sales, and automobile repair scenarios. Confirmatory factor analysis on a sample of 300 undergraduate business students showed that a model with three latent variables representing three correlated ethical dimensions of moral equity, relativism, and contractualism, three correlated scenario latent variables, and correlated residuals presented a good fit to the data. Further, structural models of the relationship of ethical judgment to behavioral intentions revealed that behavioral intentions were more highly related to the scenario factors than to the ethical dimensions across three scenarios. Adding a method factor to the model improved goodness-of-fit and changed some structural model conclusions.","RAYYAN-INCLUSION: {""julius.fenn""=>""Included""} | RAYYAN-LABELS: incMESstatisticalwise",,
rayyan-800531423,The Perceptions of Consumers Regarding Online Retailers' Ethics and        Their Relationship with Consumers' General Internet Expertise and Word        of Mouth: A Preliminary Analysis,2008,12,,JOURNAL OF BUSINESS ETHICS,0167-4544,83,4,641-656,"Roman, S and Cuestas, P and Roman, Sergio and Cuestas, Pedro J.",,English,SPRINGER,"VAN GODEWIJCKSTRAAT 30, 3311 GZ DORDRECHT, NETHERLANDS","Ethical concerns of Internet users continue to rise. Accordingly, several scholars have called for systematic empirical research to address these issues. This study examines the conceptualization and measurement of consumers' perceptions regarding the ethics of online retailers (CPEOR). Also, this research represents a first step into the analysis of the relationship between CPEOR, consumers' general Internet expertise and reported positive word of mouth (WOM). Results, from a convenience sample of 357 online shoppers, suggest that CPEOR can be operationalized as a second-order construct composed of four dimensions: security, privacy, fulfillment, and non-deception. Our findings also indicate that consumers' general Internet expertise significantly improves CPEOR and CPEOR are strongly predictive of consumers' WOM. Managerial and research implications are offered.","RAYYAN-INCLUSION: {""julius.fenn""=>""Excluded""}",,
rayyan-800531424,An Exploration of Ethical Decision-making Processes in the United States        and Egypt,2008,10,,JOURNAL OF BUSINESS ETHICS,0167-4544,82,3,587-605,"Beekun, RI and Hamdy, R and Westerman, JW and HassabElnaby, HR and Beekun, Rafik I. and Hamdy, Ramda and Westerman, James W. and HassabElnaby, Hassan R.",,English,SPRINGER,"VAN GODEWIJCKSTRAAT 30, 3311 GZ DORDRECHT, NETHERLANDS","In this comparative survey of 191 Egyptian and 92 U.S. executives, we explore the relationship between national culture and ethical decision-making within the context of business. Using Reidenbach and Robin's (1988) multi-criteria ethics instrument, we examine how differences on two of Hofstede's national culture dimensions, individualism/collectivism, and power distance, are related to the manner in which business practitioners make ethical decisions. Egypt and the U.S. provide an interesting comparison because of the extreme differences in their economies and related business development. Our results indicate that respondents from the U.S, individualistic and low in power distance, were likely to view the decision making outcome in ethics scenarios as more unethical than the more collectivistic and high power distance Egyptians, when applying ethical criteria based on justice, utilitarianism, relativism, and (contrary to our predictions) egoism. However, we also found that both Egyptians and Americans rely on justice, utilitarianism, and relativism in predicting their intentions to behave ethically, and that Americans substitute egoism for justice, when the behavioral intentions of peers are examined.","RAYYAN-INCLUSION: {""julius.fenn""=>""Included""} | RAYYAN-LABELS: excRelativism",,
rayyan-800531425,Psychological antecedents to socially responsible behavior,2008,,,EUROPEAN MANAGEMENT REVIEW,1740-4754,5,3,175-190,"Crilly, D and Schneider, SC and Zollo, M and Crilly, Donal and Schneider, Susan C. and Zollo, Maurizio",,English,"WILEY PERIODICALS, INC","ONE MONTGOMERY ST, SUITE 1200, SAN FRANCISCO, CA 94104 USA","To date, the discussion regarding corporate social responsibility (CSR) has primarily addressed organizational rationale and activities. Little has been said about the individual characteristics and behaviors that promote the development of CSR within organizations. In this paper, we propose and test a model to explain individual differences in the propensity to engage in socially responsible behavior (SRB). By linking values, affect and reasoning to managers' propensity to 'do good' and 'do no harm,' we provide a more complete picture of how SRB arises in organizations. A survey of 643 middle managers in five multinational corporations supports our contention that values, affect and reasoning matter for SRB. In particular, self-transcendence values (universalism and benevolence) and positive affect increase the propensity to engage in SRB, as do moral and reputation-based reasoning styles. Moreover, we find that values and affect shape more controlled processes such as moral reasoning. We develop implications for the interaction between the individual and the organization in promoting SRB. European Management Review (2008) 5, 175-190. doi: 10.1057/emr.2008.15","RAYYAN-INCLUSION: {""julius.fenn""=>""Excluded""}",,
rayyan-800531426,"The influence of perceived importance of an ethical issue on moral        judgment, moral obligation, and moral intent",2008,8,,JOURNAL OF BUSINESS ETHICS,0167-4544,81,2,387-399,"Haines, R and Street, MD and Haines, D and Haines, Russell and Street, Marc D. and Haines, Douglas",,English,SPRINGER,"VAN GODEWIJCKSTRAAT 30, 3311 GZ DORDRECHT, NETHERLANDS",The study extends and tests the issue contingent four-component model of ethical decision-making to include moral obligation. A web-based questionnaire was used to gauge the influence of perceived importance of an ethical issue on moral judgment and moral intent. Perceived importance of an ethical issue was found to be a predictor of moral judgment but not of moral intent as predicted. Moral obligation is suggested to be a process that occurs after a moral judgment is made and explained a significant portion of the variance in moral intent.,"RAYYAN-INCLUSION: {""julius.fenn""=>""Excluded""} | RAYYAN-LABELS: EDM",,
rayyan-800531427,Gender differences in double standards,2008,8,,JOURNAL OF BUSINESS ETHICS,0167-4544,81,2,281-295,"Vermeir, I and Van Kenhove, P and Vermeir, Iris and Van Kenhove, Patrick",,English,SPRINGER,"VAN GODEWIJCKSTRAAT 30, 3311 GZ DORDRECHT, NETHERLANDS","The purpose of the present study is to investigate gender differences in the use of double standards in ethical judgements of questionable conduct instigated by business or consumers. We investigate if consumers are more critical towards unethical corporate versus consumer actions and if these double standards depend on the gender of the respondent. In the first study, we compared evaluations of four specific unethical actions [cfr. DePaulo, 1987, in: J. Saegert (ed.) Proceedings of the Division of Consumer Psychology (American Psychological Association, Washington DC)] instigated by either the consumer or the corporation. In a second study, we investigated the perception of some general consumer and corporate (un)ethical actions in addition to DePaulo's unethical scenarios. Both researches show that females are less likely to use double standards when it comes to their own (un)ethical behaviour compared to corporate (un)ethical actions. Furthermore, gender differences in the use of double standards depend on the type of unethical behaviour. Limitations and suggestions for further research are discussed.","RAYYAN-INCLUSION: {""julius.fenn""=>""Excluded""}",,
rayyan-800531428,Is adaptive co-management ethical?,2008,7,,JOURNAL OF ENVIRONMENTAL MANAGEMENT,0301-4797,88,1,62-75,"Fennell, D and Plummer, R and Marschke, M and Fennell, David and Plummer, Ryan and Marschke, Melissa",,English,ACADEMIC PRESS LTD- ELSEVIER SCIENCE LTD,"24-28 OVAL RD, LONDON NW1 7DX, ENGLAND","'Good' governance and adaptive co-management hold broad appeal due to their positive connotations and 'noble ethical claims'. This paper poses a fundamental question: is adaptive co-management ethical? In pursuing an answer to this question, the concept of adaptive co-management is succinctly summarized and three ethical perspectives (deontology, teleology and existentialism) are explored. The case of adaptive co-management in Cambodia is described and subsequently considered through the lens of ethical triangulation. The case illuminates important ethical considerations and directs attention towards the need for meditative thinking which increases the value of tradition, ecology, and culture. Giving ethics a central position makes clear the potential for adaptive co-management to be an agent for governance, which is good, right and authentic as well as an arena to embrace uncertainty. (C) 2007 Elsevier Ltd. All rights reserved.","RAYYAN-INCLUSION: {""julius.fenn""=>""Excluded""}",,
rayyan-800531429,"Applying ethical concepts to the study of ""Green"" consumer behavior: An        analysis of Chinese consumers' intentions to bring their own shopping        bags",2008,6,,JOURNAL OF BUSINESS ETHICS,0167-4544,79,4,469-481,"Chan, RYK and Wong, YH and Leung, TKP and Chan, Ricky Y. K. and Wong, Y. H. and Leung, T. K. P.",,English,SPRINGER,"VAN GODEWIJCKSTRAAT 30, 3311 GZ DORDRECHT, NETHERLANDS","Drawing on the general ethics and social psychology literature, this study presents a model to delineate the major factors likely to affect consumers' intentions to bring their own shopping bags when visiting a supermarket (called ""bring your own bags"" or ""BYOB"" intention). The model is empirically validated using a survey of 250 Chinese consumers. Overall, the findings support the hypothesized direct influence of teleological evaluation and habit on BYOB intention, as well as that of deontological evaluation and teleological evaluation on ethical judgment about the BYOB practice. Teleological evaluation exerts a much stronger influence on ethical judgment than does deontological evaluation. In addition, the findings reveal that consumers who perceive the BYOB practice to be more important are more inclined to rely on their ethical judgment to derive their BYOB intention. Academically, these findings provide some encouraging evidence for the application of general ethics theories to explain green consumption-related practices. Practically, the findings also suggest that a utilitarian approach (i.e., emphasizing the consequences of BYOB) may represent an effective means for the Chinese government to promote BYOB practice among consumers.","RAYYAN-INCLUSION: {""julius.fenn""=>""Excluded""}",,
rayyan-800531430,Meet the parents: A parents' perspective on product placement in        children's films,2008,6,,JOURNAL OF BUSINESS ETHICS,0167-4544,80,2,289-304,"Hudson, S and Hudson, D and Peloza, J and Hudson, Simon and Hudson, David and Peloza, John",,English,SPRINGER,"VAN GODEWIJCKSTRAAT 30, 3311 GZ DORDRECHT, NETHERLANDS","The ethics of advertising to children has been identified as one of the most important topics worthy of academic research in the marketing field. A fast growing advertising technique is product placement, and its use in children's films is becoming more and more common. The limited evidence existing suggests that product placements are especially potent in their effects upon children. Yet regulations regarding placements targeted at children are virtually non-existent, with advertising guidelines suggesting that it remains the prime responsibility of the parents to provide guidance for children. This study measured the ethical evaluations of parents in the UK and Canada regarding product placements in children's films. After exposing parents to a four-type typology of product placements, results show that explicit placements of ethically charged products were perceived as the most unethical type of placements. Parents in the UK were more sensitive to the use of the technique and there was a significant difference in relativism between the two groups. Both sets of respondents would like to see more regulation on the use of placements, especially placements of alcohol, tobacco and fast foods.","RAYYAN-INCLUSION: {""julius.fenn""=>""Excluded""}",,
rayyan-800531431,The significance of gender in predicting the cognitive moral development        of business practitioners using the sociomoral reflection objective        measure,2008,4,,JOURNAL OF BUSINESS ETHICS,0167-4544,78,4,503-526,"Kracher, B and Marble, RP and Kracher, Beverly and Marble, Robert P.",,English,SPRINGER,"VAN GODEWIJCKSTRAAT 30, 3311 GZ DORDRECHT, NETHERLANDS","This study constitutes a contribution to the discussion about moral reasoning in business. Kohlberg's (1971, in Cognitive Development and Epistemology (Academic Press, New York), 1976, in Moral Development and Behavior: Theory and Research and Social Issues (Holt, Rienhart and Winston, New York)) cognitive moral development (CMD) theory is one explanation of moral reasoning. One unresolved debate on the topic of CMD is the charge that Kohlbergian-type CMD theory is gender biased. This research puts forth the proposal that the issue may be elucidated by exposing an ambiguity in ""gender"" (Borna and White: 2003, Journal of Business Ethics 47, 89-99; Gentile: 1993, Psychological Science 4(2), 120-122; Unger: 1979, American Psychologist 34(11), 1085-1094). We use the Sociomoral Reflective Objective Measure (SROM) to measure CMD and the Bem Sex Role Inventory (BSRI) to measure gender as a psychosocial concept, rather than as a biological classification. The results of our study indicate that high femininity, measured as a psychosocial attribute, is associated with significantly lower Kohlbergian-type CMD scores among business practitioners. Sex moderates the effect of gender on CMD, but only indirectly. Our research also reveals that education plays a significant moderating role in the relationship between gender and moral reasoning. In addition, age has a significant direct effect on CMD scores of business practitioners.","RAYYAN-INCLUSION: {""julius.fenn""=>""Excluded""}",,
rayyan-800531432,The relationship between religiousness and corporate social        responsibility orientation: Are there differences between business        managers and students?,2008,3,,JOURNAL OF BUSINESS ETHICS,0167-4544,78,1,165-174,"Ibrahim, NA and Howard, DP and Angelidis, JP and Ibrahim, Nabil A. and Howard, Donald P. and Angelidis, John P.",,English,SPRINGER,"VAN GODEWIJCKSTRAAT 30, 3311 GZ DORDRECHT, NETHERLANDS","The purpose of this paper is to determine whether there is a relationship between a person's degree of religiousness and corporate social responsibility orientation. A total of 411 managers and 506 students from seven universities were surveyed. The statistical analysis showed that religiousness does influence students' orientation toward the economic, ethical, and philanthropic responsibilities of business. It does not, however, have a significant impact upon the managers' attitudes. When the ""low religiousness"" students and managers were compared, differences were found with respect to the economic, ethical, and philanthropic components of corporate social responsibility. Similar results were obtained when the ""high religiousness"" students and managers were compared. The implications of these findings are discussed.","RAYYAN-INCLUSION: {""julius.fenn""=>""Excluded""}",,
rayyan-800531433,Perception of unethical negotiation tactics: A comparative study of US        and Saudi managers,2008,2,,INTERNATIONAL BUSINESS REVIEW,0969-5931,17,1,78-102,"Al-Khatib, JA and Malshe, A and AbdulKader, M and Al-Khatib, Jamal A. and Malshe, Avinash and AbdulKader, Mazen",,English,ELSEVIER,"RADARWEG 29, 1043 NX AMSTERDAM, NETHERLANDS","The recent accession of Saudi Arabia to the World Trade Organization (WTO) will increase the country's participation in world trade and the Saudi market attractiveness to Foreign Direct Investment (17131). As the opportunities for international trade grow, managers from across the globe, including those from the US will be engaged in negotiating with their Saudi counterparts. Owing to the cultural differences across these two countries, the need to understand how culture may affect various individual characteristics such as idealism, relativism, opportunism, and Machiavellianism and managers' perceptions of unethical negotiation practices becomes very prominent for successful business negotiations. The present study assists in this endeavor. Specifically, this study compares managers from the two countries on their individual characteristics and also contrasts their impact on managers' perceptions of various unethical negotiation tactics. Based on the data consisting of 259 US and 198 Saudi managers, the study findings suggest that managers across these two countries exhibit significant differences in their individual characteristics. Further, we also show that these characteristics have differential effects on managers' perceptions of unethical negotiation tactics across the two countries. We highlight study contributions and also provide implications for the development of negotiation strategies capable of enhancing Saudi and US firms competitiveness. (C) 2008 Elsevier Ltd. All rights reserved.","RAYYAN-INCLUSION: {""julius.fenn""=>""Excluded""}",,
rayyan-800531434,Moral issues and gender differences in ethical judgment using Reidenbach        and Robin's (1990) multidimensional ethics scale: Implications in        teaching of business ethics,2008,2,,JOURNAL OF BUSINESS ETHICS,0167-4544,77,4,417-430,"Nguyen, NT and Basuray, MT and Smith, WP and Kopka, D and McCulloh, D and Nguyen, Nhung T. and Basuray, M. Tom and Smith, William P. and Kopka, Donald and McCulloh, Donald",,English,SPRINGER,"VAN GODEWIJCKSTRAAT 30, 3311 GZ DORDRECHT, NETHERLANDS","In this study, we examined moral issues and gender differences in ethical judgment using Reidenbach and Robin's [Journal of Business Ethics 9 (1990) 639) multidimensional ethics scale (MES). A total of 340 undergraduate students were asked to provide ethical judgment by rating three moral issues in the MES labeled: 'sales', 'auto', and 'retail' using three ethics theories: moral equity, relativism, and contractualism. We found that female students' ratings of ethical judgment were consistently higher than that of male students across two out of three moral issues examined (i.e., sales and retails) and ethics theories; providing support for Eagly's [1987, Sex Differences in Social Behavior: A Social-role Interpretation. (Lawrence Erlbaum Associates, Inc, Hillsdale, NJ, England)] social role theory. After controlling for moral issues, women's higher ratings of ethical judgment over men's became statistically non-significant. Theoretical and practical implications based on the study's findings are provided.","RAYYAN-INCLUSION: {""julius.fenn""=>""Included""} | RAYYAN-LABELS: excFemaleEthics",,
rayyan-800531435,Well-being marketing: An ethical business philosophy for consumer goods        firms,2008,2,,JOURNAL OF BUSINESS ETHICS,0167-4544,77,4,377-403,"Sirgy, MJ and Lee, DJ and Sirgy, M. Joseph and Lee, Dong-Jin",,English,SPRINGER,"VAN GODEWIJCKSTRAAT 30, 3311 GZ DORDRECHT, NETHERLANDS","In this article we build on the program of research in well-being marketing by further conceptualizing and refining the conceptual domain of the concept of consumer well-being (CWB). We then argue that well-being marketing is a business philosophy grounded in business ethics. We show how this philosophy is an ethical extension of relationship marketing (stakeholder theory in business ethics) and is superior to transactional marketing (a business philosophy grounded in the principles of consumer sovereignty). Additionally, we argue that well-being marketing is based on duty ethics concepts, specifically the duty of beneficence and non-maleficence. Subsequently, we show how the well-being concept guides marketing decisions for consumer goods firms.","RAYYAN-INCLUSION: {""julius.fenn""=>""Excluded""}",,
rayyan-800531436,A RE-EXAMINATION OF THE ATTRIBUTION-EMOTION-BEHAVIOR FRAMEWORK IN THE        CONTEXT OF UNETHICAL BEHAVIOR,2008,,,"EMOTIONS, ETHICS AND DECISION-MAKING",1746-9791,4,,259-283,"Harvey, P and Martinko, MJ and Borkowski, N and Harvey, Paul and Martinko, Mark J. and Borkowski, Nancy",,English,EMERALD GROUP PUBLISHING LTD,"HOWARD HOUSE, WAGON LANE, BINGLEY, W YORKSHIRE BD16 1WA, ENGLAND","Building on a recent study of Weiner's (1985a) attribution-emotion-behavior model, we examine the extent to which negative affective states mediate the relationship between attributions for undesirable outcomes and the ability to justify ethically questionable behaviors. Results of a scenario-based study indicated that causal attributions were associated with affective states and behavioral justification in the general manner predicted. Affective states were not associated with behavior justification, however, indicating that only a direct association between attributions and justification existed. Implications for future research on attributions and emotions are discussed.","RAYYAN-INCLUSION: {""julius.fenn""=>""Excluded""}",,
rayyan-800531437,AN EXAMINATION OF CULTURAL DIFFERENCES IN ETHICAL DECISION MAKING USING        THE MULTIDIMENSIONAL ETHICS SCALE,2008,,,SOCIAL BEHAVIOR AND PERSONALITY,0301-2212,36,9,1213-1222,"Lin, CY and Ho, YH and Lin, Chieh-Yu and Ho, Yi-Hui",,English,SOC PERSONALITY RES INC,"P O BOX 1539, PALMERSTON NORTH 5330, NEW ZEALAND","The Multidimensional Ethics Scale (Reidenbach & Robin, 1988, 1990) was applied to accounting-specific scenarios to measure students' ethical decision-making attitudes towards accounting ethics. Accounting students in the US and Taiwan were taken as research subjects. A total of 201 US students and 396 Taiwanese students were analyzed. US students made ethical decisions significantly based on justice and egoism dimensions, while Taiwanese students focused on justice and deontology dimensions.","RAYYAN-INCLUSION: {""julius.fenn""=>""Included""} | RAYYAN-LABELS: excRelativism",,
rayyan-800531438,Ethics and Profitability: Can They Coexist?,2008,,,BUSINESS PRACTICES IN EMERGING AND RE-EMERGING MARKETS,,,,69-87     D2 10.1057/9780230611016,"Singh, S and Singh, Satyendra     BA Singh, S     BF Singh, S",,English,PALGRAVE,"HOUNDMILLS, BASINGSTOKE RG21 6XS, ENGLAND","This chapter examines the effects of two moral ethical philosophies-deontological and teleological-on profitability. Drawing on the source-competitive advantage-performance theory, it is argued that firms that are perceived ethical are more likely to have a positive impact on profitability than firms that do not. Based on data from Indian businesses, the results of the regression models indicate that ethical business practices lead firms to a superior profitability through acquisition of the competitive advantage. However, the results also suggest that the effects of such ethical practices on profitability are initially negative but turn positive with higher levels of ethical orientation. Implication for managers is that they can command, even in emerging markets, a premium price for their products, if their firms are perceived ethical.","RAYYAN-INCLUSION: {""julius.fenn""=>""Excluded""}",,
rayyan-800531439,When does national identity matter? Convergence and divergence in        international business ethics,2007,12,,ACADEMY OF MANAGEMENT JOURNAL,0001-4273,50,6,1462-1480,"Bailey, W and Spicer, A and Bailey, Wendy and Spicer, Andrew",,English,ACAD MANAGEMENT,"PACE UNIV, PO BOX 3020, 235 ELM RD, BRIARCLIFF MANOR, NY 10510-8020 USA","Integrative social contracts theory has multilevel implications for similarities and differences in ethical attitudes between and among members of national groups. This theory identifies two conditions-type of norm and degree of community inclusion-that predict convergence rather than divergence in ethical attitudes. Our findings support our convergence hypotheses. Russian and American survey respondents expressed similar attitudes toward organizational practices violating ethical ""hyper-norms."" American expatriates who were highly included in Russian communities expressed attitudes similar to those of Russian respondents when evaluating ""local norm"" practices. In both cases, Russians' and Americans' ethical attitudes converged despite differences in their national identities.","RAYYAN-INCLUSION: {""julius.fenn""=>""Excluded""}",,
rayyan-800531440,To go or not to go? ethical perspectives on tourism in an 'outpost of        tyranny',2007,12,,JOURNAL OF BUSINESS ETHICS,0167-4544,76,4,385-396,"Hudson, S and Hudson, Simon",,English,SPRINGER,"VAN GODEWIJCKSTRAAT 30, 3311 GZ DORDRECHT, NETHERLANDS","For many years, the actions of Myanmar's military government have provoked domestic discontent and strong condemnation overseas. The government is encouraging tourism in an attempt to legitimize its actions whilst generating valuable foreign currency. However, a number of organizations are urging people to avoid travel to Myanmar and thus prevent the military junta from obtaining the hard currency and global legitimacy it needs to survive. In this article, the ethical arguments for and against tourism in Myanmar are discussed, and for the first time the ethical perceptions of tourists themselves are explored. The study applied the Multidimensional Ethics Scale to a group of 376 Myanmar visitors, finding that respondents were generally in favor of tourism in Myanmar, but were uncomfortable with the ethical implications of their visit.","RAYYAN-INCLUSION: {""julius.fenn""=>""Excluded""}",,
rayyan-800531441,The positive ethical organization: Enacting a living code of ethics and        ethical organizational identity,2007,11,,JOURNAL OF BUSINESS ETHICS,0167-4544,76,1,17-33,"Verbos, AK and Gerard, JA and Forshey, PR and Harding, CS and Miller, JS and Verbos, Amy Klemm and Gerard, Joseph A. and Forshey, Paul R. and Harding, Charles S. and Miller, Janice S.",,English,SPRINGER,"VAN GODEWIJCKSTRAAT 30, 3311 GZ DORDRECHT, NETHERLANDS","A vision of a living code of ethics is proposed to counter the emphasis on negative phenomena in the study of organizational ethics. The living code results from the harmonious interaction of authentic leadership, five key organizational processes (attraction-selection-attrition, socialization, reward systems, decision-making and organizational learning), and an ethical organizational culture (characterized by heightened levels of ethical awareness and a positive climate regarding ethics). The living code is the cognitive, affective, and behavioral manifestation of an ethical organizational identity. We draw on business ethics literature, positive organizational scholarship, and management literature to outline the elements of positive ethical organizations as those exemplary organizations consistently practicing the highest levels of organizational ethics. In a positive ethical organization, the right thing to do is the only thing to do.","RAYYAN-INCLUSION: {""julius.fenn""=>""Excluded""}",,
rayyan-800531442,Why managers fail to do the right thing: An empirical study of unethical        and illegal conduct,2007,10,,BUSINESS ETHICS QUARTERLY,1052-150X,17,4,633-667,"Smith, NC and Simpson, SS and Huang, CY and Smith, N. Craig and Simpson, Sally S. and Huang, Chun-Yao",,English,CAMBRIDGE UNIV PRESS,"32 AVENUE OF THE AMERICAS, NEW YORK, NY 10013-2473 USA","We combine prior research on ethical decision-making in organizations with a rational choice theory of corporate crime from criminology to develop a model of corporate offending that is tested with a sample of U.S. managers. Despite demands for increased sanctioning of corporate offenders, we find that the threat of legal action does not directly affect the likelihood of misconduct. Managers' evaluations of the ethics of the act, measured using a multidimensional ethics scale, have a significant effect, as do outcome expectancies that result from being associated with the misconduct but not facing formal sanctions. The threat of formal sanctions appears to operate indirectly, influencing ethical evaluations and outcome expectancies. Obedience to authority also affects illegal intentions, with managers reporting higher prospective offending when they are ordered to engage in misconduct by a supervisor.","RAYYAN-INCLUSION: {""julius.fenn""=>""Excluded""}",,
rayyan-800531443,Peers versus national culture: An analysis of antecedents to ethical        decision-making,2007,10,,JOURNAL OF BUSINESS ETHICS,0167-4544,75,3,239-252,"Westerman, JW and Beekun, RI and Stedham, Y and Yamamura, J and Westerman, James W. and Beekun, Rafik I. and Stedham, Yvonne and Yamamura, Jeanne",,English,SPRINGER,"VAN GODEWIJCKSTRAAT 30, 3311 GZ DORDRECHT, NETHERLANDS","Given the recent ethics scandals in the United States, there has been a renewed focus on understanding the antecedents to ethical decision-making in the research literature. Since ethical norms and standards of behavior are not universally consistent, an individual's choice of referent may exert a large influence on his/her ethical decision-making. This study used a social identity theory lens to empirically examine the relative influence of the macro- and micro-level variables of national culture and peers on an individual's intention to behave ethically. Our sample consisted of respondents from Germany, Italy, and Japan. The results indicated that both national culture and peers were found to act as significant referents in ethical decision-making dilemmas. Although peers exerted a much stronger influence on an individual's ethical decision-making, the impact of peers varied depending on the national culture levels of individualism and power distance.","RAYYAN-INCLUSION: {""julius.fenn""=>""Included""} | RAYYAN-LABELS: excRelativism",,
rayyan-800531444,The effect of moral intensity on ethical judgment,2007,6,,JOURNAL OF BUSINESS ETHICS,0167-4544,72,4,335-357,"McMahon, JM and Harvey, RJ and McMahon, Joan M. and Harvey, Robert J.",,English,SPRINGER,"VAN GODEWIJCKSTRAAT 30, 3311 GZ DORDRECHT, NETHERLANDS","Following an extensive review of the moral intensity literature, this article reports the findings of two studies (one between-subjects, the other within-subject) that examined the effect of manipulated and perceived moral intensity on ethical judgment. In the between-subjects study participants judged actions taken in manipulated high moral intensity scenarios to be more unethical than the same actions taken in manipulated low moral intensity scenarios. Findings were mixed for the effect of perceived moral intensity. Both probable magnitude of consequences (a factor consisting of magnitude of consequences, probability of effect, and temporal immediacy) and social consensus had a significant effect; proximity did not. In the within-subject study manipulated moral intensity had a significant effect on ethical judgment, but perceived moral intensity did not. Regression of ethical judgment on age, gender, major, and the three perceived moral intensity factors was significant between-subjects, but not within-subject. Ethical judgment was found to be a more robust predictor of intention than perceived moral intensity using a within-subject design.","RAYYAN-INCLUSION: {""julius.fenn""=>""Excluded""}",,
rayyan-800531445,The ethics of Online retailing: A scale development and validation from        the consumers' perspective,2007,5,,JOURNAL OF BUSINESS ETHICS,0167-4544,72,2,131-148,"Roman, S and Roman, Sergio",,English,SPRINGER,"VAN GODEWIJCKSTRAAT 30, 3311 GZ DORDRECHT, NETHERLANDS","While e-commerce has witnessed extensive growth in recent years, so has consumers' concerns regarding ethical issues surrounding online shopping. The vast majority of earlier research on this area is conceptual in nature, and limited in scope by focusing on consumers' privacy issues. This study develops a reliable and valid scale to measure consumers' perceptions regarding the ethics of online retailers (CPEOR). Findings indicate that the four factors of the scale - security, privacy, non-deception and fulfillment/reliability - are strongly predictive of online consumers' satisfaction and trust. The results offer important implications for e-retailers and are likely to stimulate further research in the area of e-ethics from the consumers' perspective.","RAYYAN-INCLUSION: {""julius.fenn""=>""Excluded""}",,
rayyan-800531446,Psychometric properties of the Reidenbach-Robin multidimensional ethics        scale,2007,4,,JOURNAL OF BUSINESS ETHICS,0167-4544,72,1,27-39,"McMahon, JM and Harvey, RJ and McMahon, Joan M. and Harvey, Robert J.",,English,SPRINGER,"VAN GODEWIJCKSTRAAT 30, 3311 GZ DORDRECHT, NETHERLANDS","The factor structure of the Multidimensional Ethics Scale (MES; Reidenbach and Robin: 1988, Journal of Business Ethics 7, 871 - 879; 1990, Journal of Business Ethics 9, 639 - 653) was examined for the 8-item short form (N = 328) and the original 30-item pool ( N = 260). The objectives of the study were: to verify the dimensionality of the MES; to increase the amount of true cross-scenario variance through the use of 18 scenarios varying in moral intensity ( Jones: 1991, Academy of Management Review 16, 366 - 395); and, to examine the items for measurement precision using item-response theory (IRT) methods. Results of confirmatory and exploratory factor analysis failed to conclusively support the hypothesized 3-( short form) or 5-factor ( long form) structure; both instruments were instead dominated by a general factor. Item response theory analyses using Samejima's ( 1969, Psychometrika Monograph Supplement 34, ( 4, Pt. 2)) graded response model revealed that many items in the 30-item pool performed very well, and suggested that a different collection of items be used to form a short-form version of the MES. Our proposed 10-item instrument includes more discriminating items than the 8-item version, and has the added advantage of including two items from each of the five ethical philosophies represented in the original 30-item pool.","RAYYAN-INCLUSION: {""julius.fenn""=>""Included""} | RAYYAN-LABELS: incMESstatisticalwise",,
rayyan-800531447,Ethical attitudes of accountants: Recent evidence from a practitioners'        survey,2007,3,,JOURNAL OF BUSINESS ETHICS,0167-4544,71,1,73-87,"Emerson, TLN and Conroy, SJ and Stanley, CW and Emerson, Tisha L. N. and Conroy, Stephen J. and Stanley, Charles W.",,English,SPRINGER,"VAN GODEWIJCKSTRAAT 30, 3311 GZ DORDRECHT, NETHERLANDS","Recent highly publicized ethical breaches including those at Enron and WorldCom have focused attention on ethical behavior within the accounting profession. At the heart of the debate is whether ethical attitudes of accountants are to blame. Using a nationally representative sample of accounting practitioners and a multidisciplinary student sample at two Southern United States universities, we compare sample responses to 25 ethically charged vignettes to test whether they differ. Overall, we find no significant difference - even for a specific ""accounting tricks"" vignette, which resembles the Enron and WorldCom situations. We do find, however, that the practitioners were more accepting of vignettes that involved physical harm (PH) to individuals and those that were legal (but ethically questionable). We postulate that accounting practitioners may apply a legalistic framework to their assessment of the acceptability of each vignette. Focusing on an ""accounting tricks"" vignette, we also find no significant difference between auditors and institutional practitioners compared to all other types of accountants in the sample. We conclude that ethical attitudes of accounting practitioners do not differ significantly by specialty area.","RAYYAN-INCLUSION: {""julius.fenn""=>""Excluded""}",,
rayyan-800531448,The ethical decision making of men and women executives in international        business situations,2007,3,,JOURNAL OF BUSINESS ETHICS,0167-4544,71,2,125-134,"Valentine, SR and Rittenburg, TL and Valentine, Sean R. and Rittenburg, Terri L.",,English,SPRINGER,"VAN GODEWIJCKSTRAAT 30, 3311 GZ DORDRECHT, NETHERLANDS","While a number of studies have examined the impact of gender/sex on ethical decision-making, the findings of this body of research do not provide consistent answers. Furthermore, very few of these studies have incorporated cross-cultural samples. Consequently, this study of 222 American and Spanish business executives explored sex differences in ethical judgments and intentions to act ethically. While no significant differences between males and females were found with respect to ethical judgments, females exhibited higher intentions to act more ethically than males. This difference was true of both U.S. and Spanish executives. Further research is warranted to develop a clearer understanding of the linkage between ethical judgment and intention to act in an ethical manner. These findings have implications for global firms, particularly regarding codes of conduct and ethics training.","RAYYAN-INCLUSION: {""julius.fenn""=>""Excluded""}",,
rayyan-800531449,Ethical decision-making by consumers: The roles of product harm and        consumer vulnerability,2007,2,,JOURNAL OF BUSINESS ETHICS,0167-4544,70,3,247-264,"Jones, JL and Middleton, KL and Jones, Jeri Lynn and Middleton, Karen L.",,English,SPRINGER,"VAN GODEWIJCKSTRAAT 30, 3311 GZ DORDRECHT, NETHERLANDS","The primary purpose of this study was to examine the effects of perceptions of product harm and consumer vulnerability on ethical evaluations of target marketing strategies. We first established whether subjects are able to accurately judge the harmfulness of a product through labeling alone, and whether they could differentiate consumers who were more or less vulnerable. The results suggest that without the presence of a prime, subjects who depended on implicit memory or guess were able to detect differences in ""sin"" and ""non-sin"" products and consumer vulnerability, but were far less likely to be able to distinguish among high and low levels of product harm and consumer vulnerability. The inability to accurately identify high and low levels of product harm and consumer vulnerability impacted their perceptions of the ethicality of target marketing strategies, such that only four out of 18 target marketing strategies were judged as unethical. Thus, our findings contradict previous research that found subjects judged many more of the integrated strategies as unethical [Smith and Cooper-Martin, J Market 61(1997) 1]. Our results suggest that assessing ethical evaluations of strategies varying in product harm, and consumer vulnerability may only be relevant if consumers can accurately identify product harm.","RAYYAN-INCLUSION: {""julius.fenn""=>""Excluded""}",,
rayyan-800531450,HOOLIGAN'S HOLIDAY: Rethinking Deviant Consumer Behavior and Marketing,2007,,,ADVANCES IN CONSUMER RESEARCH VOL XXXIV,0098-9258,34,,39-44,"Fowler, AR and Fowler, Aubrey R., III",,English,ASSOC CONSUMER RESEARCH,"UNIV MINNESOTA DULUTH, LABOVITZ SCHOOL BUSINESS & ECONOMICS, 11 EAST        SUPERIOR STREET, STE 210, DULUTH, MN 55802 USA",,"RAYYAN-INCLUSION: {""julius.fenn""=>""Excluded""}",,
rayyan-800531451,Developing moral principles and scenarios in the light of diversity: An        extension to the multidimensional ethics scale,2007,1,,JOURNAL OF BUSINESS ETHICS,0167-4544,70,2,141-150,"Kujala, J and Pietilainen, T and Kujala, Johanna and Pietilainen, Tarja",,English,SPRINGER,"VAN GODEWIJCKSTRAAT 30, 3311 GZ DORDRECHT, NETHERLANDS","The purpose of this article is to develop the multidimensional ethics scale and moral scenarios that allow or even support diversity in managers' reactions when measuring their moral decision-making. This means that we expand the multidimensional ethics scale with a female ethics dimension and take a critical look at the previously used scenarios in the light of diversity. Furthermore, we develop two new scenarios in order to better attain diversity in managers' moral decision-making. Diversity is primarily looked at from a gender perspective, meaning that we pay attention to the femininities and masculinities of the scale items and scenarios. In addition, we use the concept of social desirability to assess diversity as we presume that social desirability works against diversity. Our article builds on previous research using the multidimensional ethics scale. First, we present a summary of the theoretical dimensions of the original multidimensional ethics scale and extend the scale with female ethics principles to foster diversity. Second, we analyse and assess previously used moral scenarios in order to see how they permit the expression of diversity. Third, we develop two new scenarios based on the interviews conducted with female managers.","RAYYAN-INCLUSION: {""julius.fenn""=>""Included""} | RAYYAN-LABELS: excFemaleEthics",,
rayyan-800531452,A critical perspective of integrative social contracts theory: Recurring        criticisms and next generation research topics,2006,10,,JOURNAL OF BUSINESS ETHICS,0167-4544,68,3,303-328,"Dunfee, TW and Dunfee, Thomas W.",,English,SPRINGER,"VAN GODEWIJCKSTRAAT 30, 3311 GZ DORDRECHT, NETHERLANDS",During the past ten years Integrative Social Contracts Theory (ISCT) has become part of the repertoire of specialized decision-oriented theories in the business ethics literature. The intention here is to (1) provide a brief overview of the structure and strengths of ISCT; (2) identify recurring themes in the extensive commentary on the theory including brief mention of how ISCT has been applied outside the business ethics literature; (3) describe where research appears to be headed; and (4) specify challenges faced by those who seek to reform ISCT. Key themes in the critiquing literature relate to (a) the identification process for hypernorms; (b) justification of the recognition of hypernorms; (c) proposals for considering meso or meta norms; (d) clarification of the relationship between stakeholder concepts and ISCT; (e) problems with potentially unoccupied moral free space; (f) sources of ethical obligation within the ISCT framework; and (g) the potential role for concepts of stakeholder dialogue and engagement.,"RAYYAN-INCLUSION: {""julius.fenn""=>""Included""} | RAYYAN-LABELS: incOverview",,
rayyan-800531453,The business of ethics and gender,2006,3,,JOURNAL OF BUSINESS ETHICS,0167-4544,64,2,101-116,"McCabe, AC and Ingram, R and Dato-on, MC and McCabe, AC and Ingram, R and Dato-on, MC",,English,SPRINGER,"VAN GODEWIJCKSTRAAT 30, 3311 GZ DORDRECHT, NETHERLANDS","Unethical decision-making behavior within organizations has received increasing attention over the past ten years. As a result, a plethora of studies have examined the relationship between gender and business ethics. However, these studies report conflicting results as to whether or not men and women differ with regards to business ethics. In this article, we propose that gender identity theory [Spence: 1993, Journal of Personality and Social Psychology 64, 624-635], provides both the theory and empirical measures to explore the influence of psychological gender traits and gender-role attitudes on ethical perceptions of workplace behaviors. Statistical analyses of the data reveal that based on sex alone, no differences occur between men and women in their ethical perceptions. Yet, when a multidimensional approach to gender is applied, results show that expressive traits and egalitarian gender-role attitudes contribute to both men's and women's propensity to perceive unethical workplace behaviors as unethical. The implications of these findings and suggestions for future research are presented.","RAYYAN-INCLUSION: {""julius.fenn""=>""Included""} | RAYYAN-LABELS: excFemaleEthics",,
rayyan-800531454,Tourism Ethics,2006,,,TOURISM ETHICS,,30,,1-404,"Fennell, DA and Fennell, DA",,English,MULTILINGUAL MATTERS LTD,"FRANKFURT LODGE, CLEVEDON HALL, VICTORIA RD,, CLEVEDON BS21 7HH, AVON,        ENGLAND",,"RAYYAN-INCLUSION: {""julius.fenn""=>""Excluded""}",,
rayyan-800531455,A COMPARATIVE STUDY OF PROFESSIONAL ACCOUNTANTS' JUDGEMENTS INTRODUCTION,2006,,,COMPARATIVE STUDY OF PROFESSIONAL ACCOUNTANTS JUDGEMENTS,1479-3512,15,,3-+,"Patel, C and Patel, Chris     BA Patel, C     BF Patel, C",,English,JAI-ELSEVIER SCIENCE INC,"525 B STREET, STE 1900, SAN DIEGO 92101-4495, CA USA",,"RAYYAN-INCLUSION: {""julius.fenn""=>""Excluded""}",,
rayyan-800531456,Nine to five: Skepticism of women's employment and ethical reasoning,2006,1,,JOURNAL OF BUSINESS ETHICS,0167-4544,63,1,53-61,"Valentine, S and Page, K and Valentine, S and Page, K",,English,SPRINGER,"VAN GODEWIJCKSTRAAT 30, 3311 GZ DORDRECHT, NETHERLANDS","Previous work suggests that gender attitudes are associated with different individual and organizational factors. At the same time, ethics research suggests that many of these same variables can influence ethical reasoning in companies. In this study, we sought to combine these streams of research to investigate whether individual skepticism of women's employment is related to ethical reasoning in a gender-based ethical situation. The results of the hierarchical regression analysis indicated that skepticism of women's employment was negatively related to the recognition that the gender-based dilemma involved an ethical problem, and that skepticism was also negatively related to judgments that the situation was unethical. These findings imply that companies should advance policies that increase tolerance for women's employment, such as diversity training codes of conduct, and ethics training.","RAYYAN-INCLUSION: {""julius.fenn""=>""Excluded""}",,
rayyan-800531457,Ethical orientation and awareness of tourism students,2005,12,,JOURNAL OF BUSINESS ETHICS,0167-4544,62,4,383-396,"Hudson, S and Miller, G and Hudson, S and Miller, G",,English,SPRINGER,"VAN GODEWIJCKSTRAAT 30, 3311 GZ DORDRECHT, NETHERLANDS","The tourism industry is one of the largest industries in the world, and despite recent events that have made its operating environment more complex, the industry continues to grow [Theobald, 2005, Global Tourism, 3rd edn., Butterworth-Heinemann/Elsevier]. Commensurate to the size of the industry is a growth in the number of students pursuing degree courses in tourism around the world. Despite an increasingly sophisticated literature, the relative recency of the industry and its study has meant little attention has been paid in the ethics literature to the dilemmas facing tourism managers and its students. Based on interviews with senior members of the tourism industry six scenarios are developed with pertinence to the challenges faced by industry practitioners today. This paper then applies the Multidimensional Ethics Scale [Reidenbach and Robin, 1990, Journal of Business Ethics, 9, 639-653] to tourism students at three prominent universities in the U.K., Canada and Australia. In total, 438 responses are achieved. The results have importance for the instruction of tourism students for the future, but also in informing decisions about the tools tourism destinations can effectively employ to control the future direction of the industry.","RAYYAN-INCLUSION: {""julius.fenn""=>""Excluded""}",,
rayyan-800531458,Utility of ethical frameworks in determining behavioral intention: A        comparison of the US And Russia,2005,10,,JOURNAL OF BUSINESS ETHICS,0167-4544,61,3,235-247,"Beekun, RI and Westerman, J and Barghouti, J and Beekun, RI and Westerman, J and Barghouti, J",,English,SPRINGER,"VAN GODEWIJCKSTRAAT 30, 3311 GZ DORDRECHT, NETHERLANDS","Using Reidenbach and Robin's (Journal of Business Ethics 7, 871-879, 1988) multi-criteria ethics instrument, we carried out the first empirical test of Robertson and Crittenden's (Strategic Management Journal 24, 385-392, 2003) cross-cultural map of moral philosophies to examine what ethical criteria guide business people in Russia and the U. S. in their intention to behave. Competing divergence and convergence hypotheses were advanced. Our results support a convergence hypothesis, and reveal a common emphasis on relativism. Americans are also influenced by the justice criterion while Russians tend to emphasize utilitarianism.","RAYYAN-INCLUSION: {""julius.fenn""=>""Excluded""}",,
rayyan-800531459,Ethical decision making in the public accounting profession: An        extension of Ajzen's theory of planned behavior,2005,10,,JOURNAL OF BUSINESS ETHICS,0167-4544,61,2,165-181,"Buchan, HF and Buchan, HF",,English,SPRINGER,"VAN GODEWIJCKSTRAAT 30, 3311 GZ DORDRECHT, NETHERLANDS","The purpose of this study is to expand our understanding of the factors that influence ethical behavioral intentions of public accountants. Recent scandals have dominated the news and have caused legislators, regulators and the public to question the role of the accounting profession. Legislative changes have brought about major structural changes in the profession and continued scrutiny will surely lead to further changes. Thus, developing an understanding of the personal and contextual factors that influence ethical decisions is critical. An extension of the theory of planned behavior [Ajzen, L: 1985, Action Control-From Cognition to Behavior (Springer, Heidelberg)], the model used in this study examined the influence of personal, social and organizational factors on ethical intentions. Specifically, the individual level model tested direct eects of attitudes, subjective norms, perceived behavioral control, moral sensitivity and ethical climate. Professionals from five accounting firms completed a survey that measured responses to ethical dilemmas related to the public accounting domain. To minimize the potential impact of common method bias, the survey instrument was administered in two phases. Hypotheses were evaluated using a structural modeling technique, partial least squares. Results show strong support for a direct relationship between attitudes and ethical intentions. The proposed direct eect of subjective norms was not supported. However, a significant relationship between subjective norms and attitudes was found. Professionals' attitudes towards ethical issues clearly influence intentions. Moreover, this study illustrates the potential influence of social factors in attitude formation. Future research should explore the factors in the public accounting domain that most strongly influence attitude formation. This study suggests that the theory of reasoned action oers a useful framework for exploring these issues.","RAYYAN-INCLUSION: {""julius.fenn""=>""Excluded""}",,
rayyan-800531460,Ethical sensitivity for organizational communication issues: Examining        individual and organizational differences,2005,7,,JOURNAL OF BUSINESS ETHICS,0167-4544,59,3,205-231,"Swenson-Lepper, T and Swenson-Lepper, T",,English,SPRINGER,"VAN GODEWIJCKSTRAAT 30, 3311 GZ DORDRECHT, NETHERLANDS","This descriptive study discusses cognitive mapping as a technique for analyzing ethical sensitivity, examines whether the method allows comparisons between people, compares the ethical sensitivity levels of participants from three organizations, examines which indicators of ethical sensitivity are most salient to members of specific organizations, and examines whether education level or organizational membership is the best predictor of an individual's ethical sensitivity level. Subjects from three organizations read background information, listened to two audiotaped scenarios containing multiple ethical issues related to organizational communication, responded to focused interview questions, and completed questionnaires. The interviews were taped, transcribed, and analyzed using cognitive mapping techniques. Significant differences in levels of ethical sensitivity were found between the members of the three organizations. However, a hierarchical regression model demonstrated that the difference was likely due to the differences in level of education in each organization. Organizational membership seemed to affect the particular aspects of the scenarios that participants noticed.","RAYYAN-INCLUSION: {""julius.fenn""=>""Excluded""}",,
rayyan-800531461,File sharing as a form of music consumption,2005,,,INTERNATIONAL JOURNAL OF ELECTRONIC COMMERCE,1086-4415,9,4,37-55,"Huang, CY and Huang, CY",,English,"ROUTLEDGE JOURNALS, TAYLOR & FRANCIS LTD","2-4 PARK SQUARE, MILTON PARK, ABINGDON OX14 4RN, OXON, ENGLAND","Led by the development and widespread application of digital technology, consumers are able to duplicate as well as distribute digitized music products at almost no cost. Music file sharing has been deemed illegal in many countries and is quite detrimental to record labels around the world. The music industry is looking for a business model that would let it tap into the new mode of file-sharing consumption. Until now music file-sharing behavior has not been systematically analyzed in the literature. This paper presents an analytical framework by looking at music file-sharing behavior from the perspectives of moral judgment, expertise, and social networking, and then presents a conceptual model of sharing through a set of hypotheses. An empirical study based on the model provides in-depth insights into sharing behavior. The paper concludes with a discussion of implications and further research possibilities.","RAYYAN-INCLUSION: {""julius.fenn""=>""Excluded""}",,
rayyan-800531462,Wrongdoing by consultants: An examination of employees' reporting        intentions,2005,3,,JOURNAL OF BUSINESS ETHICS,0167-4544,57,2,121-137,"Ayers, S and Kaplan, SE and Ayers, S and Kaplan, SE",,English,SPRINGER,"VAN GODEWIJCKSTRAAT 30, 3311 GZ DORDRECHT, NETHERLANDS","Organizations are increasingly embedded with consultants and other non-employees who have the opportunity to engage in wrongdoing. However, research exploring the reporting intentions of employees regarding the discovery of wrongdoing by consultants is scant. It is important to examine reporting intentions in this setting given the enhanced presence of consultants in organizations and the fact that wrongdoing by consultants changes a key characteristic of the wrongdoing. Using an experimental approach, the current paper reports the results of a study examining employees reporting intentions subsequent to their discovery of wrongdoing by a consultant. The results of the study indicate that perceptions about the seriousness of a wrongdoing, personal costs and personal responsibility related to reporting a wrongdoing, and moral-equity judgments are significantly associated with reporting intentions for a normal (non-anonymous) reporting channel. Only perceptions of seriousness and personal costs are significantly associated for an anonymous reporting channel. Lastly, while personal costs for the anonymous reporting channel were lower than the normal reporting channel, reporting intentions were similar across the two channels.","RAYYAN-INCLUSION: {""julius.fenn""=>""Excluded""}",,
rayyan-800531463,The roles of xinyong and guanxi in Chinese relationship marketing,2005,,,EUROPEAN JOURNAL OF MARKETING,0309-0566,39,5,528-559,"Leung, TKP and Lai, KH and Chan, RYK and Wong, YH and Leung, T. K. P. and Lai, Kee-hung and Chan, Ricky Y. K. and Wong, Y. H.",,English,EMERALD GROUP PUBLISHING LTD,"HOWARD HOUSE, WAGON LANE, BINGLEY BD16 1WA, W YORKSHIRE, ENGLAND","Purpose - This study incorporates two Chinese cultural variables guanxi (personal relationship) and xinyong (personal trust) with other relational variables that are well defined in the west, i.e. supplier competence, commitment, conflict handling and satisfaction to see how they generate partnership relationship in a sino-western relationship marketing context.        Design/methodology/approach - Research objectives are achieved through a combination of model building, quantitative design, testing of hypotheses using AMOS and analysis of findings. The subject scope is imbedded within cultural impact on relationship marketing in a sino-western context.        Findings - This study finds that Western suppliers must be competent in product knowledge, market development, and adaptation to buyers' requirements to resolve conflicts in order to establish their xinyong with the buyers. Competence allows suppliers to show psychological commitment and establish guanxi with the buyers. It also shows that guanxi has a stronger influence on xinyong than on satisfaction. Suppliers should use guanxi to generate buyer's perception on xinyong whilst maintaining a reasonable level of buyer satisfaction with their products and services. Also, relationship between xinyong and satisfaction is not significant. A buyer's satisfaction on the supplier's product and services does not necessarily mean that this buyer perceives the supplier having xinyong because Chinese mix (up) business with personal relationships together and sometimes they make trade-off between them!        Research limitations/implications - This relationship study was conducted in a single-product relationship context within the clothing industry in the PRC environment and therefore, its findings may not be generalised to other industry. Future Chinese relationship study should increase the sample size so as to cover more industries to allow comparison across industries. This is especially valid between a manufacturing and a service-based industry. A service-based industry may even emphasize more on guanxi and xinyong because of its intangible aspects! Future research should include the xinyong constructs, the concepts of face and reciprocity. To what extent these important Chinese cultural values affect satisfaction and xinyong have not been determined.        Practical implications - Effective conflict handling skills and guanxi are vital to formulate a xinyong positioning strategy. A supplier must be competent in product knowledge, market development skills, and adapt to a buyer's requirements to resolve conflicts with the buyer to establish xinyong.        Originality/value - This research is an initial attempt to establish the relationship between guanxi, xinyong and partnership relationship and generates a new research area in Chinese relationship marketing.","RAYYAN-INCLUSION: {""julius.fenn""=>""Excluded""}",,
rayyan-800531464,Monitoring for a Sustainable Tourism Transition: The Challenge of        Developing and Using Indicators,2005,,,MONITORING FOR A SUSTAINABLE TOURISM TRANSITION: THE CHALLENGE OF        DEVELOPING AND USING INDICATORS,,,,1-324,"Miller, G and TwiningWard, L and Miller, G and TwiningWard, L",,English,CABI PUBLISHING-C A B INT,"CABI PUBLISHING, WALLINGFORD 0X10 8DE, OXON, ENGLAND",,"RAYYAN-INCLUSION: {""julius.fenn""=>""Excluded""}",,
rayyan-800531465,ROLE MORALITY AND ACCOUNTANTS' ETHICALLY SENSITIVE DECISIONS,2005,,,"ADVANCES IN ACCOUNTING BEHAVIORAL RESEARCH, VOL 8",,8,,113-138,"Radtke, RR and Radtke, Robin R.",,English,EMERALD GROUP PUBLISHING LIMITED,"HOWARD HOUSE, WAGON LANE, BINGLEY, W YORKSHIRE BD16 1WA, ENGLAND","If individuals exhibit less ethical behavior in the workplace than in their personal decisions, this may constitute evidence of role morality behavior. Role morality can be defined as ""claim(ing) a moral permission to harm others in ways that, if not for the role, would be wrong'' (Applbaum, 1999. Ethics for adversaries: The morality of roles in public and professional life (p. 3). Princeton, NJ: Princeton University Press.) To investigate this issue, 55 practicing accountants completed and returned the experimental survey. Results show that in many situations, business decisions were less ethical than personal decisions, consistent with the theory of role morality. The implications and limitations of this study as they relate to practicing accountants are discussed.","RAYYAN-INCLUSION: {""julius.fenn""=>""Excluded""}",,
rayyan-800531466,Perceptions of the ethicality of consumer insurance claim fraud,2004,9,,JOURNAL OF BUSINESS ETHICS,0167-4544,54,1,67-79,"Dean, DH and Dean, DH",,English,SPRINGER,"VAN GODEWIJCKSTRAAT 30, 3311 GZ DORDRECHT, NETHERLANDS","It was proposed that ethical evaluation of insurance claim padding behavior would be affected by characteristics of the policyholder, insurance agent, and company. These three factors were manipulated in written scenarios and the premise was tested in a factorial experimental design. No significant support was found for an effect of any of the three factors on ethical perceptions of claim padding. However, females found claims padding to be significantly less ethical than males. Given a claim scenario where the actual loss was $500 and the claimed amount was $3000, subjects awarded an average of $986.91 on the claim. Many respondents were willing to compensate victims for intangible losses as well as tangible losses.","RAYYAN-INCLUSION: {""julius.fenn""=>""Excluded""}",,
rayyan-800531467,Female managers' ethical decision-making: A multidimensional approach,2004,8,,JOURNAL OF BUSINESS ETHICS,0167-4544,53,1,153-163,"Kujala, J and Pietilainen, T and Kujala, J and Pietilainen, T",,English,KLUWER ACADEMIC PUBL,"VAN GODEWIJCKSTRAAT 30, 3311 GZ DORDRECHT, NETHERLANDS","The increasing number and influence of women in society brings up several issues related to values and ethics. Looking at business ethics from the gender perspective made us ponder if it would be fruitful to analyse the feminine and masculine dimensions of decision-making style. The article follows the research tradition using the multidimensional ethics scale, and it aims at developing the scale to better include female decision-making. We came to the conclusion that, as the multidimensional ethics scale used in measuring managers' moral decision-making is derived from modern ethical theories focusing on indications of masculinities more than femininities, the scale leaves feminine decision-making dimensions invisible. Our argument is that in seeking a deeper understanding of (female) managers' moral decision-making, we must find a broader basis for the analysis and develop the scale further so that it allows different voices to be heard and different dimensions to be seen.","RAYYAN-INCLUSION: {""julius.fenn""=>""Included""} | RAYYAN-LABELS: excFemaleEthics",,
rayyan-800531468,Does national context matter in ethical decision making? An empirical        test of integrative social contracts theory,2004,8,,ACADEMY OF MANAGEMENT JOURNAL,0001-4273,47,4,610-620,"Spicer, A and Dunfee, TW and Bailey, WJ and Spicer, A and Dunfee, TW and Bailey, WJ",,English,ACAD MANAGEMENT,"PACE UNIV, PO BOX 3020, 235 ELM RD, BRIARCLIFF MANOR, NY 10510-8020 USA","We tested the empirical validity of integrative social contracts theory by comparing the responses on an ethics survey of Americans working in Russia and in the United States. ""Hypernorms"" and ""local norms"" moderated the effect of national context on ethical evaluations and intended behaviors. In hypernorm situations, location played little role: all respondents shared similar ethical attitudes. In local norm situations, however, attitudes diverged. Our findings support the hypothesis that integrative social contracts theory can explain how expatriates evaluate ethical dilemmas abroad.","RAYYAN-INCLUSION: {""julius.fenn""=>""Excluded""}",,
rayyan-800531469,"Issue contingencies and marketers' recognition of ethical issues,        ethical judgments and behavioral intentions",2004,4,,JOURNAL OF BUSINESS RESEARCH,0148-2963,57,4,338-346,"Barnett, T and Valentine, S and Barnett, T and Valentine, S",,English,ELSEVIER SCIENCE INC,"STE 800, 230 PARK AVE, NEW YORK, NY 10169 USA","The ethical decision-making process begins when an individual recognizes an ethical dilemma. Subsequently, the individual makes a judgment and forms behavioral intentions, which are thought to be predictive of actual behavior. This process is affected by individual, situational and issue-contingent factors. Our study examines the effect of four issue contingencies on marketers' ethical decision-making process. More than 300 marketing professionals took part in our study, responding to questions regarding two sales scenarios. We controlled for relevant individual and situational factors and tested hypotheses using hierarchical regression. Perceptions of a greater magnitude of consequences were positively related to issue recognition and judgments that the action was unethical in both scenarios and behavioral intentions in one scenario. Perceptions of a societal consensus were associated with issue recognition and judgments that the action was unethical in one scenario. Magnitude of consequences demonstrated the strongest relationship with the ethical decision-making process. (C) 2002 Elsevier Inc. All rights reserved.","RAYYAN-INCLUSION: {""julius.fenn""=>""Excluded""}",,
rayyan-800531470,Spanish and American business professionals' ethical evaluations in        global situations,2004,4,,JOURNAL OF BUSINESS ETHICS,0167-4544,51,1,1-14,"Valentine, SR and Rittenburg, TL and Valentine, SR and Rittenburg, TL",,English,SPRINGER,"VAN GODEWIJCKSTRAAT 30, 3311 GZ DORDRECHT, NETHERLANDS","More ethics research needs to explore the global differences in ethical evaluations. This study explored the relationships among nationality, teleological evaluations, ethical judgments, and ethical intentions using a sample of 222 American and Spanish business professionals. The path analysis indicated that teleological evaluations were related to ethical judgments and that both ethical judgments and teleological evaluations were related to ethical intentions. Executive nationality was related to teleological evaluations and ethical intentions with American individuals having higher teleological assessments and intentions to act ethically than the Spanish individuals. These findings have implications for global companies, which are presented along with the study's limitations and future research suggestions.","RAYYAN-INCLUSION: {""julius.fenn""=>""Excluded""}",,
rayyan-800531471,The use of expert judges in scale development - Implications for        improving face validity of measures of unobservable constructs,2004,2,,JOURNAL OF BUSINESS RESEARCH,0148-2963,57,2,98-107,"Hardesty, DM and Bearden, WO and Hardesty, DM and Bearden, WO",,English,ELSEVIER SCIENCE INC,"360 PARK AVE SOUTH, NEW YORK, NY 10010-1710 USA","A review of the assessment of face validity in consumer-related scale development research is reported, suggesting that concerns over the lack of consistency and guidance regarding item retention during the expert judging phase of scale development are warranted. After analyzing data from three scale development efforts, guidance regarding the application of different decision rules to use for item retention is offered. Additionally, the results suggest that research using new, changed, or previously unexamined scale items should, at a minimum, be judged for face validity. (C) 2003 Elsevier Science Inc. All rights reserved.","RAYYAN-INCLUSION: {""julius.fenn""=>""Excluded""}",,
rayyan-800531472,Forewarning & debriering as remedies to deception in consumer research:        An empirical study,2004,,,"ADVANCES IN CONSUMER RESEARCH, VOLUME XXXI",0098-9258,31,,759-765,"Klein, JG and Smith, NC and Klein, JG and Smith, NC",,English,ASSOC CONSUMER RESEARCH,"UNIV MINNESOTA DULUTH, LABOVITZ SCHOOL BUSINESS & ECONOMICS, 11 EAST        SUPERIOR STREET, STE 210, DULUTH, MN 55802 USA","This research examines the effectiveness of forewarning and debriefing as measures to mitigate the use of deception in consumer research. Findings from an exploratory study suggest that these remedial measures may not only improve practice, but also lower respondent concern and increase the likelihood of research participation. Implications for researchers are discussed.","RAYYAN-INCLUSION: {""julius.fenn""=>""Excluded""}",,
rayyan-800531473,Support for Reidenbach and Robin's (1990) eight-item multidimensional        ethics scale,2004,,,SOCIAL SCIENCE JOURNAL,0362-3319,41,2,289-294,"Loo, R and Loo, R",,English,ELSEVIER SCIENCE BV,"PO BOX 211, 1000 AE AMSTERDAM, NETHERLANDS","Re-analyses of data from two independent studies using samples (N = 216 and 247) of Canadian management undergraduates showed support for Reidenbach and Robin's [J. Business Ethics 7 (1988) 871] eight-item ethics scale derived from their full 38-item scale. The principal component analyses of ethics scores from the three scenarios used in each study supported the three constructs, Moral Equity, Relativism, and Contractualism. Importantly, scores were independent of social desirability scores. This short ethics scale, comprising three construct scores and a total score, can be recommended when administration time is limited. It should be noted that this short scale does not include any items from the egoism and utilitarianism ethics theories reflected in the full scale. (C) 2004 Elsevier Inc. All rights reserved.","RAYYAN-INCLUSION: {""julius.fenn""=>""Included""} | RAYYAN-LABELS: incMESstatisticalwise",,
rayyan-800531474,E-security issues and policy development in an information-sharing and        networked environment,2004,,,ASLIB PROCEEDINGS,0001-253X,56,5,272-285,"Smith, AD and Smith, AD",,English,EMERALD GROUP PUBLISHING LTD,"HOWARD HOUSE, WAGON LANE, BINGLEY BD16 1WA, W YORKSHIRE, ENGLAND","With the rapid growth of e-commerce, governmental and corporate agencies are taking extra precautions when it comes to protecting information. The development of e-security as a discipline has enabled organisations to discover a wider array of similarities between attacks occurring across their security environment and develop appropriate countermeasures. To further improve the security of information, there is a need for conceptualising the interrelationships between e-security and the major elements involved in changing a company's infrastructure. Organisations should act in an ethical manner, especially when it comes to e-security and e-privacy policies, procedures, and practices. The consequential theory of utilitarianism is used and applied to a conceptual model to help explain how organisations may develop better secured information in an information-sharing and globally networked environment.","RAYYAN-INCLUSION: {""julius.fenn""=>""Excluded""}",,
rayyan-800531475,Comparing business ethics in Russia and the US,2003,12,,INTERNATIONAL JOURNAL OF HUMAN RESOURCE MANAGEMENT,0958-5192,14,8,1333-1349,"Beekun, RI and Stedham, Y and Yamamura, JH and Barghouti, JA and Beekun, RI and Stedham, Y and Yamamura, JH and Barghouti, JA",,English,"ROUTLEDGE JOURNALS, TAYLOR & FRANCIS LTD","2-4 PARK SQUARE, MILTON PARK, ABINGDON OX14 4RN, OXON, ENGLAND","In this comparative survey of seventy-three Russians and ninety-two US managers, we explore differences and similarities in ethical decision-making among respondents from these two countries within a business context. Using Reidenbach and Robin's (1988) multi-criteria ethics instrument, we examined whether business people in Russia and the US differed in their judgement of the ethical content of business decisions. Russia and the US provide an interesting comparison because of the extreme differences in their cultural characteristics as well as in their economies and related business development. Our results indicate that, while Americans, in general, tended to assess certain actions as less ethical when applying utilitarian or justice criteria, the ethical judgements of the two groups differed by situation and by criteria employed.","RAYYAN-INCLUSION: {""julius.fenn""=>""Excluded""}",,
rayyan-800531476,The moral intensity of privacy: an empirical study of webmasters'        attitudes,2003,9,,JOURNAL OF BUSINESS ETHICS,0167-4544,46,4,301-318,"Shaw, TR and Shaw, TR",,English,KLUWER ACADEMIC PUBL,"VAN GODEWIJCKSTRAAT 30, 3311 GZ DORDRECHT, NETHERLANDS","Webmasters are a key moral agent in the issue of privacy. This study attempts to understand the factors underlying their attitudes about privacy based on the theory of moral intensity. Webmasters of high-traffic sites were invited via email to participate in a web-based survey. The results support the application of moral intensity to the domain of privacy and the population of webmasters - both outcomes and social norms have statistically significant main effects on attitudes. The results also suggest a reconfiguration of the dimensions of moral intensity. This is based on the observation that proximity to the organization has a negative main effect on attitudes, and it moderates the relationship between social norms and attitudes. The original theory of moral intensity did not acknowledge the possibility of this moderating role for proximity. These observations have important implications for future research and practice in the areas of privacy, moral intensity, and ethical decision making.","RAYYAN-INCLUSION: {""julius.fenn""=>""Excluded""}",,
rayyan-800531477,Ethical reasoning in an equitable relief innocent spouse context,2003,7,,JOURNAL OF BUSINESS ETHICS,0167-4544,45,4,325-339,"Valentine, S and Fleischman, G and Valentine, S and Fleischman, G",,English,KLUWER ACADEMIC PUBL,"VAN GODEWIJCKSTRAAT 30, 3311 GZ DORDRECHT, NETHERLANDS","This study assessed the relationship between ethical reasoning and the decision to grant equitable relief using an innocent spouse vignette where a wife had partial knowledge of her husband's tax fraud. A path model derived from various ethics theories was tested using a sample of 357 accounting, legal, and human resource professionals, and after careful examination of the measurement and structural relationships in the path model, the results provided partial support for the study's hypotheses. Moral intensity was marginally associated with an increased recognition of an ethical issue and positively related ethical judgments made in an innocent spouse situation, and moral intensity was also negatively related to the decision to grant relief. The ethical judgment variable was positively related to the decision to grant relief, while ethical issue awareness was marginally associated with the decision to deny relief. The implications of these findings are discussed, along with the limitations of the study and suggestions for future research.","RAYYAN-INCLUSION: {""julius.fenn""=>""Excluded""}",,
rayyan-800531478,A cross-cultural application of a theoretical model of business ethics:        Bridging the gap between theory and data,2003,6,,JOURNAL OF BUSINESS ETHICS,0167-4544,44,4,359-376,"Cherry, J and Lee, M and Chien, CS and Cherry, J and Lee, M and Chien, CS",,English,KLUWER ACADEMIC PUBL,"VAN GODEWIJCKSTRAAT 30, 3311 GZ DORDRECHT, NETHERLANDS","Hunt and Vitell's General Theory (1992) is used in a cross-cultural comparison of U. S. and Taiwanese business practitioners. Results indicate that Taiwanese practitioners exhibit lower perceptions of an ethical issue in a scenario based on bribery, as well as milder deontological evaluations and ethical judgments relative to their U. S. counterparts. In addition, Taiwan respondents showed higher likelihood of making the payment. Several of the paths between variables in the theory are confirmed in both U. S. and Taiwan samples, with summary data suggesting the Hunt and Vitell theory performs well in both U. S. and Taiwan. Some unanticipated linkages within the model were uncovered in the samples. Results and implications are discussed.","RAYYAN-INCLUSION: {""julius.fenn""=>""Included""} | RAYYAN-LABELS: excRelativism",,
rayyan-800531479,The impact of gender and setting on perceptions of others' ethics,2003,4,,SEX ROLES,0360-0025,48,7,361-375,"Schminke, M and Ambrose, ML and Miles, JA and Schminke, M and Ambrose, ML and Miles, JA",,English,KLUWER ACADEMIC/PLENUM PUBL,"233 SPRING ST, NEW YORK, NY 10013 USA","In this article we explore how differences in gender and setting affect individuals' perceptions of others' ethics. We examine 4 hypotheses: first, that men would be perceived as more utilitarian in their ethics and women would be perceived as more formalist; second, individuals would be perceived to be more utilitarian in work settings than in nonwork settings; third, women would be more accurate in their perceptions of others' ethics; fourth, both men and women would be more accurate in their perceptions of women's ethics. Results strongly support the first, refute the second, modestly support the third, and support the fourth. Overall, the data suggest that men and women share very similar perceptions of own-gender and other-gender ethics. However, these shared perceptions are often quite inaccurate.","RAYYAN-INCLUSION: {""julius.fenn""=>""Included""} | RAYYAN-LABELS: excFemaleEthics",,
rayyan-800531480,Ethics and entrepreneurs - An international comparative study,2003,3,,JOURNAL OF BUSINESS VENTURING,0883-9026,18,2,261-281,"Bucar, B and Glas, M and Hisrich, RD and Bucar, B and Glas, M and Hisrich, RD",,English,ELSEVIER SCIENCE BV,"PO BOX 211, 1000 AE AMSTERDAM, NETHERLANDS","In this study, we develop a conceptual framework for the examination of cross-cultural differences in ethical attitudes of business people based on the assumptions of integrative social contract theory (ISCT). ISCT reveals the relevant cultural and economic norms that are predictive of the level of the ethical attitudes among societies and at the same time points out the more subtle impact of social institutions on ethical attitudes of,different groups within a society. The evidence supports the use of integrative theoretical approaches within the field of business ethics. (C) 2002 Elsevier Science Inc. All rights reserved.","RAYYAN-INCLUSION: {""julius.fenn""=>""Excluded""}",,
rayyan-800531481,The ethics of peer reporting in Chinese societies: evidence from Hong        Kong and Shanghai,2003,3,,INTERNATIONAL JOURNAL OF HUMAN RESOURCE MANAGEMENT,0958-5192,14,2,335-353,"Chiu, RK and Erdener, CB and Chiu, RK and Erdener, CB",,English,"ROUTLEDGE JOURNALS, TAYLOR & FRANCIS LTD","2-4 PARK SQUARE, MILTON PARK, ABINGDON OX14 4RN, OXON, ENGLAND","The purpose of this study was to investigate the ethics of peer reporting in Chinese societies. Based on a review of the literature, we develop a framework that explains peer reporting behaviour in terms of the individual's ethical ideology, locus of control and subjective judgement regarding the ethicality of peer reporting. Hypotheses derived from these speculations are tested with data from Chinese managers (n = 362). Statistical analysis largely supports the hypotheses. The implications of this finding are discussed.","RAYYAN-INCLUSION: {""julius.fenn""=>""Excluded""}",,
rayyan-800531482,Ethical judgment and whistleblowing intention: Examining the moderating        role of locus of control,2003,3,,JOURNAL OF BUSINESS ETHICS,0167-4544,43,1,65-74,"Chiu, RK and Chiu, RK",,English,SPRINGER,"VAN GODEWIJCKSTRAAT 30, 3311 GZ DORDRECHT, NETHERLANDS","The growing body of whistleblowing literature includes many studies that have attempted to identify the individual level antecedents of whistleblowing behavior. However, cross-cultural differences in perceptions of the ethicality of whistleblowing affect the judgment of whistleblowing intention. This study ascertains how Chinese managers/ professionals decide to blow the whistle in terms of their locus of control and subjective judgment regarding the intention of whistleblowing. Hypotheses that are derived from these speculations are tested with data on Chinese managers and professionals (n = 306). Statistical analysis largely supports the hypotheses, which suggests that an individual's locus of control does moderate the relationship between ethical judgment and whistleblowing.","RAYYAN-INCLUSION: {""julius.fenn""=>""Excluded""}",,
rayyan-800531483,Business ethics in Band the US: A comparative investigation,2003,2,,JOURNAL OF BUSINESS ETHICS,0167-4544,42,3,267-279,"Beekun, RI and Stedham, Y and Yamamura, JH and Beekun, RI and Stedham, Y and Yamamura, JH",,English,KLUWER ACADEMIC PUBL,"VAN GODEWIJCKSTRAAT 30, 3311 GZ DORDRECHT, NETHERLANDS","In this comparative survey of 126 Brazilian and U.S. business professionals, we explore the effect of national culture on ethical decision-making within the context of business. Using Reidenbach and Robin's (1988) multi-criteria ethics instrument, we examined how these two countries' differences on Hofstede's individualism/collectivism dimension are related to the manner in which business practitioners make ethical decisions. Our results indicate that Brazilians and Americans evaluate the ethical content of actions or decisions differently when applying utilitarian criteria. By contrast, business people from both countries do not differ significantly when they use egoistic criteria in evaluating the ethical nature of business decisions.","RAYYAN-INCLUSION: {""julius.fenn""=>""Excluded""}",,
rayyan-800531484,"Machiavellianism, profit, and the dimensions of ethical judgment: A        study of impact",2003,2,,JOURNAL OF BUSINESS ETHICS,0167-4544,42,4,339-352,"Schepers, DH and Schepers, DH",,English,KLUWER ACADEMIC PUBL,"VAN GODEWIJCKSTRAAT 30, 3311 GZ DORDRECHT, NETHERLANDS","Research by Reidenbach and Robin (1990) provides a means to study the differential impact of three dimensions of attitude toward ethics: moral equity, relativism, and contractualism. It is hypothesized that moral equity will be the most significant predictor of ethical judgment and intent to act. It is also hypothesized that Machiavellianism and profit will affect relativism and contractualism dimensions, but not moral equity. Additionally, it is hypothesized that Machiavellianism will interact with profit to affect intent to act. Moral equity was found to be the only predictor of ethical judgment, and moral equity and contractualism were predictors of intent to act. Machiavellianism impacted contractualism, but not relativism. Corporate profit did not affect either ethical judgment or intent to act, and did not interact with Machiavellianism. Implications for business ethics education and training are discussed.","RAYYAN-INCLUSION: {""julius.fenn""=>""Excluded""}",,
rayyan-800531485,Professionals' tax liability assessments and ethical evaluations in an        equitable relief innocent spouse case,2003,1,,JOURNAL OF BUSINESS ETHICS,0167-4544,42,1,27-44,"Fleischman, G and Valentine, S and Fleischman, G and Valentine, S",,English,SPRINGER,"VAN GODEWIJCKSTRAAT 30, 3311 GZ DORDRECHT, NETHERLANDS","This study used a national sample of professionals and a questionnaire containing equitable relief vignettes to explore whether the new equitable relief subset of the revised innocent spouse rules is helpful to the IRS when making relief decisions. The study also addressed the ethical and gender issues associated with equitable relief innocent spouse cases. The results suggested that several equitable relief factors are useful as discriminators in the relief decision. The results also demonstrated that the recognition of an ethical issue and perceptions of moral intensity affected the decision to grant relief in innocent spouse situations. Finally, women subjects were more ethical and more sympathetic toward the victim in an innocent spouse situation than were their male counterparts. These findings have numerous personal and societal implications for businesses, IRS agents, CPAs, and attorneys, as well as other nations wishing to reform their tax structures while assessing the tradeoff between equity and tax revenue generation.","RAYYAN-INCLUSION: {""julius.fenn""=>""Excluded""}",,
rayyan-800531486,The development of a virtue ethics scale,2003,1,,JOURNAL OF BUSINESS ETHICS,0167-4544,42,2,197-208,"Shanahan, KJ and Hyman, MR and Shanahan, KJ and Hyman, MR",,English,KLUWER ACADEMIC PUBL,"VAN GODEWIJCKSTRAAT 30, 3311 GZ DORDRECHT, NETHERLANDS","Drawing on conceptual works by Murphy (1999) and Solomon (1999), we develop a virtue ethics scale. Other ethics scales, which are grounded in deontological and teleological principles, may be used to classify people according to their beliefs about (1) the criteria they use to make ethical decisions, or (2) the ethicality of those decisions. We suggest augmenting these scales with our virtue ethics scale, which may be used to classify people according to their beliefs about the virtuous qualities of businesspeople.","RAYYAN-INCLUSION: {""julius.fenn""=>""Included""} | RAYYAN-LABELS: incMixedScales",,
rayyan-800531487,In pursuit of a Chinese standard to measure business ethical behaviour,2003,,,"PROCEEDINGS OF 2003 INTERNATIONAL CONFERENCE ON MANAGEMENT SCIENCE &        ENGINEERING, VOLS I AND II",,,,2579-2583,"Tuck, RJ and Tuck, RJ",,English,HARBIN INSTITUTE TECHNOLOGY PUBLISHERS,"16 FUXINGJIE NANGANGQU, HARBIN 150006, HEILONGJIANG, PEOPLES R CHINA",This paper identifies a gap in current Western academic literature concerning the lack of Chinese measurement standards when analysing ethical behaviour in a business context. It concludes by making suggested recommendations as to how Chinese academe may contribute to universal scholarship concerning the evaluation of business. ethics behaviour from a Chinese perspective.,"RAYYAN-INCLUSION: {""julius.fenn""=>""Excluded""}",,
rayyan-800531488,"Perceived risk, moral philosophy and marketing ethics: mediating        influences on sales managers' ethical decision-making",2002,12,,JOURNAL OF BUSINESS RESEARCH,0148-2963,55,12,951-962,"Cherry, J and Fraedrich, J and Cherry, J and Fraedrich, J",,English,ELSEVIER SCIENCE INC,"360 PARK AVE SOUTH, NEW YORK, NY 10010-1710 USA","This study extends previous research in ethical decision-making in marketing. Using Hunt and Vitell's [J Macromark 6 (1986) 5] model, perceived risk is operationalized as the result of insufficient time and information for decision-making where substantial magnitude and probability for loss is present. Results from a national study of sales managers indicate that risk perceptions affect the relative balance of nonconsequential and consequential evaluations in foaming ethical judgments and intentions. For all subjects, nonconsequential evaluations contribute more to ethical judgments than consequential evaluations. However, structural analyses of the Hunt and Vitell model reveal that under higher risk, managers attach greater importance to nonconsequential evaluations than managers who felt less risk. Lower risk is related to greater use of consequential evaluations in the formation of ethical judgments and intentions. Finally, subjects in the high-risk treatment group exhibited significantly harsher ethical judgments and less intention to perform the ethically questionable behavior. (C) 2002 Elsevier Science Inc. All rights reserved.","RAYYAN-INCLUSION: {""julius.fenn""=>""Excluded""}",,
rayyan-800531489,Ethics in family vs nonfamily owned businesses,2002,12,,PSYCHOLOGICAL REPORTS,0033-2941,91,3,952-954,"Hebert, FJ and Bass, KE and Tomkiewicz, J and Hebert, FJ and Bass, KE and Tomkiewicz, J",,English,PSYCHOLOGICAL REPORTS,"P O BOX 9229, MISSOULA, MT 59807 USA","This study investigated the ethical judgments in family vs nonfamily owned businesses. Respondents rated their ethical evaluations of 5 scenarios which involved ethical issues, e.g., promotion of a family member ahead of an equally qualified nonfamily employee. Analysis of responses from 120 participants yielded no statistically significant differences between the ethical judgment ratings of owner/managers of family and nonfamily owned firms.","RAYYAN-INCLUSION: {""julius.fenn""=>""Excluded""}",,
rayyan-800531490,Developing a framework for ethically questionable behavior in        consumption,2002,,,JOURNAL OF BUSINESS ETHICS,0167-4544,41,1,99-119,"Fukukawa, K and Fukukawa, K",,English,KLUWER ACADEMIC PUBL,"VAN GODEWIJCKSTRAAT 30, 3311 GZ DORDRECHT, NETHERLANDS","In light of the growing interest in ""ethically questionable"" consumer behavior, this study explores possible explanations of the occurrence of such behaviour, and subsequently develops a theoretical framework. The study is based upon data collected from 72 U. K. consumers, acquired from a projective approach with scenarios. Taking the theory of planned behavior (TPB) as an initial analytical framework, attitude, social influence, opportunity (as perceived behavioral control in TPB) and perceived unfairness are identified as the antecedents of ethically questionable behavior (EQB). Social influence is extended to include a broader range of external influences from subjective norm in TPB. Opportunity is considered to represent an aspect of perceived behavioral control as available resource to engage in EQB. Perceived unfairness is presented as an additional component and refers to the extent to which an actor is motivated to redress an imbalance that is perceived as unfair. Binary logistic models suggest that attitude and social influence consistently impact on EQB, as TPB would predict. Analysis of variance suggests that perceived unfairness and opportunity, though context specific, also show signs of significant influence on the acceptance and practice of this behavior. Additional to the construct of TPB, this study develops the dimension of perceived unfairness in the context of EQB decision-making. In the context of TPB, it provides further insight into our understanding of EQB, helping to provide a theoretical framework.","RAYYAN-INCLUSION: {""julius.fenn""=>""Excluded""}",,
rayyan-800531491,A code of ethics for corporate code of ethics,2002,,,JOURNAL OF BUSINESS ETHICS,0167-4544,41,1,27-43,"Schwartz, MS and Schwartz, MS",,English,KLUWER ACADEMIC PUBL,"VAN GODEWIJCKSTRAAT 30, 3311 GZ DORDRECHT, NETHERLANDS","Are corporate codes of ethics necessarily ethical? To challenge this notion, an initial set of universal moral standards is proposed by which all corporate codes of ethics can be ethically evaluated. The set of universal moral standards includes: (1) trustworthiness; (2) respect; (3) responsibility; (4) fairness; (5) caring; and (6) citizenship. By applying the six moral standards to four different stages of code development (i.e., content, creation, implementation, administration), a code of ethics for corporate codes of ethics is constructed by which companies can be ethically audited for compliance. The newly proposed code of ethics for corporate codes of ethics was then applied to four large Canadian companies representing a variety of industries: telecommunications; banking, manufacturing, and high technology. The ethical audit of the four companies' ethics programs based on the proposed code indicates that all four companies have room to improve the ethical nature of their codes of ethics (i.e., content, creation, implementation, administration).","RAYYAN-INCLUSION: {""julius.fenn""=>""Excluded""}",,
rayyan-800531492,Spanish and American executives' ethical judgments and intentions,2002,7,,JOURNAL OF BUSINESS ETHICS,0167-4544,38,4,291-306,"Rittenburg, TL and Valentine, SR and Rittenburg, TL and Valentine, SR",,English,SPRINGER,"VAN GODEWIJCKSTRAAT 30, 3311 GZ DORDRECHT, NETHERLANDS","This study explores differences between executives in the U.S. and Spain in their perceptions of ethical issues in pricing, specifically comparing a domestic firm's actions affecting a foreign market versus a foreign firm's actions affecting the domestic market. Overall, Spanish and American executives provided somewhat different responses to the scenarios. Findings indicate that ethical judgments and intentions among Spanish executives did not vary based on which country was harmed. U.S. executives generally perceived that a morally questionable act directed at a foreign country was more unethical than a morally questionable act directed at the United States. Possible explanations for these findings are suggested.","RAYYAN-INCLUSION: {""julius.fenn""=>""Excluded""}",,
rayyan-800531493,Ethics through an entrepreneurial lens: Theory and observation,2002,7,,JOURNAL OF BUSINESS ETHICS,0167-4544,38,3,227-241,"Solymossy, E and Masters, JK and Solymossy, E and Masters, JK",,English,KLUWER ACADEMIC PUBL,"VAN GODEWIJCKSTRAAT 30, 3311 GZ DORDRECHT, NETHERLANDS","Recent work in the fields of ethics and entrepreneurship has raised the possibility that entrepreneurs may differ from other individuals in the moral issues they face, in their moral judgements and behaviors concerning those issues, and even in their level of cognitive moral development. While this work has been exploratory and its conclusions tentative, the findings raise two interesting questions: do entrepreneurs actually differ from non-entrepreneurs in their ethical orientations and, if so, why? We propose a model of ethical decision making for small business entrepreneurs. We suggest some ways in which the ethical framework of entrepreneurs may differ systematically from that of other business people and propose some areas for future research.","RAYYAN-INCLUSION: {""julius.fenn""=>""Excluded""}",,
rayyan-800531494,Leadership and ethics in work groups - A longitudinal assessment,2002,6,,GROUP & ORGANIZATION MANAGEMENT,1059-6011,27,2,272-293,"Schminke, M and Wells, D and Peyrefitte, J and Sebora, TC and Schminke, M and Wells, D and Peyrefitte, J and Sebora, TC",,English,SAGE PUBLICATIONS INC,"2455 TELLER RD, THOUSAND OAKS, CA 91320 USA","This study explored the relationship between leadership style and individual ethics in work groups. We present a model of how active leadership affects conformity in members' ethical decision frameworks (formalism and utilitarianism). We tested this model by examining 36 work groups over a 12-week period. Results supported the hypothesis that more active leadership would lead to greater conformity in both types of ethical frameworks. A second hypothesis, that group cohesion would mediate this relationship between leadership style and ethical conformity, was partially supported. Implications of these findings for leadership, groups, and ethics research are discussed.","RAYYAN-INCLUSION: {""julius.fenn""=>""Excluded""}",,
rayyan-800531495,Ethics and purchasing dilemma: A Singaporean view,2002,2,,JOURNAL OF BUSINESS ETHICS,0167-4544,35,4,307-326,"Razzaque, MA and Hwee, TP and Razzaque, MA and Hwee, TP",,English,SPRINGER,"VAN GODEWIJCKSTRAAT 30, 3311 GZ DORDRECHT, NETHERLANDS","Emergence of purchasing as a strategic function has not only broadened the scope of purchasing, it has also changed the responsibilities of the purchasing managers by empowering them to spend large sums of money in procuring goods and services. However, this has also presented them with an array of ethical dilemmas involving questionable purchasing practices. This study proposes a framework to examine ethicality of decision making when faced with such dilemmas and presents the results of a survey conducted to assess the ethical inclinations of purchasers operating in Singapore. The results give credence to the notion that ethicality of behavior is culture-specific and reconfirms the existence of ethical relativism.","RAYYAN-INCLUSION: {""julius.fenn""=>""Excluded""}",,
rayyan-800531496,The ethical dimensions of decision processes of employees,2001,9,,JOURNAL OF BUSINESS ETHICS,0167-4544,33,2,87-99,"Roozen, I and De Pelsmacker, P and Bostyn, F and Roozen, I and De Pelsmacker, P and Bostyn, F",,English,KLUWER ACADEMIC PUBL,"SPUIBOULEVARD 50, PO BOX 17, 3300 AA DORDRECHT, NETHERLANDS","The influence of stakeholders, organisational commitment, personal values, goals of the organisation and socio-demographic characteristics of individuals on the ethical dimension of behavioural intentions of employees in various organisations are investigated. The research results show that employees working for the public sector or in educational institutions take more ethical aspects into account than employees working in the ""private"" sector. The influence of stakeholders and organisational commitment do not significantly affect the ethical behaviour of employees, and only some personal values and goals of the organisation have a significant influence on ethical behaviour. The most significant explanatory factor of ethical decision making seems to be what may be called ""stage in the career of the employee"": ""ethical"" employees can be described as young, with a relatively low income, limited work experience and a low level of responsibility in the company.","RAYYAN-INCLUSION: {""julius.fenn""=>""Excluded""}",,
rayyan-800531497,Keeping mum as the project goes under: Toward an explanatory model,2001,,,JOURNAL OF MANAGEMENT INFORMATION SYSTEMS,0742-1222,18,2,189-227,"Smith, HJ and Keil, M and Depledge, G and Smith, HJ and Keil, M and Depledge, G",,English,"ROUTLEDGE JOURNALS, TAYLOR & FRANCIS LTD","2-4 PARK SQUARE, MILTON PARK, ABINGDON OX14 4RN, OXON, ENGLAND","The problem of ""runaway"" information systems (IS) projects can be exacerbated by the reluctance of organizational members to transmit negative information concerning a project and its status. Drawing upon relevant bodies of literature, this paper presents a model of the reluctance to report negative project news and develops hypotheses to be tested. An experiment, which was designed to test these hypotheses for both internal and external reporting alternatives, is then described. Two factors are manipulated: (1) the level of impact associated with project failure should an individual fail to report negative information, and (2) the level of observed behavioral wrongdoing associated with the project. The results explain a significant portion of the variance in the reluctance to report negative information and suggest that there are some differences in internal and external reporting behavior. Implications for research and practice are discussed.","RAYYAN-INCLUSION: {""julius.fenn""=>""Excluded""}",,
rayyan-800531498,Dimensions of moral intensity and ethical decision making: An empirical        study,2001,5,,JOURNAL OF APPLIED SOCIAL PSYCHOLOGY,0021-9029,31,5,1038-1057,"Barnett, T and Barnett, T",,English,V H WINSTON & SON INC,"360 SOUTH OCEAN BLVD, PH-B, PALM BEACH, FL 33480 USA","Moral intensity is a construct that relates to issues in terms of their perceived moral significance. Individuals' perceptions of moral intensify should impact their recognition of issues as posing moral dilemmas and should also affect ethical judgments and behavioral intentions regarding issues. This study examined the relationship between 4 dimensions of moral intensity and the ethical decision-making process. Two work-related actions were presented to respondents, who then completed measures of the 4 dimensions of moral intensity, whether the actions posed an ethical issue, ethical judgments regarding the actions, and the likelihood that they would engage in the actions. Results indicate that moral intensity dimensions were associated with individuals' ethical decisions. Social consensus and seriousness of consequences were particularly important influences on the ethical decision-making process.","RAYYAN-INCLUSION: {""julius.fenn""=>""Excluded""} | RAYYAN-LABELS: EDM",,
rayyan-800531499,Microcultural differences and perceived ethical problems: An        international business perspective,2001,3,,JOURNAL OF BUSINESS ETHICS,0167-4544,30,1,41-56,"Sarwono, SS and Armstrong, RW and Sarwono, SS and Armstrong, RW",,English,KLUWER ACADEMIC PUBL,"SPUIBOULEVARD 50, PO BOX 17, 3300 AA DORDRECHT, NETHERLANDS","This study examines the importance of microcultural differences on perceived ethical problems. This study also sought to identify the relationship between perceived ethical problems and value orientations as shown in the Hunt and Vitell's (1993) General Theory of Marketing Ethics. The data was collected from 173 Javanese, 128 Batak, and 170 Indonesian-Chinese marketing managers in Indonesia. The results indicate that, (1) Religious Value Orientation is positively related to the perceived ethical problems scores, and (2) there are significant differences among the three ethnic microcultural groups relative to their perceived ethical problems scores. These results imply that acculturation training program for expatriates should include aspects of microcultures and ethical perceptions held by the local managers. The establishment of ethical corporate culture and formalised codes of conduct are recommended for future ethics training.","RAYYAN-INCLUSION: {""julius.fenn""=>""Excluded""}",,
rayyan-800531500,"Assessing the dimensionality of the Singhapakdi, Vitell, and Kraft        measure of moral intensity",2001,2,,PSYCHOLOGICAL REPORTS,0033-2941,88,1,291-294,"Valentine, S and Silver, L and Valentine, S and Silver, L",,English,"AMMONS SCIENTIFIC, LTD","PO BOX 9229, MISSOULA, MT 59807-9229 USA","In a sample of 105 students, the dimensionality of a moral intensity scale developed by Singhapakdi, Vitell, and Kraft in 1936 was assessed. Principal components analysis yielded a one-factor solution across 10 ethics scenarios, indicating that moral intensity may be treated as a unidimensional construct in some situations.","RAYYAN-INCLUSION: {""julius.fenn""=>""Excluded""}",,
rayyan-800531501,Measuring ethical ideology in business ethics: A critical analysis of        the Ethics Position Questionnaire,2001,,,JOURNAL OF BUSINESS ETHICS,0167-4544,32,1,35-53,"Davis, MA and Andersen, MG and Curtis, MB and Davis, MA and Andersen, MG and Curtis, MB",,English,KLUWER ACADEMIC PUBL,"SPUIBOULEVARD 50, PO BOX 17, 3300 AA DORDRECHT, NETHERLANDS","Individual differences in ethical ideology are believed to play a key role in ethical decision making. Forsyth's (1980) Ethics Position Questionnaire (EPQ) is designed to measure ethical ideology along two dimensions, relativism and idealism. This study extends the work of Forsyth by examining the construct validity of the EPQ. Confirmatory factor analyses conducted with independent samples indicated three factors - idealism, relativism, and veracity - account for the relationships among EPQ items. In order to provide further evidence of the instrument's nomological and convergent validity, correlations among the EPQ subscales, dogmatism, empathy, and individual differences in the use of moral rationales were examined. The relationship between EPQ measures of idealism and moral judgments demonstrated modest predictive validity, but the appreciably weaker influence of relativism and the emergence of a veracity factor raise questions about the utility of the EPQ typology.","RAYYAN-INCLUSION: {""julius.fenn""=>""Included""} | RAYYAN-LABELS: incEPQ",,
rayyan-800531502,A multidimensional approach to Finnish managers' moral decision-making,2001,,,JOURNAL OF BUSINESS ETHICS,0167-4544,34,3,231-254,"Kujala, J and Kujala, J",,English,SPRINGER,"VAN GODEWIJCKSTRAAT 30, 3311 GZ DORDRECHT, NETHERLANDS","This paper analyses managers' moral decision-making, and studies the role of ethical theories in it by following the research tradition using the multidimensional ethics scale. The research question is: what kinds of ethical dimensions do Finnish business managers reveal when they are making moral decisions, and how have these dimensions changed in the 1990s? This question is answered by examining what kinds of factors emerge when the multidimensional ethics scale is used to analyse Finnish managers' attitudes toward moral dilemmas. The results show that Finnish managers' decision- making reflects a variety of ethical theories. Teleological thinking is strongly emphasised by Finnish managers, and relativist thinking is used as well, but often combined with either deontology or justice thinking. In addition, a strong moralistic dimension emerged in Finnish managers' decision-making. The analysis was carried out in two different surveys in years 1994 and 1999, and the results show that the ways of decision-making were more complex at the end of the 1990s than almost six years earlier.","RAYYAN-INCLUSION: {""julius.fenn""=>""Excluded""}",,
rayyan-800531503,Considerations in ethical decision-making and software piracy,2001,1,,JOURNAL OF BUSINESS ETHICS,0167-4544,29,1,161-167,"Wagner, SC and Sanders, GL and Wagner, SC and Sanders, GL",,English,KLUWER ACADEMIC PUBL,"SPUIBOULEVARD 50, PO BOX 17, 3300 AA DORDRECHT, NETHERLANDS",Individuals are faced with the many opportunities to pirate. The decision to pirate or not may be related to an individual's attitudes toward other ethical issues. A person's ethical and moral predispositions and the judgments that they use to make decisions may be consistent across various ethical dilemmas and may indicate their likelihood to pirate software. This paper investigates the relationship between religion and a theoretical ethical decision making process that an individual uses when evaluating ethical or unethical situations. An ethical decision making model was studied for general unethical scenarios and for the unethical behavior of software piracy. The research model was tested via path analysis using structural equation modeling and was found to be appropriate for the sample data. The results suggest that there is a relationship between religion and the stages of an ethical decision making process regarding general ethical situations and software piracy.,"RAYYAN-INCLUSION: {""julius.fenn""=>""Excluded""}",,
rayyan-800531504,The moderating effect of individuals' perceptions of ethical work        climate on ethical judgments and behavioral intentions,2000,10,,JOURNAL OF BUSINESS ETHICS,0167-4544,27,4,351-362,"Barnett, T and Vaicys, C and Barnett, T and Vaicys, C",,English,KLUWER ACADEMIC PUBL,"SPUIBOULEVARD 50, PO BOX 17, 3300 AA DORDRECHT, NETHERLANDS","Dimensions of the ethical work climate, as conceptualized by Victor and Cullen (1988), are potentially important influences on individual ethical decision-making in the organizational context. The present study examined the direct and indirect effects of individuals' perceptions of work climate on their ethical judgments and behavioral intentions regarding an ethical dilemma. A national sample of marketers was surveyed in a scenario-based research study. The results indicated that, although perceived climate dimensions did not have a direct effect on behavioral intentions, there were significant moderating effects. Climates perceived as emphasizing social responsibility and rules/codes moderated the individual ethical judgment-behavioral intentions relationship such that individuals were less likely to say that they would engage in a questionable selling practice even when they themselves did not believe the practice to be unethical. Respondents were somewhat more likely to form intentions consistent with their judgment that the questionable practice was morally acceptable when the ethical climate was characterized by an emphasis on team/friendship.","RAYYAN-INCLUSION: {""julius.fenn""=>""Excluded""}",,
rayyan-800531505,Sexual liberalism as a determinant of consumer response to sex in        advertising,2000,,,JOURNAL OF BUSINESS AND PSYCHOLOGY,0889-3268,15,1,111-127,"Mittal, B and Lassar, WM and Mittal, B and Lassar, WM",,English,KLUWER ACADEMIC-HUMAN SCIENCES PRESS,"233 SPRING ST, NEW YORK, NY 10013-1578 USA","The use of sex in advertising continues unabated, public outcry against it notwithstanding. Although some sex in ads might sell, as advertisers obviously believe to be the case, the question is, when is the use of sex appropriate, and for which target audiences? The present research examines this question, with consumer data from a study where consumers were shown an ad with either low or high sexual content. Results show that while the ad with high sexual content was uniformly judged to be ethically more unjust (compared to ads with low sexual content), the adverse effect on attitude toward the ad is not obtained for all consumers. Our results show that It depends on the sexual liberalism of the audience and on whether or not the use of sex is considered manipulative. Our research suggests that advertising professionals should assess sexual liberalism of their target audience and use sex only within the requisites of the communication task.","RAYYAN-INCLUSION: {""julius.fenn""=>""Excluded""}",,
rayyan-800531506,The quest to improve the human condition: The first 1 500 articles        published in Journal of Business Ethics,2000,7,,JOURNAL OF BUSINESS ETHICS,0167-4544,26,1,1-73,"Collins, D and Collins, D",,English,SPRINGER,"VAN GODEWIJCKSTRAAT 30, 3311 GZ DORDRECHT, NETHERLANDS","In 1999, the Journal of Business Ethics published its 1 500th article. This article commemorates the journal's quest ""to improve the human condition"" (Michalos, 1988, p. 1) with a summary and assessment of the first eighteen volumes. The first part provides an overview of JBE, highlighting the journal's growth, types of methodologies published, and the breadth of the field. The second part provides a detailed account of the quantitative research findings. Major research topics include (1) prevalence of ethical behavior, (2) ethical sensitivities, (3) ethics codes and programs, (4) corporate social performance and policies, (5) human resource practices and policies, and (6) professions - accounting, marketing/sales, and finance/strategy. Much remains to be done.","RAYYAN-INCLUSION: {""julius.fenn""=>""Included""} | RAYYAN-LABELS: excOverview",,
rayyan-800531507,Making ethical choices: A comprehensive decision-making model for        Canadian psychologists,2000,5,,CANADIAN PSYCHOLOGY-PSYCHOLOGIE CANADIENNE,0708-5591,41,2,104-115,"Hadjistavropoulos, T and Malloy, DC and Hadjistavropoulos, T and Malloy, DC",,English,CANADIAN PSYCHOL ASSOC,"151 SLATER ST, STE 205, OTTAWA, ONTARIO K1P 5H3, CANADA","This paper proposes a theoretical augmentation of the seven-step decision-making model outlined in the Canadian Code of Ethics for Psychologists. We propose that teleological, deontological, and existential ethical perspectives should be taken into account in the decision-making process. We also consider the influence of individual, issue-specific, significant-other, situational, and external factors on ethical decision-making. This theoretical analysis demonstrates the richness and complexity of ethical decision-making.","RAYYAN-INCLUSION: {""julius.fenn""=>""Excluded""}",,
rayyan-800531508,A multidimensional analysis of tax practitioners' ethical judgments,2000,4,,JOURNAL OF BUSINESS ETHICS,0167-4544,24,3,223-244,"Cruz, CA and Shafer, WE and Strawser, JR and Cruz, CA and Shafer, WE and Strawser, JR",,English,KLUWER ACADEMIC PUBL,"SPUIBOULEVARD 50, PO BOX 17, 3300 AA DORDRECHT, NETHERLANDS","This study investigates professional tax practitioners' ethical judgments and behavioral intentions in cases involving client pressure to adopt aggressive reporting positions, an issue that has been identified as the most difficult ethical/moral problem facing public accounting practitioners. The multidimensional ethics scale (MES) was used to measure the extent to which a hypothetical behavior was consistent with five ethical philosophies (moral equity, contractualism, utilitarianism, relativism, and egoism). Responses from a sample of 67 tax professionals supported the existence of all dimensions of the MES other than egoism. Regressions of ethical judgments and behavioral intentions on the MES dimensions indicate that ethical decision making is most heavily influenced by the moral equity dimension, followed by the contractualism dimension. In contrast, the utilitarianism and relativism dimensions were only related to ethical judgments and behavioral intentions in isolated instances.","RAYYAN-INCLUSION: {""julius.fenn""=>""Excluded""}",,
rayyan-800531509,The effects of gender and setting on accountants' ethically sensitive        decisions,2000,4,,JOURNAL OF BUSINESS ETHICS,0167-4544,24,4,299-312,"Radtke, RR and Radtke, RR",,English,KLUWER ACADEMIC PUBL,"SPUIBOULEVARD 50, PO BOX 17, 3300 AA DORDRECHT, NETHERLANDS","This paper investigates whether gender affects ethically sensitive decisions of a personal or business nature. Data from 51 practicing accountants from both public accounting and private industry suggest that while differences exist between female and male accountants in responses to specific situations, overall responses are quite similar. Statistically significant differences were found for only five of the sixteen ethically sensitive situations. Further, when personal and business situations of a similar nature were paired together, two of the eight differences between personal and business responses were significantly different between females and males. Taken as a whole, the results refute the suggestion that the ethical decision making of organizations may be enhanced as more women enter the business field.","RAYYAN-INCLUSION: {""julius.fenn""=>""Excluded""}",,
rayyan-800531510,Measuring the ethical nature of tourism operators,1999,10,,ANNALS OF TOURISM RESEARCH,0160-7383,26,4,928-943,"Fennell, DA and Malloy, DC and Fennell, DA and Malloy, DC",,English,PERGAMON-ELSEVIER SCIENCE LTD,"THE BOULEVARD, LANGFORD LANE, KIDLINGTON, OXFORD OX5 1GB, ENGLAND","Selected ecotourism, adventure, fishing, cruiseline, and golf operators were studied in an effort to determine possible ethical differences among them as distinct groups. Through the implementation of a multidimensional ethics scale, the resulting data illustrate that ecotourism operators were in fact more ethical than their counterparts in the other groups. This became apparent on the basis of analyzing their responses to ethical economic, social, and ecological issues outlined in three scenarios. The paper examines the influence of education, organizational size, and the use of codes of ethics in day-to-day business operation and practice to help explain the differences that exist among the participating groups. (C) 1999 Elsevier Science Ltd. All rights reserved.","RAYYAN-INCLUSION: {""julius.fenn""=>""Excluded""}",,
rayyan-800531511,"Understanding salespeople's intention to behave unethically: The effects        of perceived competitive intensity, cognitive moral development and        moral judgment",1999,10,,JOURNAL OF BUSINESS ETHICS,0167-4544,21,4,303-316,"Schwepker, CH and Schwepker, CH",,English,KLUWER ACADEMIC PUBL,"SPUIBOULEVARD 50, PO BOX 17, 3300 AA DORDRECHT, NETHERLANDS","Three factors considered to potentially influence salespeople's intentions to behave unethically are empirically examined. Although moral judgment is commonly considered a precursor to moral intentions, the effects of cognitive moral development and perceived competitive intensity on moral intentions are not well understood. Results suggest that all three factors influence salespeople's intention to behave unethically. Implications and directions for future research are provided.","RAYYAN-INCLUSION: {""julius.fenn""=>""Excluded""}",,
rayyan-800531512,Social contracts and marketing ethics,1999,7,,JOURNAL OF MARKETING,0022-2429,63,3,14-32,"Dunfee, TW and Smith, NC and Ross, WT and Dunfee, TW and Smith, NC and Ross, WT",,English,AMER MARKETING ASSOC,"311S WACKER DR, STE S800, CHICAGO, IL 60606-6629 USA","In this article, the authors describe the need and the search to date for a normative moral foundation for marketing. Social contract theory appears promising because of its clear correspondence to the exchange relationships central to marketing thought and practice. The authors introduce it in a specific formulation known as Integrative Social Contracts Theory (ISCT). This theory provides a coherent framework for resolving ethical issues that arise among different communities and is therefore particularly appropriate because marketers frequently engage in boundary-spanning relationships and cross-cultural activities. The authors explore the application of ISCT to ethical decision making in marketing through the use of bribery as a major illustrative example. They discuss implications for managers and researchers.","RAYYAN-INCLUSION: {""julius.fenn""=>""Excluded""}",,
rayyan-800531513,A model of the effects of self-efficacy on the perceived ethicality and        performance of fear appeals in advertising,1999,4,,JOURNAL OF BUSINESS ETHICS,0167-4544,19,3,273-285,"Snipes, RL and LaTour, MS and Bliss, SJ and Snipes, RL and LaTour, MS and Bliss, SJ",,English,KLUWER ACADEMIC PUBL,"SPUIBOULEVARD 50, PO BOX 17, 3300 AA DORDRECHT, NETHERLANDS","The primary purpose of this study was to better understand the effects of consumers' perceived self-efficacy on their perceptions of the ethicality of a fear appeal and subsequent attitudes towards the ad, the brand, and purchase intentions. In this study, a total of 305 consumer responses were investigated to determine attitudes toward a fear appeal ad. The results suggest that the use of strong fear appeals may not be perceived as unethical if consumers feel they can use the recommended product to effectively eliminate the threat posed by the ad.","RAYYAN-INCLUSION: {""julius.fenn""=>""Excluded""}",,
rayyan-800531514,Ethical decision patterns in four countries: Contrasting theoretical        perspectives,1999,,,INTERNATIONAL BUSINESS ETHICS: CHALLENGES AND APPROACHES,,,,51-66,"Etheredge, JM and Erdener, CB and Etheredge, JM and Erdener, CB",,English,UNIV NOTRE DAME PRESS,"310 FLANNER HALL, NOTRE DAME, IN 46556-5611 USA","Responses to a series of ethical dilemmas were gathered from 503 subjects in China, South Korea, Mexico, and the U.S., including Asian-American and Hispanic-American ethno-cultural sub-groups. The data were examined using a framework in which a non-consequentialist approach to ethical decision making based on human rights and justice was contrasted with orientations toward the principles of rule and act utilitarianism. The results demonstrate that national identity tends to override ethnic identity in determining the approach to ethical decision making, and that the pattern of orientation toward normative positions established in Mexico and the U.S., and possibly emerging in South Korea, is contrasted with a distinctly different pattern in China. The results support the further development of this methodology.","RAYYAN-INCLUSION: {""julius.fenn""=>""Included""} | RAYYAN-LABELS: excRelativism",,
rayyan-800531515,The Perceived Role of Ethics and Social Responsibility: An alternative        scale structure,1999,1,,JOURNAL OF BUSINESS ETHICS,0167-4544,18,1,51-64,"Etheredge, JM and Etheredge, JM",,English,SPRINGER,"VAN GODEWIJCKSTRAAT 30, 3311 GZ DORDRECHT, NETHERLANDS","The Perceived Role of Ethics and Social Responsibility (PRESOR) instrument was developed in the United States by Singhapakdi et al. (1996b) as a reliable and valid scale to measure the perceived role of ethics and social responsibility in achieving organizational effectiveness. This study was carried out to confirm the factorial structure of the instrument and to assess its reliability and validity for use in Hong Kong, the finance and service heart of the Asia-Pacific region and a culture with clear differences in ethical attitudes and perceptions from those of the United States. Constructive replication of the exploratory factor analytic procedure of the original study with a representative sample of Hong Kong managers failed to support the hypothesized scale structure but instead suggested a different, two-factor, structure. Confirmatory factor analysis defined the alternative model which comprised two interpretable, negatively intercorrelated factorial scales, ""Importance of ethics and social responsibility"" and ""Subordination of ethics and social responsibility in the achievement of organizational effectiveness"". The model showed a high level of goodness-of-fit for the population and the two subscales, comprised of five items and four items respectively, were shown to have acceptable internal consistency reliability. Correlational and multiple regression analysis showed highly significant levels of association with the ethical ideology dimensions of the EPQ (Forsyth, 1980), used in the validation of the original scale, and with two ethical philosophy subscales derived from the ATBEQ (Preble and Reichel, 1988). The instrument is short, easily administered, is psychometrically sound and has considerable potential in the study of the perceived role of ethics and social responsibility in the achievement of organizational effectiveness.","RAYYAN-INCLUSION: {""julius.fenn""=>""Excluded""}",,
rayyan-800531516,The analysis of telecommuting ethics using a multidimensional ethics        scale,1999,,,ASSOCIATION FOR INFORMATION SYSTEMS - PROCEEDINGS OF THE FIFTH AMERICAS        CONFERENCE ON INFORMATION SYSTEMS (AMCIS 1999),,,,713-714,"Griffith, D and Ellis, S and Griffith, D and Ellis, S",,English,ASSOCIATION INFORMATION SYSTEMS,"P.O. BOX 2712, ATLANTA, GA 30301-2712 USA",,"RAYYAN-INCLUSION: {""julius.fenn""=>""Excluded""}",,
rayyan-800531517,Marketing norms measurement: An international validation and comparison,1999,1,,JOURNAL OF BUSINESS ETHICS,0167-4544,18,1,65-72,"Klein, S and Klein, S",,English,KLUWER ACADEMIC PUBL,"SPUIBOULEVARD 50, PO BOX 17, 3300 AA DORDRECHT, NETHERLANDS","This article replicates a U.S. study of marketing norms in an international setting. The dimensionality and reliability of the scales are tested in the U.S., Singapore and South Africa. Support is found for the use of the scales, as modified. The norms of the current respondents are compared with those of the original U.S. respondents and each other. Differences between the three countries are found with respect to general honesty and integrity norms, but not for specific marketing-related norms. Differences between the original study results and the current findings are assessed in terms of methodological and substantive factors.","RAYYAN-INCLUSION: {""julius.fenn""=>""Excluded""}",,
rayyan-800531518,The CEO's psychological characteristics and ethical culture,1999,,,"CURRENT TOPICS IN MANAGEMENT, VOL 4 - 1999",1529-2088,4,,63-79,"Logsdon, JM and Corzine, JB and Logsdon, JM and Corzine, JB",,English,JAI PRESS INC,"100 PROSPECT STREET, STAMFORD, CT 06901-1640 USA",,"RAYYAN-INCLUSION: {""julius.fenn""=>""Excluded""}",,
rayyan-800531519,"A qualitative exploration into voters' ethical perceptions of political        advertising: Discourse, disinformation, and moral boundaries",1998,12,,JOURNAL OF BUSINESS ETHICS,0167-4544,17,16,1871-1885,"Kates, S and Kates, S",,English,KLUWER ACADEMIC PUBL,"SPUIBOULEVARD 50, PO BOX 17, 3300 AA DORDRECHT, NETHERLANDS","Political campaign advertising continues to be a controversial policy topic in advertising and marketing research. It is also a prime subject for investigating the ethical evaluations of consumers (or voters). The following study draws from postmodern communication theory and employs a qualitative research methodology in order to explore voters' intimate and subjective views about politics, candidates, and political advertising. The findings include emergent themes relating to significant media rituals in voters' lives, the cynical perspective of politics as a 'game', and the widespread disapproval and suspicion with which voters regard negative political advertising. Additionally, the a priori theme of political information as 'disinformation' was proposed and expanded upon. Findings are discussed in light of a greater understanding of the appropriateness of the traditional versus the postmodern perspective of political communication, informants' construction of 'moral boundaries' which help them determine right from wrong, acceptable vs, unacceptable political behaviours in this particular context.","RAYYAN-INCLUSION: {""julius.fenn""=>""Excluded""}",,
rayyan-800531520,Ethical ideology and the ethical judgments of marketing professionals,1998,5,,JOURNAL OF BUSINESS ETHICS,0167-4544,17,7,715-723,"Barnett, T and Bass, K and Brown, G and Hebert, FJ and Barnett, T and Bass, K and Brown, G and Hebert, FJ",,English,SPRINGER,"VAN GODEWIJCKSTRAAT 30, 3311 GZ DORDRECHT, NETHERLANDS","The present study extends the study of individuals' ethical ideology within the context of marketing ethics issues. A national sample of marketing professionals participated. Respondents' ethical ideologies were classified as absolutists, situationists, exceptionists, or subjectivists using the Ethical Position Questionnaire (Forsyth, 1980). Respondents then answered questions about three ethically ambiguous situations common to marketing and sales. The results indicated that marketers' ethical judgments about the situations differed based on their ethical ideology, with absolutists rating the actions as most unethical. The findings are consistent with those of two earlier studies that utilized samples of business students (Barnett et al., 1994, 1995). The results suggest that personal moral philosophy is an important influence on ethical decision making that should be considered in empirical studies of business ethics. The results also support the utility of the Ethical Position Questionnaire (Forsyth, 1980) as a means for researchers and practitioners to assess individuals' ethical ideology.","RAYYAN-INCLUSION: {""julius.fenn""=>""Excluded""}",,
rayyan-800531521,An integrated model for ethical decisions in marketing research,1998,2,,JOURNAL OF BUSINESS ETHICS,0167-4544,17,3,263-280,"Malhotra, NK and Miller, GL and Malhotra, NK and Miller, GL",,English,KLUWER ACADEMIC PUBL,"SPUIBOULEVARD 50, PO BOX 17, 3300 AA DORDRECHT, NETHERLANDS","While many models of ethical decisionmaking in marketing have been presented in the literature, no recent attempts have been made to explicitly account for ethical decision-making from a marketing research perspective. We present an ethical framework for marketing research, the various philosophies of ethics, and a few enduring marketing ethical decision-making models, thus laying the foundation for a descriptive model for ethics in marketing research. The authors then develop an integrated model of ethical decision-making that incorporates the perspectives of all parties involved in the process of making ethical marketing research decisions, the various philosophies, and external variables. The proposed model is compared with some of the models considered in the literature and illustrated with a marketing research application.","RAYYAN-INCLUSION: {""julius.fenn""=>""Included""} | RAYYAN-LABELS: incOverview",,
rayyan-800531522,The ethics construct: A multidimensional analysis in an academic setting,1998,,,"DECISION SCIENCES INSTITUTE 1998 PROCEEDINGS, VOLS 1-3",,,,66-68,"Guffey, DM and McCartney, MW and Guffey, DM and McCartney, MW     GP DECIS SCI INST and DECIS SCI INST",,English,DECISION SCIENCES INST,"UNIV PLAZA, ATLANTA, GA 30303 USA","The primary purpose of this study was to test a multidimensional ethics measure in an educational setting. We found that the dimensions of moral equity, relativism, and contractualism nicely capture the construct of ethical judgment among accounting students. Tests indicated that these dimensions also explained a substantial portion of the variance in the determination of whether or not an action is judged to be ethical.","RAYYAN-INCLUSION: {""julius.fenn""=>""Excluded""}",,
rayyan-800531523,The association of ethical judgment of advertising and selected        advertising effectiveness response variables,1998,1,,JOURNAL OF BUSINESS ETHICS,0167-4544,17,2,125-136,"Simpson, PM and Brown, G and WIding, RE and Simpson, PM and Brown, G and WIding, RE",,English,SPRINGER,"VAN GODEWIJCKSTRAAT 30, 3311 GZ DORDRECHT, NETHERLANDS",This study examines the potential effects of unethically perceived advertising executions on consumer responses to the ad. The study found that the unethical perceptions of the advertisement shown significantly and negatively affected all advertising response variables examined in the study.,"RAYYAN-INCLUSION: {""julius.fenn""=>""Excluded""}",,
rayyan-800531524,Ethics and target marketing: The role of product harm and consumer        vulnerability,1997,7,,JOURNAL OF MARKETING,0022-2429,61,3,1-20,"Smith, NC and CooperMartin, E and Smith, NC and CooperMartin, E",,English,AMER MARKETING ASSOC,"250 SOUTH WACKER DRIVE SUITE 200, CHICAGO, IL 60606-5819","Target marketing might be the epitome of the marketing concept. However, in certain instances it has been criticized as unethical. The authors identify explanations for the ethical concern and controversy that can arise over targeting. An empirical study confirms public disquiet over consumer vulnerability and product harmfulness, identifies which targeting strategies are evaluated as less ethical, and highlights the likelihood of consumer boycotts and other disapproving behaviors. Evidence of ethical concern arises when both ''sin'' and ''non-sin'' products are involved, and it increases for consumers perceived to be more vulnerable. The authors discuss implications for marketing managers, researchers, and public policy.","RAYYAN-INCLUSION: {""julius.fenn""=>""Excluded""}",,
rayyan-800531525,Ethical decision making in marketing: A synthesis and evaluation of        scales measuring the various components of decision making in ethical        situations,1997,5,,JOURNAL OF BUSINESS ETHICS,0167-4544,16,7,699-717,"Vitell, SJ and Ho, FN and Vitell, SJ and Ho, FN",,English,KLUWER ACADEMIC PUBL,"SPUIBOULEVARD 50, PO BOX 17, 3300 AA DORDRECHT, NETHERLANDS",The authors present a comprehensive synthesis and evaluation of the published scales measuring the components of the decision making process in ethical situations using the Hunt-Vitell (1993) theory of ethics as a framework to guide the research. Suggestions for future scale development are also provided.,"RAYYAN-INCLUSION: {""julius.fenn""=>""Included""} | RAYYAN-LABELS: incOverview",,
rayyan-800531526,"The nature, measurement, and stability of ethical judgments in the        workplace",1997,4,,PSYCHOLOGICAL REPORTS,0033-2941,80,2,563-580,"Robin, DP and Reidenbach, RE and Babin, BJ and Robin, DP and Reidenbach, RE and Babin, BJ",,English,SAGE PUBLICATIONS INC,"2455 TELLER RD, THOUSAND OAKS, CA 91320 USA","A basic interest in the rightness and wrongness of actions predates philosophy, and the literature of organizational psychology indicates an increased interest in ethical and unethical decision-making in the workplace. Although several conceptual models of workplace ethical behavior have been offered, researchers have little guidance and few appropriate constructs for measuring a key component of these models. This paper focuses on the historical results of the Multidimensional Ethics Scale and construct of an ethical judgment and provides an exhaustive conceptual and empirical treatment of it. This analysis offers evidence for a three-dimensional structure underlying ethical judgments common to the workplace. The structure of the Multidimensional Ethics Scale is supported through an iterative approach which involves widely varying contexts and samples. Results have potential implications for developing theories of organizational ethics as well as for employees' psychological well-being.","RAYYAN-INCLUSION: {""julius.fenn""=>""Excluded""}",,
rayyan-800531527,The influence of ethical climate and ethical conflict on role stress in        the sales force,1997,,,JOURNAL OF THE ACADEMY OF MARKETING SCIENCE,0092-0703,25,2,99-108,"Schwepker, CH and Ferrell, OC and Ingram, TN and Schwepker, CH and Ferrell, OC and Ingram, TN",,English,SAGE PUBLICATIONS INC,"2455 TELLER RD, THOUSAND OAKS, CA 91320 USA",Several leading models of ethical decision making include factors contributing to an organization's ethical climate as significant determinants affecting ethical choice. The relationship of ethical climate to ethical conflict and role conflict is examined in a salesperson context. Results suggest that salespersons' perceptions of a positive ethical climate are negatively associated with their perceived ethical conflict with sales managers. Implications and directions for future research are provided.,"RAYYAN-INCLUSION: {""julius.fenn""=>""Excluded""}",,
rayyan-800531528,"Sexual harassment: A matter of individual ethics, legal definitions, or        organizational policy",1997,2,,JOURNAL OF BUSINESS ETHICS,0167-4544,16,2,129-146,"Keyton, J and Rhodes, SC and Keyton, J and Rhodes, SC",,English,SPRINGER,"VAN GODEWIJCKSTRAAT 30, 3311 GZ DORDRECHT, NETHERLANDS","Although interest in business ethics has rapidly increased, little attention has been drawn to the relationship between ethics and sexual harassment. While most companies have addressed the problem of sexual harassment at the organizational level with corporate codes of ethics or sexual harassment policies, no research has examined the ethical ideology of individual employees. This study investigates the relationship between the ethical ideology of individual employees and their ability to identify social-sexual behaviors in superior-subordinate interactions. The results indicate that ethical ideology does have an effect on employees' ability to identify verbal sexually harassing behaviors. This effect, however, is not demonstrated on nonverbal sexually harassing behaviors.","RAYYAN-INCLUSION: {""julius.fenn""=>""Excluded""}",,
rayyan-800531529,The effect of attorneys' perceived duty to client on their ethical        decision making process,1996,,,AMERICAN BUSINESS LAW JOURNAL,0002-7766,34,2,277-&,"Robin, DP and King, EW and Reidenbach, RE and Robin, DP and King, EW and Reidenbach, RE",,English,AMER BUSINESS LAW JOURNAL,"C/O GREGORY NAPLES, MARQUETTE UNIV DEPT ACCOUNTING COLL BUSINESS ADM,        MILWAUKEE, WI 53233","The study of legal ethics usually focuses on philosophical explanations for ethical or unethical behavior. Empirical study has not been brought to bear on this important subject. The multidimensional ethics scale (MES) has been used to examine the ethical decision making process in a number of professions, but not the legal profession. This exploratory study, performed by surveying a random sample of attorneys, is an early attempt to explore empirically how attorneys arrive at an ethical decision. It introduces a new construct, ''client duty'' and integrates it with the more established constructs of the MES (moral equity, relativism, and contractualism). Respondents were asked to, react to three scenarios, each of which posed an ethical dilemma. The three established constructs of the MES and the new construct produced very satisfactory results in several tests of validity. Modeling efforts with these constructs were highly suggestive of an ethical decision making process that is somewhat different than currently existing efforts and is particularly appropriate for the legal profession.","RAYYAN-INCLUSION: {""julius.fenn""=>""Excluded""}",,
rayyan-800531530,"Religiosity, ethical ideology, and intentions to report a peer's        wrongdoing",1996,11,,JOURNAL OF BUSINESS ETHICS,0167-4544,15,11,1161-1174,"Barnett, T and Bass, K and Brown, G and Barnett, T and Bass, K and Brown, G",,English,SPRINGER,"VAN GODEWIJCKSTRAAT 30, 3311 GZ DORDRECHT, NETHERLANDS","Peer reporting is a specific form of whistleblowing in which an individual discloses the wrongdoing of a peer. Previous studies have examined situational variables thought to influence a person's decision to report the wrongdoing of a peer. The present study looked at peer reporting from the individual level. Five hypotheses were developed concerning the relationships between (1) religiosity and ethical ideology, (2) ethical ideology and ethical judgments about peer reporting, and (3) ethical judgments and intentions to report peer wrongdoing.        Subjects read a vignette concerning academic cheating, and were asked to respond to a questionnaire concerning the vignette. Data were analyzed using structural equation methodology.        Results indicted that religiosity was positively associated with an ethical ideology of non-relativism. Individuals whose ethical ideologies could be described as idealistic and non-relativistic were more likely to state that reporting a peer's cheating was ethical. In turn, individuals who believed reporting a peer's cheating was ethical were more likely to say that they would report a peer's cheating.","RAYYAN-INCLUSION: {""julius.fenn""=>""Excluded""}",,
rayyan-800531531,Improving sales performance through ethics: The relationship between        salesperson moral judgment and job performance,1996,11,,JOURNAL OF BUSINESS ETHICS,0167-4544,15,11,1151-1160,"Schwepker, CH and Ingram, TN and Schwepker, CH and Ingram, TN",,English,KLUWER ACADEMIC PUBL,"SPUIBOULEVARD 50, PO BOX 17, 3300 AA DORDRECHT, NETHERLANDS","This study examines the relationship between salespeople's moral judgment and their job performance. Results indicate a positive relationship between moral judgment and job performance when certain characteristics are present. Implications for sales managers and sales researchers are provided. Additionally, directions for future research are given.","RAYYAN-INCLUSION: {""julius.fenn""=>""Excluded""}",,
rayyan-800531532,How ethical are purchasing management professionals?,1996,7,,JOURNAL OF BUSINESS ETHICS,0167-4544,15,7,789-803,"Landeros, R and Plank, RE and Landeros, R and Plank, RE",,English,SPRINGER,"VAN GODEWIJCKSTRAAT 30, 3311 GZ DORDRECHT, NETHERLANDS","The primary purpose of this study was to assess the ethics of purchasing management professionals. A multidimensional scale of ethics was used to measure their predispositions to act morally. The ethics measure from this scale was correlated to a series of ethical vignettes specific to the purchasing function to further assess the value of the scale. In addition, the consistency of values as rationale for decision making was also examined. The findings of the study indicate that purchasing professionals appear to be more ethical than indicated in previous studies as measured by both the multidimensional scale of ethics and their responses to ethical situations similar to those faced in their day-to-day work experiences. The utility of a multidimensional scale of ethics is further validated, and some preliminary assessments of the nature of values impacting on ethical decision making are also evaluated.","RAYYAN-INCLUSION: {""julius.fenn""=>""Excluded""}",,
rayyan-800531533,Personal religiousness and ethical judgements: An empirical analysis,1996,3,,JOURNAL OF BUSINESS ETHICS,0167-4544,15,3,359-372,"Clark, JW and Dawson, LE and Clark, JW and Dawson, LE",,English,KLUWER ACADEMIC PUBL,"SPUIBOULEVARD 50, PO BOX 17, 3300 AA DORDRECHT, NETHERLANDS","It has been acknowledged on numerous occasions that personal religiousness is a potential source of ethical norms, and consequently, an influence in ethical evaluations. An extensive literature review provides little in the way of empirical investigation of this recognized affect. This investigation conceptualizes religiousness as a motivation for ethical action, and discovers significant differences in ethical judgements among respondents categorized by personal religious motivation. Suggestions as to the source of these differences, and the implications which they offer to managers are discussed and supported from the literature.","RAYYAN-INCLUSION: {""julius.fenn""=>""Excluded""}",,
rayyan-800531534,Don't be afraid to use fear appeals: An experimental study,1996,,,JOURNAL OF ADVERTISING RESEARCH,0021-8499,36,2,59-67,"LaTour, MS and Snipes, RL and Bliss, SJ and LaTour, MS and Snipes, RL and Bliss, SJ",,English,ADVERTISING RES FOUNDATION,"641 LEXINGTON AVE, NEW YORK, NY 10022","The use of fear appeals has become popular because they have been found to increase the interest and persuasiveness of ads. However, fear appeal use in advertising is still not universally accepted. Critics argue that fear appeals are unethical and can ''backfire'' or have unintended negative effects on consumers.        In this paper, we execute a field study which examines the perceived ethicality of the use of a strong video fear appeal shown to a potentially sensitive group of consumers. In addition, attitude toward the ad, attitude toward the brand, and purchase intention for the product being promoted were investigated. The results help to blunt ''blanket'' criticism of fear appeals and provide evidence for advertising executives who wish to argue for serious consideration of fear appeal use.","RAYYAN-INCLUSION: {""julius.fenn""=>""Excluded""}",,
rayyan-800531535,The perceived importance of an ethical issue as an influence on the        ethical decision-making of ad managers,1996,1,,JOURNAL OF BUSINESS RESEARCH,0148-2963,35,1,17-28,"Robin, DP and Reidenbach, RE and Forrest, PJ and Robin, DP and Reidenbach, RE and Forrest, PJ",,English,ELSEVIER SCIENCE INC,"655 AVENUE OF THE AMERICAS, NEW YORK, NY 10010","We explored the impact of a proposed new construct ''perceived importance of an ethical issue'' (PIE) on the ethical decision-making process. This construct parallels similar constructs in involvement literature popular in consumer behavior. The PIE construct was found to exhibit reasonable characteristics for preliminary judgments about validity, and it produced a significant and substantial impact on both ethical judgment and behavioral intention. This investigation also offered two research propositions, each of which focuses on how this perceived importance construct influences the ethical decision-making process. In addition the article suggests several potentially useful implications for marketing managers.","RAYYAN-INCLUSION: {""julius.fenn""=>""Excluded""}",,
rayyan-800531536,ASSESSING THE APPLICATION OF COGNITIVE MORAL DEVELOPMENT THEORY TO        BUSINESS ETHICS,1994,10,,JOURNAL OF BUSINESS ETHICS,0167-4544,13,10,829-838,"FRAEDRICH, J and THORNE, DM and FERRELL, OC and FRAEDRICH, J and THORNE, DM and FERRELL, OC",,English,KLUWER ACADEMIC PUBL,"SPUIBOULEVARD 50, PO BOX 17, 3300 AA DORDRECHT, NETHERLANDS","Cognitive moral development (CMD) theory has been accepted as a construct to help explain business ethics, social responsibility and other organizational phenomena. This article critically assesses CMD as a construct in business ethics by presenting the history and criticisms of CMD. The value of CMD is evaluated and problems with using CMD as one predictor of ethical decisions are addressed. Researchers are made aware of the major criticisms of CMD theory including disguised value judgments, invariance of stages, and gender bias in the initial scale development. Implications for business ethics research are discussed and opportunities for future research delineated.","RAYYAN-INCLUSION: {""julius.fenn""=>""Excluded""}",,
rayyan-800531537,"RESEARCH ON ADVERTISING ETHICS - PAST, PRESENT, AND FUTURE",1994,9,,JOURNAL OF ADVERTISING,0091-3367,23,3,5-15,"HYMAN, MR and TANSEY, R and CLARK, JW and HYMAN, MR and TANSEY, R and CLARK, JW",,English,CTC PRESS/JOA,"PO BOX 1826, CLEMSON, SC 29633-1826","Research on advertising ethics, as revealed by a search of the ABI/Inform database, shows that advertising ethics has been, and continues to be, a mainstream topic in advertising research.  Present beliefs about such research, as expressed by a random sample of academicians in the American Academy of Advertising, include the belief that practitioners are uninterested in ethics research.  Beliefs about the future of such research, as forecast by the same academicians, include the need for better measures related to ethics.  Other promising research topics are use of deception, advertising to children, ads for legal vices, negative political ads, and stereotyping in ads.","RAYYAN-INCLUSION: {""julius.fenn""=>""Excluded""}",,
rayyan-800531538,ETHICAL JUDGMENTS OF SEXUAL APPEALS IN PRINT ADVERTISING,1994,9,,JOURNAL OF ADVERTISING,0091-3367,23,3,81-90,"LATOUR, MS and HENTHORNE, TL and LATOUR, MS and HENTHORNE, TL",,English,CTC PRESS/JOA,"PO BOX 1826, CLEMSON, SC 29633-1826","This study explores consumers' ethical judgements about the use of sexual appeals in print advertising.  It specifically focuses upon responses on the Reidenbach-Robin multidimensional ethics scale, ad attitude, brand attitude, and purchase intentions.  The findings indicate that, regardless of the respondent's gender, the use of a strong overt sexual appeal in a print advertisement was not well received.  Consequently, advertisers need to rethink the use of strong overt sexual appeals, especially given the controversial issues surrounding such advertising stimuli and their popular use to break through media clutter.","RAYYAN-INCLUSION: {""julius.fenn""=>""Excluded""}",,
rayyan-800531539,ETHICAL IDEOLOGY AND ETHICAL JUDGMENT REGARDING ETHICAL ISSUES IN        BUSINESS,1994,6,,JOURNAL OF BUSINESS ETHICS,0167-4544,13,6,469-480,"BARNETT, T and BASS, K and BROWN, G and BARNETT, T and BASS, K and BROWN, G",,English,SPRINGER,"VAN GODEWIJCKSTRAAT 30, 3311 GZ DORDRECHT, NETHERLANDS","Differences in ethical ideology are thought to influence individuals' reasoning about moral issues (Forsyth and Nye, 1990; Forsyth, 1992). To date, relatively little research has addressed this proposition in terms of business-related ethical issues. In the present study, four groups, representing four distinct ethical ideologies, were created based on the two dimensions of die Ethical Position Questionnaire (idealism and relativism), as posited by Forsyth (1980). The ethical judgments of individuals regarding several business-related issues varied, depending upon their ethical ideology.","RAYYAN-INCLUSION: {""julius.fenn""=>""Included""} | RAYYAN-LABELS: incEPQ",,
rayyan-800531540,TOWARD A UNIFIED CONCEPTION OF BUSINESS ETHICS - INTEGRATIVE SOCIAL        CONTRACTS THEORY,1994,4,,ACADEMY OF MANAGEMENT REVIEW,0363-7425,19,2,252-284,"DONALDSON, T and DUNFEE, TW and DONALDSON, T and DUNFEE, TW",,English,ACAD MANAGEMENT,"PACE UNIV, PO BOX 3020, 235 ELM RD, BRIARCLIFF MANOR, NY 10510-8020 USA",,"RAYYAN-INCLUSION: {""julius.fenn""=>""Included""} | RAYYAN-LABELS: incOverview",,
rayyan-800531541,A MULTIDIMENSIONAL SCALE FOR MEASURING BUSINESS ETHICS - A PURIFICATION        AND REFINEMENT - COMMENT,1993,8,,JOURNAL OF BUSINESS ETHICS,0167-4544,12,8,663-664,"REIDENBACH, RE and ROBIN, DP and REIDENBACH, RE and ROBIN, DP",,English,KLUWER ACADEMIC PUBL,"SPUIBOULEVARD 50, PO BOX 17, 3300 AA DORDRECHT, NETHERLANDS","This comment is offered in response to Hansen's ''A Multidimensional Scale for Measuring Business Ethics: A Purification and Refinement''. Five issues arising from Hansen's purification and refinement efforts are addressed. These include the issues of parsimony, predictive validity, collinearity, reliability, and what we see as a confusion between normative and positive theory.","RAYYAN-INCLUSION: {""julius.fenn""=>""Excluded""}",,
rayyan-800531542,AN ARISTOTELIAN APPROACH TO CASE-STUDY ANALYSIS,1993,7,,JOURNAL OF BUSINESS ETHICS,0167-4544,12,7,511-516,"MALLOY, DC and LANG, DL and MALLOY, DC and LANG, DL",,English,KLUWER ACADEMIC PUBL,"SPUIBOULEVARD 50, PO BOX 17, 3300 AA DORDRECHT, NETHERLANDS","The purpose of this paper is to apply Aristotle's theory of causation to the administrative realm in an attempt to provide the manager/student with a more complete basis for organizational analysis. The authors argue that the traditional approach to administrative case studies limits the manager's/student's perspective to the positivistic world view at the expense of a more encompassing perspective which can be achieved through die use of an Aristotelian approach. Aristode's four-part theory of causation is juxtaposed with contemporary views of organizational ideology/philosophy, culture, climate and leadership, and staff or personnel. The Mazda automobile plant in Flat Rock, Michigan is provided as a sample case study to demonstrate the comprehensiveness of the Aristotelian method in organizational contexts.","RAYYAN-INCLUSION: {""julius.fenn""=>""Excluded""}",,
rayyan-800531544,A COMMENT ON A MULTIDIMENSIONAL-ANALYSIS OF SELECTED ETHICAL ISSUES IN        ACCOUNTING - COMMENT,1993,4,,ACCOUNTING REVIEW,0001-4826,68,2,411-416,"JONES, SK and PONEMON, LA and JONES, SK and PONEMON, LA",,English,AMER ACCOUNTING ASSOC,"5717 BESSIE DR, SARASOTA, FL 34233",,"RAYYAN-INCLUSION: {""julius.fenn""=>""Excluded""}",,
rayyan-800531545,SEARCHING FOR A PLACE TO STAND - TOWARD A WORKABLE ETHICAL PHILOSOPHY        FOR MARKETING,1993,,,JOURNAL OF PUBLIC POLICY & MARKETING,0743-9156,12,1,97-105,"ROBIN, DP and REIDENBACH, RE and ROBIN, DP and REIDENBACH, RE",,English,AMER MARKETING ASSN,"250 SOUTH WACKER DRIVE SUITE 200, CHICAGO, IL 60606-5819",The authors suggest and support three characteristics that should be useful for the development of a workable ethical philosophy for marketing.  The also illustrate why the adaptation of currently popular ''grand narratives'' from moral philosophy is unsuitable for marketing and why marketing must work to develop its own philosophy.,"RAYYAN-INCLUSION: {""julius.fenn""=>""Included""} | RAYYAN-LABELS: incOverview",,
rayyan-800531546,A VALIDATION AND EXTENSION OF A MULTIDIMENSIONAL ETHICS SCALE,1993,1,,JOURNAL OF BUSINESS ETHICS,0167-4544,12,1,13-26,"COHEN, J and PANT, L and SHARP, D and COHEN, J and PANT, L and SHARP, D",,English,KLUWER ACADEMIC PUBL,"SPUIBOULEVARD 50, PO BOX 17, 3300 AA DORDRECHT, NETHERLANDS","Reidenbach and Robin (1988, 1990) proposed and refined a multidimensional ethics scale. This study replicates and extends their work by examining the generalizability of the scale beyond marketing to accounting, and to subjects from across the United States and other countries. Results indicate that, in general, the scale holds for this different sample and context. However, an additional utilitarian construct emerged in the current study as important for accounting academics in their ethical decision-making. We also found that when we refined Reidenbach and Robin's measure of intention to make a particular choice, a social desirability bias or 'halo effect' was identified. Methodological implications for business ethics research are also presented.","RAYYAN-INCLUSION: {""julius.fenn""=>""Included""} | RAYYAN-LABELS: incMESextension",,
rayyan-800531547,ETHICAL JUDGMENTS ABOUT WARTIME ADS DEPICTING COMBAT,1992,9,,JOURNAL OF ADVERTISING,0091-3367,21,3,57-74,"TANSEY, R and HYMAN, MR and BROWN, G and TANSEY, R and HYMAN, MR and BROWN, G",,English,CTC PRESS/JOA,"PO BOX 1826, CLEMSON, SC 29633-1826","Are all modem wartime ads that depict combat judged as ethical? The results of a study conducted during the recent Persian Gulf conflict suggest that the social marketing uses of such ads (e.g., to solicit blood donations) are judged as more ethical than the nonsocial uses of such ads (e.g., to increase news program viewership). Furthermore, greater moral conservativism, greater cultural localism, and stronger belief-in-a-just-world are associated with the belief that the use of such ads to promote network news programs is unethical, although stronger belief-in-a-just-world generally is associated with the belief that the use of such ads is ethical.","RAYYAN-INCLUSION: {""julius.fenn""=>""Excluded""}",,
rayyan-800531548,A MULTIDIMENSIONAL SCALE FOR MEASURING BUSINESS ETHICS - A PURIFICATION        AND REFINEMENT,1992,7,,JOURNAL OF BUSINESS ETHICS,0167-4544,11,7,523-534,"HANSEN, RS and HANSEN, RS",,English,KLUWER ACADEMIC PUBL,"SPUIBOULEVARD 50, PO BOX 17, 3300 AA DORDRECHT, NETHERLANDS","Many researchers in the field of business ethics have attempted to develop methods to determine and evaluate the ethics of a variety of different classes of people, including students, professionals, and mixed samples of students and professionals. Unfortunately, most of these studies were disjunctive, simply adding confusion to an already unfocused area of research. However, Reidenbach and Robin (1988, 1990), have changed this trend by attempting to quantify the various ethical philosophies into a multidimensional scale of business ethics. This paper examines the background of the Reidenbach and Robin (1 988, 1990) scale -including the authors' findings, empirically tests the scale, and concludes that the scale needs further refinement. A promising result is a model with four dimensions: a broad-based ethical judgment dimension, a deontological judgment dimension, a teleological judgment dimension, and a social contract dimension.","RAYYAN-INCLUSION: {""julius.fenn""=>""Included""} | RAYYAN-LABELS: incOverview,incMESextension",,
rayyan-800531549,A MULTIDIMENSIONAL-ANALYSIS OF SELECTED ETHICAL ISSUES IN ACCOUNTING,1992,4,,ACCOUNTING REVIEW,0001-4826,67,2,284-302,"FLORY, SM and PHILLIPS, TJ and REIDENBACH, RE and ROBIN, DP and FLORY, SM and PHILLIPS, TJ and REIDENBACH, RE and ROBIN, DP",,English,AMER ACCOUNTING ASSOC,"5717 BESSIE DR, SARASOTA, FL 34233","SYNOPSIS AND INTRODUCTION: Much of the past research in accounting ethics has focused on whether accountants conform to prescribed codes of professional ethics. Other research has been normative in nature, recommending what constitutes appropriate ethical conduct or focusing on the accountant's responsibility in society. This study selects a different approach by testing a multivariate measure of how accountants make ethical judgments.        Data were gathered with the assistance of the institute of Certified Management Accountants and the Institute of Management Accountants (formerly the National Association of Accountants). Accountants were asked to respond on bipolar scales to realistic scenarios involving ethical decisions. Several tests for construct validity produced supportive results for the hypothesized three-dimensional measure, with the dimensions being moral equity, relativism, and contractualism.        First, we developed a questionnaire with four scenarios concerning ethical issues. Each scenario ended in a particular action taken by an individual. Responses to that action were recorded on eight bipolar scales, representing the three dimensions above. The questionnaire was mailed to 500 randomly selected certified management accountants resulting in a 62.8 percent response rate.        Second, the results from a factor analysis and a traditional reliability coefficient test suggest that a high degree of internal consistency exists for each dimension of the measure. The appropriate factor loadings ranged from a low of 0.68 to a high of 0.92, while the reliability coefficients varied from 0.75 to 0.92.        Next, the content validity of the three-dimensional measure was checked by comparing it with a global ethical/unethical measure. Again, the results support the hypothesis that the multivariate measure captures the appropriate domain of content. Adjusted R2-values ranged from 0.59 to 0.76 when the global measure was regressed against the multivariate measure.        Finally, a sense of predictive validity was obtained by comparing the multivariate measure with a behavioral intention measure for the respondent. Adjusted R2-values ranged from 0.45 to 0.76 for the four scenarios tested, indicating that the three-dimensional measure ""explains"" a respectable portion of the variance in the behavioral intention of the individual.        The multidimensional measure developed in this study may be a guide for future research into how accountants make ethical judgments. Such knowledge can be used in turn to develop useful codes of conduct, create ethical organizational cultures, and direct ethical training for and by accountants.","RAYYAN-INCLUSION: {""julius.fenn""=>""Excluded""}",,
rayyan-800531553,A Proposed Model for Teaching Ethics in Hospitality,2018,07,11T22:33:33Z,,,,,,"Khan, M and McCleary, K",,en,,,Hospitality and Tourism Educator,"RAYYAN-INCLUSION: {""julius.fenn""=>""Excluded""}",,
rayyan-800531555,A Model of Green Consumption Behavior Constructed by the Theory of Planned Behavior,2014,09,30T13:44:48Z,,,,,,"Wu, S and Chen, J",,noEntry,,,International Journal of Marketing Studies,"RAYYAN-INCLUSION: {""julius.fenn""=>""Included""} | RAYYAN-LABELS: excApplication",,
rayyan-800531560,A Partial Test of the Synthesis Integrated Model of Ethical Decision Making: Cognitive Moral Development and Managerial Moral Deliberation,2008,01,19T07:28:11Z,,,,,,"Wyld, D and Jones, C and Cappel, S and Hallock, D",,en,,,Management Research News,"RAYYAN-INCLUSION: {""julius.fenn""=>""Excluded""}",,
rayyan-800531567,An Examination of the Role of Ethics in Tax Compliance Decisions,2011,12,28T21:06:07Z,,,,,,"Henderson, B and Kaplan, S",,en,,,Journal of the American Taxation Association,"RAYYAN-INCLUSION: {""julius.fenn""=>""Excluded""}",,
rayyan-800531572,Gender differences in business ethics: justice and relativist perspectives,2007,03,20T15:02:04Z,,,,,,"Stedham, Y and Yamamura, J and Beekun, R",,en,,,Business Ethics: A European Review,"RAYYAN-INCLUSION: {""julius.fenn""=>""Included""} | RAYYAN-LABELS: excFemaleEthics",,
rayyan-800531574,Reidenbach and Robin’s Multidimensional Ethics Scale: Testing a Second-Order Factor Model,2017,03,28T01:20:46Z,,,,,,"Howard Buchan, Unknown",,noEntry,,,Journal of Psychology Research,"RAYYAN-INCLUSION: {""julius.fenn""=>""Included""} | RAYYAN-LABELS: excMESstatisticalwise",,
rayyan-800531575,Consumer perceptions of online review deceptions: an empirical study in China,2016,06,10T07:16:53Z,,,,,,"Peng, L and Cui, G and Zhuang, M and Li, C",,en,,,"Purpose: To influence consumer perceptions, firms often manipulate online product reviews on their own websites or third-party forums by anonymously adding positive reviews, deleting unfavorable reviews or offering rewards to encourage favorable reviews. This study aims to investigate consumer perceptions of online review deceptions and how these perceptions influence their subsequent purchase behavior. In particular, consumers’ awareness, suspicion and detection are studied and specific manipulation tactics are evaluated. Design/methodology/approach: Both qualitative and quantitative studies are relied upon to understand consumer perceptions of online review deceptions. In-depth interviews with 16 experienced online shoppers were conducted to collect the illustrative accounts concerning consumer awareness of online review deceptions, their suspicion, detection and evaluation of different manipulation tactics. A survey of 199 consumers was then followed to validate and corroborate the findings from the qualitative study and generalize the interview results onto the general public. Findings: The results from in-depth interviews suggest that consumers take a negative view toward online review deceptions, but the degree of negativity varies across different manipulation tactics. Moreover, different types of manipulations vary in terms of perceived deceptiveness, ease of detection and unethicality, as well as their effect on consumer purchase intention and perceived helpfulness of online product reviews. The findings from the survey further confirmed the qualitative findings. Practical implications: The findings have a number of meaningful managerial implications for industry associations and policymakers on whether and how to regulate online review deceptions. Originality/value: This study applies and extends information manipulation theory and deception detection literature to an online context to increase the richness of the relevant theories. It is among the first to empirically investigate online review deceptions from a consumer’s perspective, as opposed to a firm’s perspective as previous studies have done.","RAYYAN-INCLUSION: {""julius.fenn""=>""Excluded""}",,
rayyan-800531576,Theoretical development in ethical marketing decision making,2013,05,03T13:31:21Z,,,,,,"Ferrell, O and Crittenden, V and Ferrell, L and Crittenden, W",,en,,,"The current state of knowledge about ethical marketing decision making is explored from a historical perspective. While much research focuses on ethical issues, our purpose is to provide a holistic perspective of existing theory, skills, and research. We address both normative and descriptive approaches to ethical decision making theory development. Additional dimensions of ethical decision making such as institutional, resource-advantage, and value chain theory are advanced for future research.","RAYYAN-INCLUSION: {""julius.fenn""=>""Included""} | RAYYAN-LABELS: incOverview",,
rayyan-800531581,"Ethical judgement, locus of control, and whistleblowing intention: a case study of mainland Chinese MBA students",2002,11,19T23:53:35Z,,,,,,"Chiu, R",,en,,,"The purpose of this study is to investigate the ethics of whistleblowing in Chinese society. A framework is suggested to explain whistleblowing behaviour in terms of the individual's locus of control and subjective judgement regarding the intention of whistleblowing. Hypotheses derived from these speculations are tested with data from Chinese MBA students (n = 254). Statistical analysis largely supports the hypotheses, and the implications of the findings are discussed. © 2002, MCB UP Limited","RAYYAN-INCLUSION: {""julius.fenn""=>""Excluded""}",,
rayyan-800531584,Cross-Cultural Leadership,2018,05,24T14:45:39Z,,,,,,"Irish, K",,noEntry,,,The Art of Command,"RAYYAN-INCLUSION: {""julius.fenn""=>""Excluded""}",,
rayyan-800531585,Understanding consumer ethical decision making with respect to purchase of pirated software,2002,07,28T22:59:58Z,,,,,,"Tan, B",,en,,,"This paper examines the influence of consumers’ moral intensity, perceived risks and moral judgment on their purchase intention of pirated software. The aspects of moral intensity include magnitude of consequence, social consensus, probability of effect and temporal immediacy. The perceived risks of consumers are related to financial, performance, prosecution and social risks. Moral judgment is based on cognitive moral development and reasoning. Ten hypotheses were developed and tested with data collected using a scenario-based questionnaire. A hierarchical regression analysis is used to control for variations that are attributed to factors such as gender, age, educational attainment, income, price levels and past software experience of consumers. Results revealed that consumer purchase intention is influenced by certain aspects of their perceived moral intensity, magnitude of consequence, temporal immediacy and social consensus; perceived risks, financial, prosecution and social; and moral judgment, cognitive moral development and moral reasoning. Applicability and implication of the findings as well as suggestions for further research are discussed. © 2002, MCB UP Limited","RAYYAN-INCLUSION: {""julius.fenn""=>""Excluded""}",,
rayyan-800531589,"The integrative justice model: fair, ethical, and innovative marketing to the poor",2016,01,09T04:41:57Z,,,,,,"Laczniak, G and Santos, N",,noEntry,,,Ethical Innovation in Business and the Economy,"RAYYAN-INCLUSION: {""julius.fenn""=>""Excluded""}",,
rayyan-800531592,Improving Sales Performance through Commitment to Superior Customer Value: The Role of Psychological Ethical Climate,2013,11,12T02:18:00Z,,,,,,"Schwepker, C",,en,,,"Given the potential importance of ethics in shaping business relationships, this paper explores the impact of salespeople's psychological ethical climate on their commitment to providing superior customer value, and its ensuing affect on salesperson performance. The results suggest that ethical climate negatively affects ethical ambiguity and salespeople's commitment to providing superior customer value, while ethical ambiguity negatively affects commitment to providing superior customer value. Salespeople who are committed to providing superior customer value report greater sales performance. Based on these findings, both theoretical and managerial implications are provided. © 2013 PSE National Educational Foundation.","RAYYAN-INCLUSION: {""julius.fenn""=>""Excluded""}",,
rayyan-800531594,The Impact of Unfair Business Practices on Bank Customers: An Experimental Study,2016,07,26T11:28:25Z,,,,,,"ÖZBEK, V and ALNIAÇIK, Ü and KOÇ, F",,en,,,Ege Akademik Bakis (Ege Academic Review),"RAYYAN-INCLUSION: {""julius.fenn""=>""Excluded""}",,
rayyan-800531602,Ethics Perception: Does Teaching Make a Difference?,2008,11,13T22:54:20Z,,,,,,"Nguyen, N and Basuray, M and Smith, W and Kopka, D and McCulloh, D",,en,,,"The present study examined student learning in business ethics, particularly ethical judgment, using R. E. Reidenbach and D. P. Robin's (1990) Multidimensional Ethics Scale (MES). The authors asked 262 undergraduate students to provide ethical judgment rating, first at the beginning of the semester and again at the end of the semester. Students judged 3 moral issues in the MES—labeled sales, auto, and retail—using 3 ethics theories: moral equity, relativism, and contractualism. Ethics learning was only significant in contractualism ethics for the auto scenario. Further, ethics learning significantly predicted ethical behavioral intent, supporting A. Bandura's (1986) social cognitive theory. The authors provide theoretical and practical implications based on the study's findings.","RAYYAN-INCLUSION: {""julius.fenn""=>""Excluded""}",,
rayyan-800531603,An exploratory investigation of the relationship between ethical conflict and salesperson performance,2003,08,16T10:43:01Z,,,,,,"Schwepker, C",,en,,,"This paper empirically examines the relationship between salespeople's ethical conflict and their job performance. Results suggest that ethical conflict, resulting from an incongruence in ethical values between salespeople and their organizations' top management, has a negative affect on one element of job performance, meeting sales objectives. Implications and directions for future research are provided.","RAYYAN-INCLUSION: {""julius.fenn""=>""Excluded""}",,
rayyan-800531609,"The impact of salesperson customer orientation on the evaluation of a salesperson’s ethical treatment, trust in the salesperson, and intentions to purchase",2015,02,18T13:27:04Z,,,,,,"Bateman, C and Valentine, S",,en,,,"Previous research suggests that salespersons' customer orientation can impact the effectiveness and outcomes of their selling interactions with customers. The purpose of this exploratory research was to create a foundation (based on prior results) for more comprehensive future work investigating customer judgments of a salesperson based on observed behaviors. Specifically, this study assessed whether a salesperson's relational customer orientation (compared to a functional orientation) could trigger improved evaluations of a salesperson's ethical treatment of a customer, increased trust in the salesperson, and stronger intentions to purchase. The relationships among perceptions of ethical treatment, trust, and purchase intentions were also explored. Using data collected from a large sample of working professionals, the results indicated that a relational selling approach resulted in increases in the three indicators of sales effectiveness. Additionally, perceived ethical treatment was positively related to trust in a salesperson and purchase intentions, and trust was positively related to purchase intentions. Implications for sales professionals in general as well as sales organizations and sales leaders in particular are discussed.","RAYYAN-INCLUSION: {""julius.fenn""=>""Excluded""}",,
rayyan-800531610,A Test of the Selection-Socialization Theory in Moral Reasoning of CPAs in Industry Practice,2009,07,14T22:17:40Z,,,,,,"Abdolmohammadi, M and Ariail, D",,en,,,"This paper investigates the Selection-Socialization Theory (SST) and its related Inverted-U Phenomenon (IUP) in the moral reasoning of Certified Public Accountants (CPAs) in industry and public practice. This is an extension of the literature that has primarily focused on CPAs in public practice and has reported mixed results. We do not find significant differences in moral reasoning (as measured by the P-score of the Defining Issues Test) between various professional ranks of practicing accountants. This result suggests an absence of SST or IUP in promotions of CPAs to higher ranks in industry or public practice. Investigation of control variables indicates that gender and ethical training do not have significant effects on the P-score. However, as expected, CPAs with graduate degrees have higher P-scores than those with only an undergraduate degree, and politically moderate or liberal CPAs score higher than conservatives.","RAYYAN-INCLUSION: {""julius.fenn""=>""Excluded""}",,
rayyan-800531616,Transformational Leadership and its Impact on Sales Force Moral Judgment,2010,10,15T21:22:08Z,,,,,,"Schwepker, C and Good, D",,en,,,"Sales research often notes the critical role of sales managers in providing interface between the firm and the salesperson while cultivating sales performance in highly competitive marketplaces. In such a stressful environment, reports of unethical behaviors (results, causes, effects, etc.) continue to plague the profession. In this context, the purpose of this study was to examine the role of a chiefly unexplored quality of sales managers, transformational leadership, and its affect on the moral judgment of the sales force. In a study of 345 business-to-business salespeople, it was found that transformational leadership has an indirect effect on moral judgment as well as direct effects on supervisory capability orientation and the trust of the salesperson in the manager. Managerial and research implications are also offered as part of the paper. © 2010 PSE National Educational Foundation. All rights reserved.","RAYYAN-INCLUSION: {""julius.fenn""=>""Excluded""}",,
rayyan-800531620,The role of identification in the privacy decisions of information system students,2005,08,29T08:47:11Z,,,,,,"Shaw, T",,noEntry,,,"This research is aimed at understanding the ethical decision making process of information systems students, particularly when those decisions involve online privacy. The research model on which the hypotheses are based includes both deontological and teleological factors, as well as something heretofore overlooked by IS ethics researchers. Organizational identification is hypothesized to serve a filtering role, to help the individual faced with an ethical decision to focus on those stakeholders that are most relevant. The research model was tested using survey methods with a sample of senior-level IS undergraduates. The main effects of the deontological and teleological factors explained 35 percent of the variance in an individual's moral judgment about online privacy. Contrary to expectations, organizational identification did not moderate these two effects. However, the interaction of all three factors was significant, both practically and statistically. © 2001 IEEE.","RAYYAN-INCLUSION: {""julius.fenn""=>""Excluded""}",,
rayyan-800531624,College Students' Perceptions of Moral Intensity in Sales Situations,2009,12,25T12:47:35Z,,,,,,"Silver, L and Valentine, S",,en,,,"The accreditation agency for collegiate business schools (AACSB) has recently placed increased emphasis on teaching ethics to undergraduate and graduate business students. This study highlights the varying perceptions of moral intensity among 105 demographically diverse college students. Results indicate that gender and age were determining factors, with women perceiving greater moral intensity in marketing scenarios than men, and older students perceiving greater moral intensity than younger students. Student classification and major were also factors, with graduate students perceiving greater moral intensity in questionable situations than upper and lower classmen, and business majors perceiving greater moral intensity than nonbusiness majors.","RAYYAN-INCLUSION: {""julius.fenn""=>""Excluded""}",,
rayyan-800531625,Ethical Judgments of College Students: An Empirical Analysis,2009,12,25T12:44:58Z,,,,,,"Knotts, T and Lopez, T and Mesak, H",,en,,,"A considerable body of empirical research exists regarding factors that affect ethical decisionmaking in professional situations. This article examines the ethical judgments of college students as affected by four individual factors—gender, academic major, age, and religiosity. Findings from the study suggest that gender, academic major, and one dimension of religiosity—religious commitment—significantly influence the ethical judgments of college students. On the other hand, age and a second dimension of religiosity—religious affiliation—produced insignificant results.","RAYYAN-INCLUSION: {""julius.fenn""=>""Excluded""}",,
rayyan-800531630,Speak now or forever hold your peace?: an essay on whistleblowing and its interfaces with the Brazilian culture,2013,10,19T15:50:33Z,,,,,,"Sampaio, D and Sobral, F",,noEntry,,,"Since the last decade corporate scandals have drawn public attention to the importance of whistleblowers, resulting in the creation of policies and statutes which rely heavily on whistleblowing, especially in the United States. A common assumption behind these efforts is that whistleblowing produces benefits to society at large, as it promotes a more ethical work environment. Still, little is known about many aspects of the decision to blow the whistle on a wrongful act. Particularly in Brazil, where the topic remains neglected by researchers, specific cultural elements may hinder whistleblowing behaviors and limit the generalization of findings from previous studies, which have almost always been based on Anglo-Saxon country context. By exploring this gap, this essay discusses some antecedents of internal whistleblowing and proposes a comprehensive framework which integrates organizational, individual and situational influences in order to allow for a further understanding of the phenomenon and its cultural interfaces, as well as to provide practitioners and researchers with new insights and perspectives on the topic.","RAYYAN-INCLUSION: {""julius.fenn""=>""Excluded""}",,
rayyan-800531632,"Individual Difference Variables, Ethical Judgments, and Ethical Behavioral Intentions",2007,07,16T17:58:59Z,,,,,,"Bass, K and Barnett, T and Brown, G",,en,,,"This study examined the relationship between the individual difference variables of personal moral philosophy, locus of control, Machiavellianism, and just world beliefs and ethical judgments and behavioral intentions. A sample of 602 marketing practitioners participated in the study. Structural equation modeling was used to test hypothesized relationships. The results either fully or partially supported hypothesized direct effects for idealism, relativism, and Machiavellianism. Findings also suggested that Machiavellianism mediated the relationship between individual difference variables and ethical judgments/behavioral intentions.","RAYYAN-INCLUSION: {""julius.fenn""=>""Excluded""} | RAYYAN-LABELS: EDM",,
rayyan-800531635,Developing Socially Responsible Behaviour in Managers,2014,03,25T07:31:57Z,,,,,,"Schneider, S and Zollo, M and Manocha, R",,en,,,Journal of Corporate Citizenship,"RAYYAN-INCLUSION: {""julius.fenn""=>""Excluded""}",,
rayyan-800531636,Corporate Entrepreneurs or Rogue Middle Managers? A Framework for Ethical Corporate Entrepreneurship,2004,12,02T02:05:39Z,,,,,,"Donald, K and Goldsby, M",,en,,,"Corporate entrepreneurs - described in the academic literature as those managers or employees who do not follow the status quo of their co-workers - are depicted as visionaries who dream of taking the company in new directions. As a result, though, in overcoming internal obstacles to reaching their professional goals they can often walk a fine line between clever resourcefulness and outright rule breaking. A framework is presented as a guideline for middle managers and organizations seeking to impede unethical behaviors in the pursuit of entrepreneurial activity. This paper examines the barriers middle managers face in trying to be entrepreneurial in less supportive environments, the ethical consequences that can result, and a suggested assessment and training program for averting such dilemmas. We advise companies that embrace corporate entrepreneurship: (1) establish the needed flexibility, innovation, and employee initiative and risk-taking; (2) remove the barriers that the entrepreneurial middle manager may face to more closely align personal and organizational initiatives and reduce the need to behave unethically; and (3) include an ethical component to corporate training which will provide guidelines for instituting compliance and values components into the state-of-the-art corporate entrepreneurship programs.","RAYYAN-INCLUSION: {""julius.fenn""=>""Excluded""}",,
rayyan-800531640,Sales Management’s Influence on Employment and Training in Developing an Ethical Sales Force,2007,11,01T13:54:14Z,,,,,,"Schwepker, C and Good, D",,en,,,"Because it is believed sales performance can be enhanced through ethical behaviors, increasingly, emphasis is being placed on understanding unethical behaviors among key customer-contact employees and the environment in which these sales professionals engage clients. In this context, understanding how the direct supervision of the sales force (sales managers) can shape the ethical behavior of salespeople may be a critical controllable key to understanding unethical sales behaviors that offers upper management strategic opportunities to enrich customer relationships. In this framework of understanding unethical sales behaviors, 240 sales managers were surveyed to determine their impact on unethical sales behaviors. The results indicate that although the overall ethical climate influences ethical attitudes of sales managers, importantly, these managerial attitudes impact ethical training and hiring evaluations of the sales force. Further, the positive relationship found between the ethical attitudes of sales managers and their hiring evaluation criteria affects unethical sales force behaviors. Detailed implications of the results are presented in the study. © 2007 PSE National Educational Foundation. All rights reserved.","RAYYAN-INCLUSION: {""julius.fenn""=>""Excluded""}",,
rayyan-800531641,Social media advertising: Factors influencing consumer ad avoidance,2017,10,05T03:01:19Z,,,,,,"Ferreira, C and Michaelidou, N and Moraes, C and McGrath, M",,en,,,Journal of Customer Behaviour,"RAYYAN-INCLUSION: {""julius.fenn""=>""Excluded""}",,
rayyan-800531643,Is gender inclusivity an answer to ethical issues in business? An Indian stance,2010,01,23T12:03:20Z,,,,,,"Gill, S",,en,,,"Purpose: If females are more ethical than males, as the literature on the subject generally suggests, engaging and encouraging females in their careers would certainly promote an ethical environment. The present paper is motivated by such a viewpoint and aims to investigate gender-based differences in the ethical disposition and the underlying dimensions in ethical decision-making processes, by specific examination of business students. Design/methodology/approach: The main research instrument is a quantitative questionnaire through which the responses of 162 business students (45 females and 117 males) are examined. For data analysis univariate analysis by invoking one-way analysis of variance and multivariate approach using cluster analysis are conducted to investigate gender-based differences in the ethical disposition. To determine the underlying dimensions in ethical decision-making processes, for female and male business students, the principal axis approach to factor analysis has been used. Findings: The findings provide evidence that female business students are more ethically predisposed than their male counterparts. It is further observed that males exhibit less diversity in ethical decision making while females more readily invoked different ethical dimensions for different business scenarios. Originality/value: The paper offers valuable insight into the role of gender in ethics in the context of Indian business. The fact that females appear to demonstrate greater sensitivity on ethical issues suggests that practitioners may want to use this knowledge for developing their organizational strategies, ethical codes, and evaluation systems. Further, the study also highlights the importance of realigning the curriculum in a manner that the teaching of ethics becomes an integral part of business school education. © Emerald Group Publishing Limited.","RAYYAN-INCLUSION: {""julius.fenn""=>""Excluded""}",,
rayyan-800531647,Ethical Reasoning and Equitable Relief,2007,10,03T10:11:00Z,,,,,,"Fleischman, G and Valentine, S and Finn, D",,en,,,Behavioral Research in Accounting,"RAYYAN-INCLUSION: {""julius.fenn""=>""Excluded""}",,
rayyan-800531650,Perceived Organizational Ethics and the Ethical Decisions of Sales and Marketing Personnel,2007,11,01T09:54:14Z,,,,,,"Valentine, S and Barnett, T",,en,,,"Using a scenario-based approach, this study analyzed data collected from marketers with sales backgrounds and investigated the impact of perceived organizational ethics on their ethical issue recognition, ethical judgments, and ethical behavioral intentions. The results indicated that perceived organizational ethics, which was operationalized with two separate measures, was positively related to both the ethical judgments and expressed behavioral intentions of respondents. Further, ethical issue recognition was positively associated with ethical judgments and expressed behavioral intentions, and ethical judgments were positively related to ethical behavioral intentions. The findings suggest that, in order to enhance sales professionals' ethical reasoning, organizations should focus on developing an ethical context that is relevant to the issues confronted by sales professionals in their work and that is as specific as possible with regard to these ethical dilemmas. © 2007 PSE National Educational Foundation. All rights reserved.","RAYYAN-INCLUSION: {""julius.fenn""=>""Excluded""}",,
rayyan-800531655,How Do Unethical Salespeople Sleep at Night? The Role of Neutralizations in the Justification of Unethical Sales Intentions,2013,07,03T01:23:06Z,,,,,,"Serviere-Munoz, L and Mallin, M",,en,,,"The purpose of this paper is to propose and test a model illustrating the direct effects of five techniques of neutralizations (denial of responsibility, denial of injury, denial of victim, appeal to higher loyalties, and condemning the condemner) on the ethical intentions of salespeople. A sample consisting of 157 salespeople responded to an ethical case scenario survey to reveal that two neutralizations were predominant in influencing ethical intentions: denial of injury and appeal to higher loyalties. These relationships were tested in three sales behavioral settings: sales promoting, customer relationship building and maintenance, and sales organization. A post hoc test of moderation effects were included to shed additional light on how some of the neutralizations interact with ethical judgment to impact salesperson ethical intentions. Implications for research and practice are discussed as well as directions for further research. © 2013 PSE National Educational Foundation.","RAYYAN-INCLUSION: {""julius.fenn""=>""Excluded""}",,
rayyan-800531658,Aggressive driving: A consumption experience,2011,10,10T20:06:59Z,,,,,,"Ruvio, A and Shoham, A",,en,,,"In this paper, the literature on aggressive driving tendencies as a consumption experience is reviewed. Two studies test a comprehensive model that includes personality, attitudinal, and value antecedents to such behavior. The research supports the role of most of the antecedents. However, personality and attitudinal constructs were found to be stronger predictors of aggressive driving than values. Furthermore, the paper demonstrates that aggressive driving tendencies increase incidences of law breaking. Suggestions for future research and practical implications are discussed. © 2011 Wiley Periodicals, Inc.","RAYYAN-INCLUSION: {""julius.fenn""=>""Excluded""}",,
rayyan-800531660,Making Sense of The Research on Gender and Ethics in Business: A Critical Analysis and Extension,2007,07,16T17:57:24Z,,,,,,"Robin, D and Babin, L",,en,,,Business Ethics Quarterly,"RAYYAN-INCLUSION: {""julius.fenn""=>""Excluded""}",,
rayyan-800531663,The Perceived Importance of an Ethical Issue as a Determinant of Ethical Decision-making for Accounting Students in an Academic Setting,2008,05,12T15:04:38Z,,,,,,"Guffey, D and Mccartney, M",,en,,,"In this study, we investigate the impact of an ethical decision-making construct, the 'perceived importance of an ethical issue' (PIE) for accounting students in an academic setting. One objective was to test the measure of this construct for generalizability in gauging ethical decision- making. The other objective was to draw inferences on the PIE construct for pedagogical purposes. Using tests of validity, the measure reasonably captured the 'perceived importance of an ethical issue' construct. In addition, the PIE construct was significantly related to both ethical judgment and behavioural intention. Implications for accounting educators and ethics training in business are discussed. © 2008 Taylor &amp; Francis.","RAYYAN-INCLUSION: {""julius.fenn""=>""Excluded""}",,
rayyan-800531667,The impact of sales quotas on moral judgment in the financial services industry,2002,07,28T18:57:26Z,,,,,,"Schwepker, C and Good, D",,en,,,"Because salespeople operating under an outcome-based control system are likely to be motivated by self-interest, sales quotas are believed to drive salespeople to perform unethical behavior, particularly if this behavior is deemed necessary to achieve quota. Accordingly, this article examines the relationship between perceived quota difficulty and moral judgment. Two factors potentially moderating this relationship, ethical climate and consequences for not making quota, are also considered, as well as the influence of market attractiveness and self-efficacy on quota difficulty. The analysis indicates a significant relationship between quota difficulty and moral judgment when salespeople foresee negative consequences for failing to achieve quota. Further, self-efficacy and market attractiveness affected perceived quota difficulty. Implications of the study are offered. © 1999, MCB UP Limited","RAYYAN-INCLUSION: {""julius.fenn""=>""Excluded""}",,
rayyan-800531673,Unethical Use of Information Technology: A Two-Country Study,2012,02,09T17:21:52Z,,,,,,"Chatterjee, S and Valacich, J and Sarker, S",,noEntry,,,"This paper investigates the phenomenon of unethical use of information technology (IT) by developing and testing a model that postulates multiple influencing factors of unethical IT use. Results from two studies of young adult participants in USA and Finland show that unethical IT use is primarily influenced by social (e.g., subjective norms), situational (e.g., moral intensity), and technological (e.g., technological facilitation) considerations. Differences between the two countries regarding this phenomenon also surface. The results suggest that multiple interventions at various levels may be required to combat the growth of unethical IT use, showcasing the practical significance of these research results. © 2012 IEEE.","RAYYAN-INCLUSION: {""julius.fenn""=>""Excluded""}",,
rayyan-800531681,An Islamic marketing perspective on salesperson's intentions to behave ethically,2014,02,18T07:30:40Z,,,,,,"Burki, U and Maglajlić, S",,en,,,International Journal of Social Entrepreneurship and Innovation,"RAYYAN-INCLUSION: {""julius.fenn""=>""Excluded""}",,
rayyan-800531685,Ethical Employment Context and Ethical Decision-Making in Hospitality Organizations Located in Mexico and the United States,2014,07,28T21:40:15Z,,,,,,"Valentine, S and Godkin, L and Mandabach, K",,en,,,"This study determined how perceptions of an ethical employment context and location of employment (U.S. vs. Mexico) were related to ethical decision-making. Using a questionnaire, information was collected from individuals working for hospitality organizations in the United States and Mexico. The results indicated that a stronger perceived ethical employment context was associated with increased perceptions that an ethical issue was important. In addition, being employed in Mexico and stronger ethical issue importance were associated with an increased ethical judgment. A stronger ethical judgment was also associated with an increased ethical intention. Managerial implications, limitations, and research suggestions are discussed. Copyright © Taylor &amp; Francis Group, LLC.","RAYYAN-INCLUSION: {""julius.fenn""=>""Excluded""}",,
rayyan-800531686,Perceptions of real estate agents on the role of professional training in ethical decision making,2014,02,07T12:30:11Z,,,,,,"Tesfom, G and Birch, N and Tessema, M",,en,,,"The purpose of this paper is to investigate the perceptions of the real estate agents on the role of the pre and post licensing training in enabling them to evaluate potential ethical conflicts in their work environment. The findings in this research indicate that real-estate agents/brokers perceive pre-post licensing ethical training as helpful in avoiding obstacles to moral awareness, moral action and developing moral intention. However, the findings also reveal that there is no sufficient evidence to claim that real estate agents view pre-post licensing ethical training as helpful to avoiding obstacles to moral reasoning. Practical and theoretical implications are discussed extensively. Copyright © 2013 Inderscience Enterprises Ltd.","RAYYAN-INCLUSION: {""julius.fenn""=>""Excluded""}",,
rayyan-800531687,Ethical Dilemmas and Decision Making in Accounting,2014,04,11T20:35:50Z,,,,,,"Caliskan, A and Akbas, H and Esen, E",,noEntry,,,"Accountants have a crucial role to play in today's global business life as they are key providers of financial information to investors, lenders and other stakeholders of companies. They are expected to maintain records of reliable and trustworthy information and also to behave in responsibly while carrying out their professional duties. On another hand, the recent financial reporting scandals indicate that like other professions, accountants also can face ethical dilemmas and behave unethically (which has resulted in the loss of reputation for some accountants and almost damaged the profession to a serious extent). Another issue is decision making in accounting which has some ethical dilemmas, a situation requiring more than just technical competence. For this reason, an understanding of the ethical decision making environment in which accountants function is important. In this study, the importance of ethics in the area of accounting, the ethical dilemmas and ethical decision making process which accountants confront are discussed extensively in order to enable our readers to understand the issues and suggest responsible solutions for dealing with them.","RAYYAN-INCLUSION: {""julius.fenn""=>""Excluded""}",,
rayyan-800531688,An exploration of rule configuration effects on the ethical decision processes of advertising professionals,2008,04,19T08:49:31Z,,,,,,"LaFleur, E and Reidenbach, R and Robin, D and Forrest, P",,en,,,"This study explores the ethical perceptions of advertising professionals regarding two child-oriented television advertising issues: deceptive messages and host selling. Differences in ethical evaluative and decision processes are investigated for both issues, using two evaluative rules. The results indicate that variations in advertisers' ethical judgments and ethical intentions are affected by the type of rule(s) used during the evaluative process, and by the degree to which the rules are embraced. The article concludes with recommendations for advertising management and implications for future research. Copyright © 1996 by Academy of Marketing Science.","RAYYAN-INCLUSION: {""julius.fenn""=>""Excluded""}",,
rayyan-800531692,"Ethical Evaluations of Business Students in an Emerging Market: Effects of Ethical Sensitivity, Cultural Values, Personality, and Religiosity",2016,07,28T00:06:28Z,,,,,,"Kara, A and Rojas-Méndez, J and Turan, M",,en,,,"Business ethics has become a very important concern in global business and understanding the effects of various factors on ethical judgments continues to attract research and practitioner attention. Using the Multidimensional Ethics Scale (MES, Reidenbach and Robin 1988) with its five generally accepted philosophical constructs, and vignettes developed by Cohen et al. (1996), current study investigates the relationship between cultural values, personality, religiosity and the ethical sensitivity of business students. We focus on a rapidly emerging country, Turkey, whose economic environment is similar to that of the most Western nations but with a significantly different background and cultural values. Data (n&nbsp;=&nbsp;184) for the study is collected from a major university in the southeastern Turkey. Although some significant relationships are identified between ethical sensitivity and cultural values and personality, our study findings confirm that MES dimensions had the highest influence on ethical sensitivity levels of business students.","RAYYAN-INCLUSION: {""julius.fenn""=>""Excluded""}",,
rayyan-800531694,Influence of Ethics and Integrity in Peruvian Managers’ Leadership Styles: A Doctoral Research Proposal,2012,11,24T22:47:17Z,,,,,,"Cielo, J",,noEntry,,,Journal of CENTRUM Cathedra: The Business and Economics Research Journal,"RAYYAN-INCLUSION: {""julius.fenn""=>""Excluded""}",,
rayyan-800531696,Beyond justice: introducing personal moral philosophies to ethical evaluations of human resource practices,2004,12,13T12:21:35Z,,,,,,"Shultz, T and Brender-Ilan, Y",,en,,,Business Ethics: A European Review,"RAYYAN-INCLUSION: {""julius.fenn""=>""Excluded""}",,
rayyan-800531701,Ethical sensitivity of prospective fitness centre professionals: evidence from an emerging market,2013,07,23T16:25:56Z,,,,,,"Kara, A and Yildiz, S",,en,,,"Health and fitness centres are currently experiencing rapid market growth and these service providers face ethical issues that might be specific to this segment. However, literature provides limited empirical studies investigating the ethical decision making of fitness centre professionals. In order for fitness centre professionals to make more ethical decisions, they must first recognise that an ethical dilemma exists. Using the multidimensional ethical scale, this study investigates the relationship between ethical philosophies, culture and personality dimensions in measuring ethical sensitivity in ethical decision making of prospective fitness centre professionals in Turkey. Study findings indicate that ethical philosophies used by the prospective fitness centre professionals provided significant explanations for the ethical evaluations. This explanation further improved when the cultural and personality variables are incorporated into the model. Implications for the education system, industry and future research are discussed. Copyright © 2013 Inderscience Enterprises Ltd.","RAYYAN-INCLUSION: {""julius.fenn""=>""Excluded""}",,
rayyan-800531705,WILL CORPORATE GOVERNANCE AND WHISTLEBLOWING PROVISIONS IMPROVE FINANCIAL RESPONSIBILITY?,2010,02,04T14:43:08Z,,,,,,"Shawver, T",,noEntry,,,"Corporate governance is a current issue that needs to be addressed by all participants in a corporate environment; from the internal employees of the company, to the external vendors and auditors who provide products and services to the organization. This research seeks to examine corporate governance and whistleblowing characteristics of professional accountants using the Multidimensional Ethics Scale. Our results suggest that practicing accountants are unlikely to whistleblow for two earnings management situations. © Emerald Group Poblishing Limited.","RAYYAN-INCLUSION: {""julius.fenn""=>""Excluded""}",,
rayyan-800531708,The Relationship between Moral Reasoning and Plagiarism in Accounting Courses: A Replication Study,2007,10,03T10:14:47Z,,,,,,"Abdolmohammadi, M and Baker, C",,en,,,Issues in Accounting Education,"RAYYAN-INCLUSION: {""julius.fenn""=>""Excluded""}",,
rayyan-800531711,Ethical Quandaries in Business: A Study of Ethical Judgment and Ethical Intentions Through the Lens of Rest’s (1979) Ethical Reasoning Process,2021,11,23T05:07:36Z,,,,,,noEntry,,en,,,"Journal of Leadership, Accountability and Ethics","RAYYAN-INCLUSION: {""julius.fenn""=>""Excluded""}",,
rayyan-800531715,Introduction to the Special Issue on Social Contracts and Business Ethics,2013,04,18T02:02:00Z,,,,,,"Dunfee, T",,en,,,Business Ethics Quarterly,"RAYYAN-INCLUSION: {""julius.fenn""=>""Excluded""}",,
rayyan-800531719,Business Ethics in Japan and Taiwan: Relativist and Utilitarian Perspectives,2008,08,26T14:10:11Z,,,,,,"Stedham, Y and Yamamura, J and Lai, S",,en,,,"Perceptions of risk associated with an international investment decision are affected by the decision maker's understanding of ethical issues within a country. This study provides insights into the foundation for ethical judgments by investigating whether and how Japanese and Taiwanese graduate business students differ in assessing the ethical content of business scenarios. Considering cultural characteristics of the two countries, differences in ethical judgments were expected. The results show that when basing ethical judgments on relativistic and utilitarian criteria, the Japanese tend to judge the scenarios as significantly more unethical than the Taiwanese. Theoretical and practical implications of the findings are presented.","RAYYAN-INCLUSION: {""julius.fenn""=>""Included""} | RAYYAN-LABELS: excRelativism",,
rayyan-800531721,SME owner-managers as key drivers of corporate social responsibility in Uganda,2014,02,07T07:30:11Z,,,,,,"Nkiko, C",,en,,,"This paper investigates how owner-managers of small and medium-sized enterprises (SMEs) influence the manifestations of socially and environmentally responsible practices in SMEs in Uganda. Using a case-study methodology, data were collected from 30 Ugandan SMEs across various sectors. The life-history method was used to collect data over three phases using semi-structured interviews in the form of life stories with participating SME owner-managers. CSR activities in SMEs are a clear reflection of the specific owners' beliefs, desires or experiences that drive their engagement in CSR. The study ultimately reveals that understanding the individual at the heart of the SME is the basis for understanding the firm's CSR direction. The findings give a Sub-Saharan African perspective of CSR in SMEs that should be of interest to academics and practitioners working in and around the area. Further research assessing whether CSR in SMEs contributes towards development is necessary - especially from a developing-country perspective. Copyright © 2013 Inderscience Enterprises Ltd.","RAYYAN-INCLUSION: {""julius.fenn""=>""Excluded""}",,
rayyan-800531728,"A cross-cultural comparison of business ethics: cases of Russia, Slovenia, Turkey, and United States",2007,06,19T15:19:02Z,,,,,,"Hisrich, R and Bucar, B and Oztark, S",,en,,,"Presents the empirical findings regarding the ethical attitudes of business people in four culturally and economically different countries (Russia, Slovenia, Turkey, and the United States) based on the assumptions of integrative social contracts theory. Given the quality of institutions in the four surveyed countries and the quality of economic interactions, it was anticipated that the United States would rank the highest in ethical attitudes, followed by Slovenia and Turkey, and then Russia. The hypothesis was largely confirmed with some interesting, situationally induced, exceptions. © 2003, MCB UP Limited","RAYYAN-INCLUSION: {""julius.fenn""=>""Included""} | RAYYAN-LABELS: excRelativism",,
rayyan-800531729,"Development of the Ethical Evaluation Questionnaire: A Machiavellian, Utilitarian, and Religious Viewpoint",2017,03,13T18:48:12Z,,,,,,"Toker, A",,noEntry,,,European Journal of Educational Research,"RAYYAN-INCLUSION: {""julius.fenn""=>""Included""} | RAYYAN-LABELS: excMixedScales",,
rayyan-800531732,Fear appeals in anti-smoking advertising: How important is self-efficacy?,2012,10,11T15:25:45Z,,,,,,"Manyiwa, S and Brennan, R",,en,,,"Fear appeals are frequently used in anti-smoking advertising. The evidence on the effectiveness of fear appeals is mixed, and in some studies strong fear appeals have been found to reinforce the undesirable behaviour. Individual self-efficacy may play a role in moderating the effects of fear appeals. In advertising contexts where the intention was to encourage socially desirable behaviours, it has been shown that greater self-efficacy is associated with a more positive response to fear appeals. Similarly, in such contexts, the perceived ethicality of a fear-appeal advertisement appears to be positively related to self-efficacy. The purpose of this article is to examine the relationship between self-efficacy, perceived ethicality, and the impact of advertising on behavioural intentions in a context where the aim is to discourage undesirable behaviour, namely anti-smoking advertising. Questionnaire data were gathered from 434 respondents in London, England. Respondents with higher reported self-efficacy were found to have more favourable views of the ethicality of fear-appeal advertising, more positive attitudes towards the advertising, and stronger intentions to quit smoking. It is recommended that when using fear appeals in advertising to discourage undesirable behaviour, advertisers should incorporate messages designed to enhance self-efficacy. © 2012 Copyright 2012 Westburn Publishers Ltd.","RAYYAN-INCLUSION: {""julius.fenn""=>""Excluded""}",,
rayyan-800531733,Extremely thin models in print ads: The dark sides,2012,10,01T08:41:22Z,,,,,,"Andersen, K and Paas, L",,en,,,"To appeal to consumers as social beings, advertisers include social settings and human images in commercial messages. Extant empirical research shows that thin models are perceived as more attractive and that the use of attractive models results in higher ad effectiveness. However, this study offers empirical evidence of ‘dark sides’ of extremely thin models, such that they harm advertising performance. The negative effects of extremely thin models stem from their influence on consumers' psychological well-being, as well as their ethical judgements of the advertisement. Respondents in this study also regard an extremely thin model as less attractive than a more average model. These results suggest that organizations should reconsider the portrayal of extremely thin models in their promotional messages and, more generally, consider consumer ethics when developing marketing communication messages.","RAYYAN-INCLUSION: {""julius.fenn""=>""Excluded""}",,
rayyan-800531737,Do Individual Traits Associate with Ethical Judgment?,2015,08,31T11:39:39Z,,,,,,"Mamsori, S and Rezaee, Z and Homayoun, S and Noghondari, A",,noEntry,,,Journal of Management and Sustainability,"RAYYAN-INCLUSION: {""julius.fenn""=>""Excluded""}",,
rayyan-800531744,Ethical Decision Making in Sport Administration: A Theoretical Inquiry into Substance and Form,2016,08,10T12:10:31Z,,,,,,"Malloy, D and Zakus, D",,noEntry,,,Journal of Sport Management,"RAYYAN-INCLUSION: {""julius.fenn""=>""Excluded""}",,
rayyan-800531749,An Empirical Look at the Use of Managerial and Non-Managerial Student Subjects for Inquiries into Ethical Management,2008,01,19T12:22:28Z,,,,,,"Wyld, D and Jones, C",,en,,,"For years behavioural researchers have debated the representativeness of research studies using students as subjects. Yet, Randall and Gibson's (1990) review of methodology in business ethics research found that student samples were used in one-third of the studies. Hunt and Vitell (1986) framed the concern of student sample representativeness as follows. © 1997, MCB UP Limited","RAYYAN-INCLUSION: {""julius.fenn""=>""Excluded""}",,
rayyan-800531750,Is bribery a culturally acceptable practice in Mauritius?,2005,09,05T09:31:44Z,,,,,,"Napal, G",,en,,,Business Ethics: A European Review,"RAYYAN-INCLUSION: {""julius.fenn""=>""Excluded""}",,
rayyan-800531752,Do Audit Actions Consistent with Increased Auditor Scepticism Deter Potential Management Malfeasance?,2011,12,28T18:33:57Z,,,,,,"Chen, Q and Kelly, K and Salterio, S",,en,,,SSRN Electronic Journal,"RAYYAN-INCLUSION: {""julius.fenn""=>""Excluded""}",,
rayyan-800531760,The influence of religious commitment on consumer perceptions of closed-on-Sunday policies: an exploratory study of Chick-fil-A in the southern United States,2013,06,19T04:12:08Z,,,,,,"Swimberghe, K and Wooldridge, B and Ambort-Clark, K and Rutherford, J",,en,,,"Many businesses operate long hours that often include nights and weekends to accommodate consumers. However, a few businesses maintain a closed-on-Sunday policy and do so while still operating successfully although closed-on-Sunday policies mean forgoing potential sales hours. As most Christian faiths consider the Sabbath as a day of rest, an oft-used rationalization for the success of businesses maintaining this policy is that they must be supported by consumers with strong religious beliefs, who appreciate the message sent by the company and as a result perceive the company favorably. The purpose of this paper was to investigate whether consumers' religious commitment influences their ethical judgment of a company's closed-on-Sunday policy and to determine whether this ethical judgment impacts a company's corporate or brand image and consumer loyalty intentions. The results suggest that consumers with higher levels of intra-personal religious commitment are more likely to hold favorable ethical judgments of closed-on-Sunday corporate policies. In addition, favorable ethical judgments of closed-on-Sunday corporate policies are likely to positively influence corporate image. A more positive corporate image ultimately results in higher consumer loyalty intentions. © 2013 Taylor &amp; Francis.","RAYYAN-INCLUSION: {""julius.fenn""=>""Excluded""}",,
rayyan-800531765,THE EFFECT OF THE THEORY OF PLANNED BEHAVIOR AND THE THEORY OF ETHICS IN DIGITAL PIRACY,2019,09,26T01:23:49Z,,,,,,"KARAHAN, M and KAYABAŞI, A",,noEntry,,,Business &amp; Management Studies: An International Journal,"RAYYAN-INCLUSION: {""julius.fenn""=>""Excluded""}",,
rayyan-800531767,Ethical Ideology and Ethical Judgments of Accounting Practitioners in Malaysia,2018,09,14T06:08:46Z,,,,,,"Ismail, S and Mohd Ghazali, N",,noEntry,,,"The paper intends to explore the ethical ideology and ethical judgments of accounting practitioners in Malaysia. The objectives of this study are twofold. First, the paper intends to examine the factors that contribute to the different ethical ideology among Malaysian accounting practitioners. Second, it aims to investigate the influence of demographic factors and ethical ideology on ethical judgments of accounting practitioners. The study used Forsyth's (1980) Ethics Position Questionnaire instrument to examine the ethical ideology of the accountants and adopted ethics vignettes used by Emerson et al. (2007) to assess the ethical judgments of the respondents. From the statistical analysis, this study found that age and gender have a significant impact on ethical judgment but not on ethical ideology. In addition, idealism and relativism have a significant influence on ethical judgment, especially in a legally unethical situation.","RAYYAN-INCLUSION: {""julius.fenn""=>""Excluded""}",,
rayyan-800531770,Ethical Predisposition of Certified Public Accountants: A Study of Gender Differences,2014,11,12T15:51:48Z,,,,,,"Ariail, D and Abdolmohammadi, M and Murphy Smith, L",,noEntry,,,"Using a sample of 304 Certified Public Accountants (CPAs), this paper investigates gender differences in moral development and personal value preferences of CPAs. We used the Defining Issues Test (DIT) to measure moral development, the Rokeach Value Survey (RVS) (Rokeach, 1973) to determine value preferences, and the Musser and Orke (1992) typology to determine value type preferences. The typology analysis indicates that all CPAs in our sample prefer personal values to social values. From an overall ethical predisposition standpoint, males and females are more alike than different; yet, there were a few notable differences. Specifically, males prefer competence values and females have higher preference for moral values. For example, while male CPAs exhibit higher priorities for the competence values of imaginative and logical, female CPAs exhibit higher priority for the moral value of loving. We also find a gender effect for moral development, where female CPAs significantly outscore their male counterparts. © 2012 by Emerald Group Publishing Limited.","RAYYAN-INCLUSION: {""julius.fenn""=>""Excluded""}",,
rayyan-800531771,Determinants of Consumer Perceptions of the Ethics of Online Retailers: An Investigation Using Confirmatory Factor Analysis,2021,10,05T22:43:43Z,,,,,,"Bhattacharya, S and Sharma, R and Gupta, A",,en,,,"Though the online retailing ethics literature has been growing steadily, no research has attempted to examine the myriad aspects and concerns about the online retailers’ unethical practices and behaviours. The study aims to extend the research and re-validate the consumer perception of ethics of online retailers (CPEOR) scale in the Indian context. The methodology involves an exploratory factor analysis on a sample of 261 online shopper responses on a 7-point Likert scale. The obtained scale was then validated on a new sample of 416 users using confirmatory factor analysis. The research identifies and validates 10 factors that influence CPEOR, that is, privacy, security, non-deception, fulfilment, customer service, service recovery, fairness concerns, environmental concerns, corporate social responsibility and ethical policies. The study offers valuable insights to the managers and researchers. The study offers best practices in the different dimensions of CPEOR along with future research directions. The study provides unified and comprehensive insights on CPEOR by examining all possible dimensions of CPEOR.","RAYYAN-INCLUSION: {""julius.fenn""=>""Excluded""}",,
rayyan-800531774,General Application of the Self-protecting Theory,2017,01,21T09:21:55Z,,,,,,"Bello, A",,noEntry,,,Improving Anti-Money Laundering Compliance,"RAYYAN-INCLUSION: {""julius.fenn""=>""Excluded""}",,
rayyan-800531775,Corporate Social Responsibility,2013,08,15T15:56:59Z,,,,,,noEntry,,noEntry,,,Board Directors and Corporate Social Responsibility,"RAYYAN-INCLUSION: {""julius.fenn""=>""Excluded""}",,
rayyan-800531777,"Catastrophe risks, cat bonds and innovation resistance",2014,05,02T15:15:00Z,,,,,,"Nguyen, T and Lindenmeier, J",,en,,,"Purpose – It is essential for the welfare and growth of a society that it is able to share risk efficiently in the economy. However, extreme events have increased enormously during the last decades, so that catastrophe risks seem to become uninsurable in a free-market economy. With insurance-linked securities (ILS) or catastrophe bonds (cat bonds), the limits of insurability can be ex-tended by using the resources of capital markets worldwide. Interestingly, to date the issuers of cat bonds must guarantee excessively high returns in order to attract investors from the financial markets. Therefore, the authors aim to discuss in this paper the hypothesis that at least parts of these excessively high returns can be explained by an individual innovation resistance to cat bonds. Design/methodology/approach – In the first step, the authors examine the criteria for insurability of catastrophe risks and explore the potential reasons for lack of insurance, specifically for extreme events such as catastrophic environmental risks. The authors especially focus on the criteria which are considered to be problematic for the insurance of catastrophic events. In the next step, the authors discuss the new financial products “ILS” or “cat bonds” and analyze to what extent ILS represent an innovative opportunity to increase the insurability of catastrophe risks. Starting from the model of the consumer resistance by RAM, the authors consider different factors that can prevent the acceptance of ILS by private investors. Findings – The authors found out that catastrophe risks do not really fulfil important actuarial criteria in order to be insurable. Thus, insurance exists only if risk can be transferred, not only to reinsurance companies but also to capital markets (through securitization or catastrophe options). In line with Ram's seminal model of consumer resistance, the authors assume that product-related, diffusion mechanism-related and psychographic factors influence individuals' resistance to cat bonds. In particular, the authors expect that perceptions of immorality influence private investors' decision-making. Within this context, Robin and Reidenbach's “Multi-dimensional ethics”-scale represents a possibility to assess perceptions of immorality. Originality/value – In this paper, the authors provide a new approach to explain the excess spreads on cat bonds versus comparable corporate bonds. These abnormal high turns from cat bonds have been subject of intensive research in the last decade. To date, the insurance literature has identified “novelty premium”, “market size” and “cliff risk” as the reasons for the excess spreads. The authors assume that at least parts of these excessively high returns can be explained by an individual innovation resistance against ILS. In the authors' opinion, persuasive communication can be used to alleviate individual resistance towards ILS. The paper provides implications for management and suggestions for further research.","RAYYAN-INCLUSION: {""julius.fenn""=>""Excluded""}",,
rayyan-800531778,Millennials’ ethical ideology effects on responses to alcohol advertisements: The role of strength of ethnic identification and ethical appraisal of the ad,2017,04,10T03:34:15Z,,,,,,"Zúñiga, M and Torres, I",,en,,,"In an extension of generational theory, the present research argues that ethical ideology (i.e. idealism vs. relativism) impacts attitude toward the ad (A), attitude toward the brand (A), and purchase intention (PI). Additionally, this research examines how this relationship is mediated by the ethical appraisal of the ad and moderated by the level of ethnic identification (i.e. high vs. low). The results of this experiment provide additional evidence in support of generational theory which states that each generational cohort holds distinct ethical ideologies. Furthermore, this study identifies differences in the participants’ responses to alcohol ads resulting from their personal values (i.e. in this study we focus on strength of ethnic identification).","RAYYAN-INCLUSION: {""julius.fenn""=>""Excluded""}",,
rayyan-800531781,The Ethicality of Using Fear for Social Advertising,2010,07,07T08:52:04Z,,,,,,"Arthur, D and Quester, P",,en,,,"While a substantial body of literature has examined the effect of fear appeals in advertising, few, if any, studies have looked into the ethicality of using such threatening messages, particularly for socially desirable outcomes. In this paper, a review of the different theories of ethics leads to the development of an empirical study where the effects of using both physically and socially threatening messages to encourage juveniles to develop anti-smoking behavioural intentions were tested. Using the data collected from a convenience sample of about 250 undergraduates from the University of Adelaide, the results show that fear appeals may indeed be perceived as unethical, even when used for socially desirable purposes. Moreover, social threats were perceived as more unethical and generated less fear than physical threat, suggesting that their use may be counter productive with this type of population. Finally, ethicality did not appear to relate necessarily to change in behavioural intentions.","RAYYAN-INCLUSION: {""julius.fenn""=>""Excluded""}",,
rayyan-800531787,"AIS Security Investment to Mitigate Hacking Risk: The Role of Attitudes, Perceived Norms, and Outcomes",2019,09,11T07:32:22Z,,,,,,"Fleischman, G and Curtis, M and Valentine, S and Mohapatra, P",,en,,,"Data breaches experienced by companies such as TJX, Equifax, and Target underscore the importance of accounting information system (AIS) security protection. However, the cost of necessary security may be prohibitive, forcing CFOs to make difficult financial and moral tradeoffs. Our 2x2 randomized experiment varies both the scenario CFO’s investment decision (invest/not) and organizational outcomes (positive/negative). Participant managers judge the scenario CFO’s behavior and make intentions to invest in security themselves. Our findings indicate that perceptions about peers and society drive participant investments in AIS. We also find that as organizational outcomes move from unfavorable to favorable, participants are more forgiving of scenario CFO noninvestment gambling, display weakened moral reasoning, and conveniently alter their investment decisions in lockstep with altered perceptions about how peers and society would behave. In contrast, independent thinkers display strengthened moral reasoning and consistent investment in security patterns irrespective of outcomes.","RAYYAN-INCLUSION: {""julius.fenn""=>""Excluded""}",,
rayyan-800531789,Are women more ethical than men? Findings from three independent studies,2003,07,08T19:33:28Z,,,,,,"Loo, R",,en,,,"Re-analyses of data from Canadian samples of management undergraduates in three independent studies of ethical dilemmas, as presented in vignettes, were conducted to test the hypothesis that women are more ethical than men. Several statistically significant gender differences were found when t-tests for mean differences were used; however, the effect sizes were all small as measured by Cohen's dt-tests for gender differences across the three studies were significant. It is suggested that these findings of very few gender differences in ethical beliefs, when conservative statistical tests are used, reflect the effects of changing gender socialization and sex roles in contemporary Canadian society among other factors that de-emphasize gender differences. © 2003, MCB UP Limited","RAYYAN-INCLUSION: {""julius.fenn""=>""Included""} | RAYYAN-LABELS: excFemaleEthics",,
rayyan-800531791,Ethical Prompts and their Effects on the Individual's Evaluation of Acceptable Business Practices: Considerations for Accountants,2014,11,12T10:51:48Z,,,,,,"Black, W and White, B",,noEntry,,,"This research follows Emerson and Conroy (2004) by examining student attitudes regarding a number of ethical vignettes, and extends their research to incorporate an investigation of the effects of different ethical prompts (including the American Institute of Certified Public Accountants (AICPA) Code of Professional Conduct) on responses. We explore relationships within the responses and identify significant patterns in attitudes by gender, major, and experimental treatment. While female subjects consistently view unethical behavior less favorably, our results suggest that status as an accounting major also may lead to less acceptance of the unethical behavior portrayed in the vignettes. For example, male and female accounting students were less accepting of padding expense accounts and insider stock trading, indicating that ethical training in accounting classes may be delivering some desirable results. © 2012 by Emerald Group Publishing Limited.","RAYYAN-INCLUSION: {""julius.fenn""=>""Excluded""}",,
rayyan-800531792,Impact of materialism on consumers' ethical evaluation and acceptance of product placement in movies,2016,06,24T03:15:29Z,,,,,,"Manyiwa, S and Brennan, R",,en,,,Social Business,"RAYYAN-INCLUSION: {""julius.fenn""=>""Excluded""}",,
rayyan-800531794,Normative Perspectives for Ethical and Socially Responsible Marketing,2006,11,13T19:38:26Z,,,,,,"Laczniak, G and Murphy, P",,en,,,"This article presents a normative set of recommendations for elevating the practice of marketing ethics. The approach is grounded in seven essential perspectives involving multiple aspirational dimensions implicit in ethical marketing. More important, each basic perspective (BP), while singularly useful, is also integrated with the other observations as well as grounded in the extant ethics literature. This combination of BPs, adhering to the tenets of normative theory postulation, generates a connective, holistic approach that addresses some of the major factors marketing managers should consider if they desire to conduct their marketing campaigns with the highest levels of ethics and social responsibility. © 2006 Sage Publications.","RAYYAN-INCLUSION: {""julius.fenn""=>""Excluded""}",,
rayyan-800531796,Expanding the quality paradigm for contemporary realignment: an ethics perspective,2012,07,06T07:30:39Z,,,,,,"Babbar, S and Koufteros, X and Jayaram, J",,en,,,"Despite considerable change in the context and environment in which business transactions are conducted today, prevailing views on quality have remained relatively static. This paper provides a new perspective on quality and serves as a call for the expansion of the quality paradigm in business research, teaching, and practice so as to better align it with the environment of today. It expands the conceptualisation of quality in the context of provider-customer transactions along supply chains and presents unethical conduct as a fundamentally critical aspect of quality and customer satisfaction. Specifically, it examines the effects of unethical conduct on the quality of customer experience, creation of value, and competitiveness. It develops a framework for assessing the detrimental impact of deceitful business conduct by providers and accordingly formulates summative propositions. New and useful managerial insights are offered on how the challenges posed by unethical conduct can be effectively met. A scale for measuring deceitful practices is developed with the suggestion that it be used in association with a deceit index to determine the quality of a customer's total experience. Future research directions are also identified. Copyright © 2012 Inderscience Enterprises Ltd.","RAYYAN-INCLUSION: {""julius.fenn""=>""Excluded""}",,
rayyan-800531797,Consumer Evaluation of Target Marketing to the Bottom of the Pyramid,2013,12,18T11:45:42Z,,,,,,"Gupta, S and Pirsch, J",,en,,,"Bottom of Pyramid (BOP) research has emphasized how marketing to the world's poor is profitable for companies and can generate significant revenue growth. But marketing targeting BOP consumers can also do harm, creating ethical concerns over exploitative marketing practices. This article measures the ethical evaluation by the average (non-BOP) consumer of target marketing to the BOP, and measures the consumer's willingness to take action against the company when it is marketing unethically. Findings show that non-BOP consumers do not consider companies to be ethically wrong in marketing to the BOP, provided marketing practices are evaluated as fair for BOP consumers. However, non-BOP consumers will take action against companies perceived to be marketing unethically to BOP consumers. © 2014 Copyright Taylor and Francis Group, LLC.","RAYYAN-INCLUSION: {""julius.fenn""=>""Excluded""}",,
rayyan-800531798,The Role of Religiosity in Ethical Decision-Making at the Workplace: Focus on Islam,2017,11,01T03:22:03Z,,,,,,"Sulaiman, R and Toulson, P and Brougham, D and Lempp, F",,en,,,"Religiosity has been identified as one of the factors that affects individuals’ ethical decision-making. While many studies have focused on religiosity’s impact to ethical behaviour, the reasons behind this impact are diverse in the literature. Using a quantitative approach with the focus on Islamic religiosity, this paper presents ongoing Ph.D. research that examines several factors in behaviour at work, which could be affected by Islamic religiosity. The hypothesis is that religiosity mediates factors such as moral judgment, perceived importance of ethical issues, ego strength, conscience, and the intention to positively impact ethical decisions in the workplace. The survey designed for this Ph.D. research has been pilot tested on 22 Muslims working in Malaysia, and the results of this pilot study support the use of the instrument on a main sample to test the hypothesis.","RAYYAN-INCLUSION: {""julius.fenn""=>""Excluded""}",,
rayyan-800531800,“Holier-than-thou” perception bias among professional accountants: A cross-cultural study,2011,09,21T18:35:47Z,,,,,,"Patel, C and Millanta, B",,en,,,"Theoretical conceptions of culture in accounting research are controversial, ranging from highly deterministic, quantified and componential perspectives (such as Hosfstede's five dimensional model) to those that suggest continual changes in cultural values brought about by forces of acculturation. This paper makes a contribution to cross-cultural accounting research by examining the influence of competing theoretical perspectives of culture and acculturation on “holier-than-thou” perception bias. “Holier-than-thou” perception bias leads to individuals perceiving themselves as acting more ethically than comparable others when confronted with ethically uncertain work-related behaviours. This study contributes to cross-cultural accounting research by surveying Australian and Indian professional accountants from big four accounting firms. We firstly seek to establish the prevalence of “holier-than-thou” perception bias in both cultural settings. Secondly, we examine the differential and competing influences of culture and acculturation on perceptions of accountants from the two countries on measures of this bias. Data was collected through a survey questionnaire administered to samples of senior accountants from the big accounting firms in Australia and India. The questionnaire comprised an auditor-client conflict and two whistle-blowing scenarios and used two questions to measure the magnitude of the bias. The results show that “holier-than-thou” perception bias exists among accountants within each of the two countries. However, the magnitude of the bias was not significant between the countries. The results support the theory of acculturation in big accounting firms. Our findings have implications for accounting research where the presence of “holier-than-thou” perception bias needs to be considered in cases where respondents are questioned on socially sensitive issues. The findings may be useful to accounting researchers, managers of multinational enterprises in general, and big-four accounting firms in particular. Our conceptual framework applied in this study is innovative and provides a template for assessing current controversies in cross-cultural accounting research.","RAYYAN-INCLUSION: {""julius.fenn""=>""Excluded""}",,
rayyan-800531801,Ethical behavior,2015,03,06T14:08:44Z,,,,,,"Brown, S and Miller, A and Bell DeTienne, K",,noEntry,,,"Business ethics researchers often investigate elements incident to ethical or unethical behavior, such as dispositional factors or social influences. Measuring the behavior itself, ethical or not, can also provide valuable insight. The measures outlined in this chapter have been used to measure individuals’ ethical and unethical behavior, particularly in the context of organizations. Behavioral ethics, as a field, seeks to “explain individual behavior that occurs in the context of larger social prescriptions” (Trevi-o, Weaver, and Reynolds, 2006, p._952). But determining which behaviors count as “ethical” is a persistent quandary (Tenbrunsel and Smith-Crowe, 2008; see also the discussions in Chapters 1 and 8 of this book). To avoid the appearance of assuming or prescribing morality, scholars have generally defined specific morality-related behaviors as ethical or unethical within the context of their own studies. Trevi-o et al. (2006) wrote that existing studies draw from three categories of behavior: “unethical behavior,” such as lying, cheating, or stealing; behaviors that are “not unethical,” including honesty and obeying the law; and behaviors that “exceed moral minimums,” like whistleblowing and giving to charity (p. 952). In other disciplines, ethical behavior is even more broadly defined. Within social psychology, “the term ‘moral behavior’ has. .. been largely synonymous for. .. the terms ‘altruism,' ‘helping,' and ‘pro-social behavior’ (and sometimes fairness and honesty as well)"" (Haidt and Kesebir, 2010, p._801). Some definitions also include the nuance of intentionality. For example, Schulman (2002) defined ethical behavior as “acts intended to produce kind and/or fair outcomes” (p. 500).","RAYYAN-INCLUSION: {""julius.fenn""=>""Excluded""}",,
rayyan-800531802,The ethical dimension of project management,2008,01,07T07:36:19Z,,,,,,"Helgadóttir, H",,en,,,"As project management evolves it is faced with all the challenges of an emerging profession with regard to education, standards of practice and certification, and ethical issues. This paper uses a model of the project managers’ thinking competencies with a special emphasis on ethical thinking as a reference point to develop an approach to teaching practical ethics to project managers. It is proposed that the project management profession has now matured to the point of being willing and able to discuss and debate ethical issues, set ethical standards and guidelines and educate their members in ethics. Although ethics is a highly philosophical and complex discipline it has valuable practical methods to offer the modern project manager.","RAYYAN-INCLUSION: {""julius.fenn""=>""Excluded""}",,
rayyan-800531805,Hypernorms pull ahead: a conceptual framework of social media's impact on the integrative social contracts theory,2017,12,05T14:02:10Z,,,,,,"Zwanka, R",,en,,,"This paper reviews the potential impact of social media on Donaldson and Dunfee's integrative social contracts theory (ISCT), and the necessity of a corporate social responsibility (CSR) policy and code of ethics in a global business setting. The conceptual framework is formed through an academic review of each of these four concepts: ISCT, CSR, codes of ethics, and social media communication. The idea is that hypernorms, those ‘universal truths' in the ISCT, are becoming the leading variable in business ethical decision making; whilst cultural relativism is becoming less relevant, because of the rise of social media communication. The paper includes implications for the development of a global ethical decision-making process, including a theory that social media may have caused a need for a change in the ISCT decision-making process. The study proposes that communication changes have led to a transparency, which could potentially render cultural relativism less impactful.","RAYYAN-INCLUSION: {""julius.fenn""=>""Excluded""}",,
rayyan-800531806,A Comparative Study of the Effect of Web-Based Versus In-Class Textbook Ethics Instruction on Accounting Students’ Propensity to Whistle-Blow,2012,08,30T16:25:49Z,,,,,,"McManus, L and Subramaniam, N and James, W",,en,,,"The authors examined whether accounting students’ propensity to whistle-blow differed between those instructed through a web-based teaching module and those exposed to a traditional in-class textbook-focused approach. A total of 156 students from a second-year financial accounting course participated in the study. Ninety students utilized the web-based module whereas 66 students were instructed through a traditional teaching approach based on ethical problems presented in the textbook. Subsequently, when presented with a whistle-blowing situation, it was found that students exposed to a web-based ethics instruction module were more likely to whistle-blow than those students exposed to a traditional in-class textbook ethics instruction approach.","RAYYAN-INCLUSION: {""julius.fenn""=>""Excluded""}",,
rayyan-800531807,"Work Values, Cognitive Strategies, and Applicant Reactions in a Structured Pre-Employment Interview for Ethical Integrity",2007,03,05T01:37:27Z,,,,,,"Pawlowski, D and Hollwitz, J",,en,,,"Workplace ethics has become an increasingly important topic since the 1960s. Companies emphasize ethical behavior; schools and professional groups devote many resources to applied ethics training. However, very little research has explored the use of pre-employment selection measures to influence organizational ethics. This article describes initial construct validation of a structured ethical integrity interview. The article reviews evidence relating to cognitive and impression management strategies used when college students encounter an ethical integrity interview in a simulated job applicant setting. © 2000 by the Association for Business Communication.","RAYYAN-INCLUSION: {""julius.fenn""=>""Excluded""}",,
rayyan-800531808,Resolving ethical dilemmas: Exploring the role of moral principles,2013,02,22T18:52:38Z,,,,,,"Blais, A and Thompson, M",,noEntry,,,PsycEXTRA Dataset,"RAYYAN-INCLUSION: {""julius.fenn""=>""Excluded""}",,
rayyan-800531811,Effects of personal values on ethical judgments in an auditor-client conflict scenario: The case of Kenya,2016,12,15T14:08:16Z,,,,,,"Mbuki, J and Endrawes, M and Hellmann, A",,en,,,"This study examines the effects of personal values on ethical judgments of auditors in Kenya in relation to an auditor-client conflict scenario. It utilizes Schwartz’s (1992) personal value theory and measures ethical judgments by using both single-items and the Multidimensional Ethics Measure developed by Reidenbach and Robin (1988, 1990). The results show some significant differences in the ethical judgments of auditors in Kenya when exposed to an auditor-client conflict scenario. Specifically, auditors who rank high on values such as universalism are likely to not resolve auditor-client conflicts by acceding to clients’ wishes because they perceive such behavior as unethical. In addition, auditors who rank low on power also perceive such behavior as unethical. As such, the results provide support for a relationship between specific values and ethical judgments in the context of auditor-client conflict scenarios.","RAYYAN-INCLUSION: {""julius.fenn""=>""Excluded""}",,
rayyan-800531813,The evaluation of IT ethical scenarios using a multidimensional scale,2004,10,12T13:46:42Z,,,,,,"Ellis, T and Griffith, D",,en,,,"Concerns about the increased use and abuse of information technology have evolved into more formalized evaluations of computer ethics in many organizations. While ethical situations regarding computer usage, privacy, and ownership have been previously researched by focusing on ethics as a holistic construct, recent ethics research has produced an ethics scale which measures not one but three dimensions of ethics: moral equity, relativism, and contractualism. The purpose of this research is to extend previous research in which computer users evaluated ethics using a single item. The authors utilize a multidimensional scale that identifies the ethical rule or principle that was violated. They then compare the unidimensional scale to the multidimensional scale and discuss the tradeoffs involved in adding scale items. © 2000, Authors. All rights reserved.","RAYYAN-INCLUSION: {""julius.fenn""=>""Included""} | RAYYAN-LABELS: excApplication",,
rayyan-800531814,The Tragedy of Ethics: Why Good Organizations Do Bad Things,2021,11,24T03:06:22Z,,,,,,"Kaptein, M",,en,,,"Instead of explaining the unethical behavior of employees in terms of their bad organization (the so-called bad barrel theory), this article examines how a good organization can explain employees’ unethical behavior. The basic premise is that the more ethical an organization becomes, the higher, in some respects, is the likelihood of unethical behavior. This is due to four threaten-ing forces that become stronger when an organization becomes more ethical. Each of the forces is illustrated with two effects and each effect is ex-plained by a specific theory. This tragedy of ethics, where goodness breeds badness, opens new research directions.","RAYYAN-INCLUSION: {""julius.fenn""=>""Excluded""}",,
rayyan-800531816,Ethical Issues in the Age of the Internet: A Study of Students' Perceptions Using the Multidimensional Ethics Scale,2011,05,22T09:14:52Z,,,,,,"Williamson, S and Clow, K and Walker, B and Ellis, T",,en,,,"With business ethics a concern in society, the Multidimensional Ethics Scale (MES) has been used to study respondents' views of the ethics of various business scenarios. Given the pervasiveness of the Internet, this study seeks to offer insights into the Internet ethics of college students, a major category of Internet user, by using the MES to explore students' perspectives on questionable Internet practices involving privacy, accuracy, property, and accessibility (PAPA) issues. Results suggest students are willing to engage in questionable practices, to hold a ""buyer beware"" view of web-based activities, and to believe most others using the Internet feel similarly. Copyright © Taylor &amp; Francis Group, LLC.","RAYYAN-INCLUSION: {""julius.fenn""=>""Excluded""}",,
rayyan-800531817,THE INTENTION OF ACCOUNTING STUDENTS TO WHISTLEBLOW IN SITUATIONS OF QUESTIONABLE ETHICAL DILEMMAS,2010,02,04T14:42:32Z,,,,,,"Clements, L",,noEntry,,,Research on Professional Responsibility and Ethics in Accounting,"RAYYAN-INCLUSION: {""julius.fenn""=>""Excluded""}",,
rayyan-800531819,Philosophical Grounding of Ethics Expertise,2017,11,21T15:36:19Z,,,,,,"Frunza, A",,noEntry,,,Ethical Issues in Social Work Practice,"RAYYAN-INCLUSION: {""julius.fenn""=>""Excluded""}",,
rayyan-800531820,The ethical decision-making processes of professional auditors in the people's republic of China,2014,10,28T04:40:33Z,,,,,,"LIU, M",,noEntry,,,"This study examines the effects of organizational ethical culture, idealism, relativism and guanxi orientation on the ethical decision-making processes of professional auditors in the People’s Republic of China (PRC). It is hypothesized that auditors perceiving a positive organizational ethical culture, possessing higher (lower) degrees of idealism (relativism), and possessing lower degrees of guanxi orientation will make more ethical decisions. The findings of the study indicate that certain aspects of organizational ethical culture had a significant effect on professional auditors’ behavioural intentions, but not on their ethical judgments. Idealism had a marginally significant impact on professional auditors’ behavioral intentions, but not on their ethical judgments. Relativism did not have a significant impact on ethical judgments or behavioral intentions. Guanxi orientation had a significant effect on professional auditors’ behavioural intentions, but not on their ethical judgments. This study also explores the potential effects of demographics on PRC professional auditors’ ethical decision-making processes and the results suggest that CPA firm type (local/regional vs. international) had a significant effect on professional auditors’ behavioural intentions. The overall findings suggest that organizational ethical culture, idealism, guanxi orientation, and CPA firm type play a significant role in PRC professional auditors’ ethical decision-making processes.","RAYYAN-INCLUSION: {""julius.fenn""=>""Excluded""}",,
rayyan-800531822,"Public Accountants, Senior Accounting Students, and Non-Accounting Senior Business Majors: Comparing their Perception of Corporate Ethics and Social Responsibility",2019,02,15T19:48:24Z,,,,,,"Maiga, A",,en,,,"The purpose of this study was to analyze data collected from public accountants and students to assess differences in their perceived stakeholder and stockholder views. Paired-sample t-tests indicated that both public accountants and senior accounting students had a propensity to support the stakeholder view whereas non-accounting senior business students’ perception of the stakeholder view was not significantly different from their perception of the stockholder view. One-way ANOVA results indicated that public accountants’ perception of the stakeholder view was significantly higher than that of senior accounting students and both groups had significantly higher perceptions of the stakeholder view than non-accounting senior business students. On the other hand, non-accounting senior business students’ perception of the stockholder view was significantly higher than that of both public accountants and senior accounting students. Furthermore, senior accounting students’ perception of the stockholder view was significantly higher than that of public accountants.","RAYYAN-INCLUSION: {""julius.fenn""=>""Excluded""}",,
rayyan-800531824,The Study Of Ethical Leadership: Emerging Issues,2016,03,08T23:09:34Z,,,,,,"McKee, M",,noEntry,,,International Business &amp; Economics Research Journal (IBER),"RAYYAN-INCLUSION: {""julius.fenn""=>""Excluded""}",,
rayyan-800531825,"Moral Hazard, Ethical Considerations, and the Decision to Implement an Information System",2015,12,09T15:13:26Z,,,,,,"Tuttle, B and Harrell, A and Harrison, P",,en,,,"A decision-making study was conducted to examine the effects of moral hazard on information systems (IS) professionals' decisions whether or not to implement a system with quality problems. Moral hazard was defined as an incentive to act in one's self-interest in conflict with the organization's overall goals while being able to hide those actions through privately held information. Highly experienced IS professionals provided responses to a hypothetical decision case that revealed a tendency to implement a project with quality problems in a moral hazard situation. Their decisions, however, were strongly influenced by ethical considerations. These findings suggest that key economic constructs, such as moral hazard, apply to system implementation contexts. They also suggest that organizations can significantly moderate self-interested behavior by fostering an ethical climate.","RAYYAN-INCLUSION: {""julius.fenn""=>""Excluded""}",,
rayyan-800531828,INFLUENCE OF LOCUS OF CONTROL AND GENDER ON PROFESSIONAL JUDGMENT,2019,09,20T00:35:06Z,,,,,,"Cheisviyanny, C and Dwita, S and Helmy, H",,noEntry,,,"Purpose of this study: This study aims to prove the influence of locus of control (LoC) and gender on professional judgment. Methodology: The population was professional accountants in Padang, represented by public accountants and accounting lecturers. The sampling technique used was the purposive sampling method. Totally, 69 respondents were selected as a sample in this study. The research data was obtained through questionnaires. Data were analyzed using the independent t-test. Main Findings: The results of this study are: (1) There is no difference between male accountants and female accountants in giving judgments; (2) The second hypothesis (H) cannot be concluded, because of the great differences in sizes between both the groups; (3) There is no difference among male accountants with internal and external LoC, and female accountants with internal LoC in giving judgments. Application/Implication: The results are interesting since all the hypotheses were rejected. These findings implied that LoC and gender do not influence professional judgment because accountants have a code of ethics that guides them in making judgments. It suggests for further researches to add other variables such as culture or religiosity.","RAYYAN-INCLUSION: {""julius.fenn""=>""Excluded""}",,
rayyan-800531829,Mediating Roles of Ethical Judgments and Life Satisfaction Related to Religious Commitments and Consumer Loyalty,2021,03,15T13:08:56Z,,,,,,"Phi, H and Nguyen, P",,en,,,Journal of Southwest Jiaotong University,"RAYYAN-INCLUSION: {""julius.fenn""=>""Excluded""}",,
rayyan-800531831,The relationship between consumers' religiosity and risk perceptions surrounding the use of SNS,2013,03,22T12:41:56Z,,,,,,"Baazeem, T and Bougoure, U and Neale, L",,en,,,International Journal of Social Entrepreneurship and Innovation,"RAYYAN-INCLUSION: {""julius.fenn""=>""Excluded""}",,
rayyan-800531833,"Whistleblowing intentions among external auditors: a study on ethical judgement, locus of control and personal characteristics",2021,07,29T11:31:13Z,,,,,,"Ahmad, S and Taha, F and Yunos, R and Sanusi, Z",,en,,,"Although the issue of whistleblowing and what it uncovers are now much more prominent, not many studies have investigated the concerns about external auditors' whistleblowing intentions. Despite extensive research being done to understand the nature of whistleblowing behaviour around the world, only minimal research has been on this topic for Malaysia. A mail survey was conducted to examine selected individual (ethical judgement and locus of control) and personal characteristics (age, gender and job level) that could trigger Malaysian external auditors' whistleblowing intention. Multiple regression results indicated that only ethical judgement and job level were significantly related to whistleblowing intentions by these external auditors. Generally, this study fills to some extent the gap in the literature to further understand the impact of the variables on external auditors' whistleblowing intentions in Malaysia. Furthermore, this current study will aid researchers to understand better and be more aware of external auditors' whistleblowing behaviour.","RAYYAN-INCLUSION: {""julius.fenn""=>""Excluded""}",,
rayyan-800531835,Moral judgment in computing undergraduates,2011,03,05T12:05:27Z,,,,,,"Jagger, S",,en,,,"Purpose – The purpose of this paper is to examine whether, when teaching professional ethics, the educational interventions have any effect on improving students' moral decisions. One method often used to measure change is the well-established defining issues test – an American test based on Kohlberg's stage theory. Design/methodology/approach – Using this test, two before-and-after studies were carried out on cross-cultural cohorts of first year computing undergraduates which both received the same lectures, debates and moral-decision-making exercises. Findings – One study showed a significant increase in moral judgment whilst the other showed a decrease (although not significant). Both studies indicated mean scores far below the American averages. Research limitations/implications – As both studies involved relatively small sample sizes, the results are indicative rather than conclusive. However, they bring to light issues associated with the test, in both American and non-American research, indicating that lower than average mean scores could be due to cross-cultural and situational variations. Practical implications – The paper questions the premise of stage theory as a method for measurement within a cross-cultural context; and the usefulness of measuring one component of moral development (moral judgment) in isolation. Originality/value – The paper proposes that tests based on more discipline-specific skills, rather than stage theory, would be of greater use in evaluating student levels of moral development. © 2011, Emerald Group Publishing Limited.","RAYYAN-INCLUSION: {""julius.fenn""=>""Excluded""}",,
rayyan-800531837,Interactive Narratives for Profiling Ethics Orientation,2018,08,06T12:23:56Z,,,,,,"Santos, C and Khan, V and Markopoulos, P",,noEntry,,,"Two-dimensional1 arrays of bi-component structures made of cobalt and permalloy elliptical dots with thickness of 25 nm, length 1 μm and width of 225 nm, have been prepared by a self-aligned shadow deposition technique. Brillouin light scattering has been exploited to study the frequency dependence.","RAYYAN-INCLUSION: {""julius.fenn""=>""Excluded""}",,
rayyan-800531839,Ethical Considerations in Project Management Research,2021,03,05T13:39:40Z,,,,,,noEntry,,noEntry,,,"Designs, Methods and Practices for Research of Project Management","RAYYAN-INCLUSION: {""julius.fenn""=>""Excluded""}",,
rayyan-800531840,A moral pespective of the 150-hour requirement,2003,05,12T19:55:41Z,,,,,,"Riordan, D and Sullivan, M",,en,,,"In January 1988, the membership of the American Institute of Certified Public Accountants (AICPA) approved all six proposals that constitute the Plan to Restructure Professional Standards. Proposal VI of that plan proposed the adoption of a requirement that, after the year 2000, applicants for AICPA membership have at least 150 college-level semester hours, including a bachelor's degree or its equivalent. The additional educational requirement has widespread public policy implications as accounting educators provide or plan to provide an additional year of education for students preparing to enter the profession. Self-regulated professions, like accounting, have a major influence in deciding what good they serve and how they serve it. Moral responsibility requires accounting professionals and educators to question whether the requirement truly serves the public interest.","RAYYAN-INCLUSION: {""julius.fenn""=>""Excluded""}",,
rayyan-800531842,Prospective Teachers’ Attitudes toward Whistle-Blowing According to Type of Intelligence,2013,05,27T12:39:58Z,,,,,,"Gökçe, A",,noEntry,,,"This study inquires differences of whistle-blowing intentions between first and the last year student teachers through three scenarios in terms of their assumed types of intelligence. Ethical awareness with underlying reasoning of the students was investigated; and possible intentions of the students to whistle-blow were examined. The survey was conducted among 291university students. While overall ethical awareness of the students with verbal intelligence was higher than the students with mathematical intelligence in one scenario, any difference was found between the 1 and 4 year students. Besides, 1 year students' intentions for internal, external, and identified reporting are higher than the 4 year ones. Mathematical intelligence did not make any difference between the students' intentions to blow whistle. There is not any intention for examining whistle-blowing it in education and any evidence on the relationship between it and intelligence types in the literature. This paper is expected to contribute the literature.","RAYYAN-INCLUSION: {""julius.fenn""=>""Excluded""}",,
rayyan-800531846,Resistance against corporate misconduct: an analysis of ethical ideologies’ direct and moderating effects on different forms of active rebellion,2017,08,09T06:09:54Z,,,,,,"Andersch, H and Lindenmeier, J and Liberatore, F and Tscheulin, D",,en,,,"Consumer resistance against corporate wrongdoing is of growing relevance for business research, as well as for firms and non-governmental organizations (NGOs). Considering Fournier’s (1998) classification of consumer resistance, this study focuses on boycotting, negative word-of-mouth (WOM), and protest behavior, and these behavioral patterns can be assigned to the so-called “active rebellion” subtype of consumer resistance. Existing literature has investigated the underlying motives for rebellious actions such as boycotting. However, research offers little insight into the extent to which motivational processes are regulated by individual ethical ideology. To fill this gap in existing research, this study investigates how resistance motives and ethical ideology jointly influence individual willingness to engage in rebellion against unethical firm behavior. Based on a sample of German residents, PLS path analyses reveal direct effects of resistance motives, counterarguments, and ethical ideologies as well as moderating effects of ethical ideologies, which vary across different forms of rebellion. First, the results indicate that relativism (idealism) is more relevant in the context of boycott participation and protest behavior (negative WOM). Second and contrary to previous findings, this study reveals a positive effect of relativism on behavioral intentions. Third, individuals’ ethical ideologies do not moderate the effect of motivation to and arguments against engaging in negative WOM. On the contrary, the empirical analysis reveals significant moderating effects of relativism and idealism with regard to the effects of resistance motives and counterarguments on boycott and protest intention. Directions for future research and practical implications are discussed based on the study results.","RAYYAN-INCLUSION: {""julius.fenn""=>""Excluded""}",,
rayyan-800531850,ETHICAL ISSUES IN MARKETING: AN APPLICATION FOR UNDERSTANDING ETHICAL DECISION MAKING,2015,03,16T14:14:02Z,,,,,,"Parıltı, N and Külter Demirgüneş, B and Özsaçmacı, B",,noEntry,,,İktisadi ve İdari Bilimler Dergisi,"RAYYAN-INCLUSION: {""julius.fenn""=>""Excluded""}",,
rayyan-800531854,Desirable ethical climates impacts on organizational effectiveness: Moderations by firm characteristics,2012,04,17T06:11:06Z,,,,,,"Kichan Park, Unknown",,noEntry,,,AFRICAN JOURNAL OF BUSINESS MANAGEMENT,"RAYYAN-INCLUSION: {""julius.fenn""=>""Excluded""}",,
rayyan-800531857,Tackling ethical dilemmas in project management using vignettes,2002,07,26T03:06:10Z,,,,,,"Loo, R",,en,,,"While many measures address, say, marketing ethics, relatively less attention has been paid to ethical dilemmas and decision-making specifically in project management. This paper presents results from the development of a multidimensional measure of ethical dilemmas and decision-making in project management. The investigator developed three vignettes representing ethical dilemmas that could be realistically found in three phases of most projects (the planning, execution, and termination phases). Each vignette is followed by Reidenbach and Robin’s (Reidenbach RE, Robin DP. Toward the development of a multidimensional scale for improving evaluations in business ethics. Journal of Business Ethics 1990;9:639–653) 30-item response scale tapping five theories of ethics: Justice, Relativism, Egoism, Utilitarianism, and Deontology. Results from 247 management undergraduates doing project management validate the three vignettes and support this approach in stimulating heated class discussion on ethics. Recommendations are presented for trainers and project managers.","RAYYAN-INCLUSION: {""julius.fenn""=>""Excluded""}",,
rayyan-800531858,Ethical Evaluations of Accountants: An Empirical Study of Latin America and the United States,2011,12,28T12:24:59Z,,,,,,"López Paláu, S",,en,,,"Despite the amount of accounting ethics research conducted over many years, ways to improve the measurement instruments and to make them appropriate for application in other cultures or countries are still needed. In that direction, the main purpose of this study is to test a modified Multidimensional Ethics Scale (MES) to measure the ethical evaluations of Latin American and United States accountants and to determine the effects of culture and gender on the results. This study reviews the ethical evaluations of 2,297 accounting students from ten Latin American countries and the United States. The data examined was collected as part of a larger study on the ethics decision-making process. The study found important differences in the evaluative criteria between the Latin American and the United States respondents, providing new evidence to support the relationship between ethics and culture. In addition, the results provide supportive evidence to Gilligan's theory but contrary to Kohlberg's, pointing the need to new approaches to ethics research. The results suggest that individuals use multiple moral concepts simultaneously to make their ethical evaluations and adjust them according to their culture and the situation. No important differences in the evaluative criteria by gender were found in the Latin American sample suggesting that differences in ethical behavior are not due to the individuals' ethical core.","RAYYAN-INCLUSION: {""julius.fenn""=>""Excluded""}",,
rayyan-800531859,The Role of Ethical Reasoning in the Relationship Between Work Experience and Whistle-Blowing Intention,2020,04,06T15:04:25Z,,,,,,"Ab Ghani, N and Saidon, I",,noEntry,,,"The term ethical reasoning involves the cognitive process of reasoning which in turn leads to moral decision making. The aim of the study is to provide a possible explanation for the inconclusive empirical results of previous whistle-blowing studies. Using the theory of planned behavior and cognitive moral development theory as frameworks, this study examines a potential mediator of ethical reasoning in the relationship between work experience and whistle-blowing intention. Data were collected from 311 supervisors from large manufacturing companies in Malaysia. Applying the Sobel test, the results indicate that ethical reasoning mediates the relationship between work experience and whistle-blowing intention. Implications for theory and practice of the findings are discussed.","RAYYAN-INCLUSION: {""julius.fenn""=>""Excluded""}",,
rayyan-800531862,A comment on ‘A Multidimensional Scale for Measuring Business Ethics: A Purification and Refinement’,2005,06,28T22:27:25Z,,,,,,"Reidenbach, R and Robin, D",,en,,,"This comment is offered in response to Hansen's ""A Multidimensional Scale for Measuring Business Ethics: A Purification and Refinement"". Five issues arising from Hansen's purification and refinement efforts are addressed. These include the issues of parsimony, predictive validity, collinearity, reliability, and what we see as a confusion between normative and positive theory. © 1993 Kluwer Academic Publishers.","RAYYAN-INCLUSION: {""julius.fenn""=>""Excluded""}",,
rayyan-800531865,Areas and needs in ecotourism research.,2009,11,16T18:23:31Z,,,,,,"Fennell, D",,noEntry,,,"This paper explores some important issues that the ecotourism research confronts. Some observations are presented regarding the state of ecotourism research. Research identified as being of relevance to understanding ecotourism include: the social traps theory; ethics; values; attitudes; impacts; carrying capacity and norms; Machiavelli's social-personality theory; and animal-human interactions. It is suggested that various research theories, techniques and approaches will add value to ecotourism investigation. Addressing the pressing issues that confront the ecotourism industry is recommended, as well as finding commonalities between applied and theoretical research, using natural and social investigative means.","RAYYAN-INCLUSION: {""julius.fenn""=>""Excluded""}",,
rayyan-800531866,"Sustainable development and technology: genetic engineering, social sustainability and empirical ethics",2008,04,23T07:30:17Z,,,,,,"Small, B",,en,,,"Sustainability models are analysed and the ontological relationship between the dimensions of sustainability are discussed. A sustainable values framework generated from some New Zealand research is presented. The focus is then narrowed predominantly to social sustainability and technological development. It may be argued that in democratic societies the science community and the government have a duty to take into account the attitudes, values and beliefs of the public, regarding development of Promethean technologies. However, attitudes, values and beliefs about technologies evolve and change across time, place and culture. Different stakeholder groups may contest sustainable development of a new technology in at least two different ways: firstly, facts regarding the effects of the technology may be disputed (i.e. the science is contested) and; secondly, normative values regarding the technology and its applications may also be contested. Copyright © 2007 Inderscience Enterprises Ltd.","RAYYAN-INCLUSION: {""julius.fenn""=>""Excluded""}",,
rayyan-800531873,Pemikiran Moral dan Faktor-Faktor Pribadi Mahasiwa terhadap Perilaku Moral,2017,10,02T06:27:24Z,,,,,,"Widyastuti, T and Ariani, M",,noEntry,,,Jurnal Bisnis dan Manajemen,"RAYYAN-INCLUSION: {""julius.fenn""=>""Excluded""}",,
rayyan-800531876,Some theoretical and methodological suggestions for studies examining accountants' professional judgments and earnings management,2013,10,30T14:15:48Z,,,,,,"Heinz, P and Patel, C and Hellmann, A",,en,,,"The objective of this paper is to provide theoretical and methodological suggestions to guide future research on the controversial topics of accountants' professional judgments and earnings management. Based on an evaluation of prior research, this paper provides four suggestions. First, it is suggested that a focus on the influence of personality variables is likely to provide sharper insights into judgments of individuals. Two relevant personality variables have been selected for this paper, namely, Construal of Self and Regulatory Focus Theory. Both Construal of Self and Regulatory Focus Theory have been, primarily in psychology literature, proven as valid and relevant for judgments, decisions and behavior. Second, prior literature conducted studies on earnings management and ethical issues to a large extent in the United States, often assuming that findings are generalizable and transferable to other countries. Given the importance of contextual factors and of gaining insights from global perspectives, the examination of nations with different contextual environments and particularly of countries in which ethical issues have not been rigorously examined, is suggested. Third, prior research has largely relied on simplistic unidimensional ethics measures that are unlikely to capture the complexity of accountants' professional judgments. It is suggested that a combination of a unidimensional measure and ‘Multidimensional Ethics Measure’ (MEM) provides richer insights into judgments. Fourth, this paper also suggests measuring “holier-than-thou” perception bias. “Holier-than-thou” perception bias means that individuals consider themselves as more ethical than their peers. This bias is important because it may foster an unethical organizational culture. Some of the suggestions included in this paper may provide useful guidance for future studies examining accountants' professional judgments and earnings management.","RAYYAN-INCLUSION: {""julius.fenn""=>""Excluded""}",,
rayyan-800531878,Dissatisfaction and Profile of Dissatisfied Consumers: A Case Study of Mobile Telecommunication Network Consumers in Nigeria,2020,04,17T14:46:39Z,,,,,,"Hilary Chinedu, A and Azizah Haron, S and Osman, S and Faith Hayatu, H",,noEntry,,,International Journal of Business and Management,"RAYYAN-INCLUSION: {""julius.fenn""=>""Excluded""}",,
rayyan-800531882,Can Marketing Ethics Create Market Competitive Advantage? An Empiric Test Based on Value Engineering,2012,01,06T16:47:15Z,,,,,,"Li, Z and Zhao, Y and Zhou, X",,noEntry,,,"With the arising customer conscience of rights and increasing market competition, companies must pay more attention to the moral constraints of their marketing tactics so as to develop sustainable and friendly relational marketing. But, what is exactly the relationship between marketing ethics conducts and company's market performance? This research, based on the empiric analysis of value engineering, explores the relation between ""Marketing Ethics"" and ""Market Performance"". The research, proposing 4 hypotheses between ""Marketing Ethics"" and ""Market Performance"", demonstrates that trustworthy conducts, social responsibility conducts and fair competition conducts have positive impacts on company's market performance, and that the trust-worthy conducts have a remarkable impact on market performance. But impact of the ethics conducts of promotion tactics on market performance is not confirmed. Furthermore, the research further develops the management suggestions for upgrading the marketing ethics and the prospective for future studies on the subject. © 2011 IEEE.","RAYYAN-INCLUSION: {""julius.fenn""=>""Excluded""}",,
rayyan-800531885,Some Cross-Cultural Evidence on Whistle-Blowing as an Internal Control Mechanism,2008,04,11T23:40:49Z,,,,,,"Patel, C",,en,,,Journal of International Accounting Research,"RAYYAN-INCLUSION: {""julius.fenn""=>""Excluded""}",,
rayyan-800531887,Whistle-Blowing Intentions of Prospective Teachers: Education Evidence,2013,07,30T11:56:34Z,,,,,,"Toker Gökçe, A",,noEntry,,,International Education Studies,"RAYYAN-INCLUSION: {""julius.fenn""=>""Excluded""}",,
rayyan-800531889,Exploring the Role of Contextual Integrity in Electronic Medical Record (EMR) System Workaround Decisions: An Information Security and Privacy Perspective,2017,11,22T02:27:33Z,,,,,,"Burns, A and Unknown, Unknown and Young, J and Roberts, T and Courtney, J and Ellis, T and Unknown, Unknown and Unknown, Unknown and Unknown, Unknown and Unknown, Unknown",,noEntry,,,"Many healthcare providers in the US are seeking increased efficiency and effectiveness by rapidly adopting information technology (IT) solutions such as electronic medical record (EMR) systems. Legislation such as the Health Information Technology for Economic and Clinical Health Act (HITECH), which codified the adoption and “meaningful use” of electronic records in the US, has further spurred the industry-wide adoption of EMR. However, despite what are often large investments in EMR, studies indicate that the healthcare industry maintains a culture of system workarounds. Though perhaps not uncommon, the creation of informal workflows among healthcare workers is problematic for assuring information security and patient privacy, particularly when involving decisions of information management (e.g., information storage, retrieval, and/or transmission). Drawing on the framework of contextual integrity, we assert that one can often explain workarounds involving information transmissions in terms of trade-offs informed by context-specific informational norms. We surveyed healthcare workers and analyzed their willingness to engage in a series of EMR workaround scenarios. Our results indicate that contextual integrity provides a useful framework for understanding information transmission and workaround decisions in the health sector. Armed with these findings, managers and system designers should be better able to anticipate healthcare workers’ information transmission principles (e.g., privacy norms) and workaround patterns (e.g., usage norms). We present our findings and discuss their significance for research and practice.","RAYYAN-INCLUSION: {""julius.fenn""=>""Excluded""}",,
rayyan-800531892,Transitory or Persistent? The Effects of Classroom Ethics Interventions: A Longitudinal Study,2009,04,15T14:00:35Z,,,,,,"Welton, R and Guffey, D",,en,,,"This paper examines whether an ethics intervention administered during a graduate course in accounting is effective and, if effective, whether the observed moral reasoning gains are transitory or persistent. An established test instrument, Accounting Defining Issues Test (ADIT), was used to assess the effectiveness of the intervention. The students completed the ADIT at the beginning of the term prior to the intervention and again at the end of the term. They repeated this task three years after the intervention and completion of the course. The results of this study indicate that gains in moral reasoning ability are persistent, and are not diminished when students accept professional responsibilities. These findings suggest that an appropriately designed ethics intervention, whilst fostering persistent gains in moral reasoning ability, also may be used as a professional ethics socialization tool. © 2009 Taylor &amp; Francis.","RAYYAN-INCLUSION: {""julius.fenn""=>""Excluded""}",,
rayyan-800531895,Corporate Sponsorships in Schools: Altruism and Ethical Judgments,2016,12,05T18:09:15Z,,,,,,"Bakir, A and Blodgett, J and Salazar, R",,en,,,"Over the last several years corporate sponsorships have become prevalent within the U.S. K–12 school system. For corporations, sponsorships can be an effective method for targeting young consumers. For schools, corporate sponsorships are an opportunity to replace state funding that has been lost since the 2007 financial crisis. However, many people have voiced concerns about the ethicality of corporate involvement in schools. Accordingly, the purpose of this quasi-experimental study was to examine parents’ views of corporate-school sponsorships. Results indicate that altruism is a key factor; that is, sponsorships that provide direct benefits to students are viewed more favorably, and that parents who are critical of children's advertising tend to view corporate-school sponsorships less favorably.","RAYYAN-INCLUSION: {""julius.fenn""=>""Excluded""}",,
rayyan-800531899,Predictors of Complain Behaviour among Mobile Telecommunication Network Consumers,2017,01,16T20:29:33Z,,,,,,"Chinedu, A and Haron, S and Osman, S",,noEntry,,,International Journal of Marketing Studies,"RAYYAN-INCLUSION: {""julius.fenn""=>""Excluded""}",,
rayyan-800531901,An application of artificial neural networks in evaluating business ethics: an exploratory study,2002,11,19T12:08:17Z,,,,,,"Mahmood, M and Sullivan, G and Ray-Lin Tung, Unknown",,noEntry,,,"Stimulated by the proliferation of a number of scandalous incidents, concerns about business ethics have increased signifcantly over the last decade. As such, research studies have fomed on developing theoretical and empiricalfouurations for understanding ethical decision making. Empirical studies have, however, used traditionalquantitativeanalytictook such asregression or discriminant analysis to investigate ethical issues. With the increased emphasis on ethics in organizations, more advanced took;are needed. In this exploratory research, a new approach to classifling, categorizing and analyzing ethical decision sinrations is presented. A comparative performance analysis of artjkiul neural networks, MDA and the chance approach indicated that arti$icial neural networks are betterpredictors in both training and testing phases. While some limitations of this approach were noted, in the field of business ethics, these networks possess considerable potential as an alternative to traditional analytic took like MDA.","RAYYAN-INCLUSION: {""julius.fenn""=>""Excluded""}",,
rayyan-800531903,A Study of the Influence of Moral Sensitivity on Corporate Performance,2014,12,23T07:43:45Z,,,,,,"邓, 丽",,noEntry,,,Advances in Psychology,"RAYYAN-INCLUSION: {""julius.fenn""=>""Excluded""}",,
rayyan-800531905,Can ethics be taught?,2005,08,02T15:22:35Z,,,,,,noEntry,,en,,,Nature,"RAYYAN-INCLUSION: {""julius.fenn""=>""Excluded""}",,
rayyan-800531908,Tourism and Applied Ethics,2014,11,19T09:22:12Z,,,,,,"Fennell, D",,en,,,"This paper argues that the field of applied ethics, in association with its theoretical counterpart, must be used more extensively by tourism researchers and those working in the field in order to address many of the pressures and dilemmas brought about by the operations of the tourism industry. The presentation (i) explores a number of normative ethical theories which may be applied to tourism industry situations; (ii) briefly examines the organizational structure of agencies involved in environmental and business ethics as models for the development of similar bodies in tourism; and (iii) develops a conceptual framework which links tourism interactions with ethics and impacts. It is further maintained that, on the basis of the use of applied ethics by other disciplines (e.g., business and medicine), it is not so much a question of whether applied ethics will be incorporated into the mainstream of tourism research and education, but rather when.","RAYYAN-INCLUSION: {""julius.fenn""=>""Excluded""}",,
rayyan-800531909,Ethical dimension of Russian and American entrepreneurs,2002,11,22T02:43:51Z,,,,,,"Hirsrich, R and Gratchev, M",,en,,,"Given today's hypercompetitive global economy, it is important to understand the ethical attitudes and standards of entrepreneurs in the US as well as in the other parts of the world. This study of ethical attitudes and standards is grounded in theory and previous research. One hundred and sixty-five entrepreneurs from the US and 159 entrepreneurs from Russia were surveyed using a measuring instrument containing binary response questions, scenarios and comprehensive demographic information. The study confirmed our expectations and indicated that entrepreneurs in the US and Russia are different with respect to their ethical codes and attitudes. © 2001, MCB UP Limited","RAYYAN-INCLUSION: {""julius.fenn""=>""Excluded""}",,
rayyan-800531910,Best–worst scaling: A new method for advertisement evaluation,2013,10,21T13:44:50Z,,,,,,"Massey, G and Wang, P and Waller, D and Lanasier, E",,en,,,"The evaluation and selection of advertisements with desired levels of attributes such as ethicality, likeability, humour, or information content, can be undertaken using a variety of methods. These include researchers' personal judgments, focus groups, expert panels, and ratings scale approaches. However, there is still no generally accepted systematic evaluation or selection procedure. This paper details a simple but powerful method known as ‘best–worst scaling’ (BWS) to evaluate and select advertisements on criteria of interest. BWS represents an important new tool for advertising researchers, advertising agencies and their clients, communications scholars, and policy makers to evaluate and select advertisements. This paper achieves three ends. First, it critiques existing methods of advertisement evaluation. Second, it demonstrates that BWS has greater validity than existing methods. Third, this is the first paper to present a worked example of how to use BWS, and demonstrate its use in an advertisement evaluation context. Importantly, BWS is not restricted to evaluating advertisements – it can be used to evaluate any items on criteria of interest.","RAYYAN-INCLUSION: {""julius.fenn""=>""Excluded""}",,
rayyan-800531911,Ethics and accounting education,2020,12,25T13:15:53Z,,,,,,noEntry,,noEntry,,,The Routledge Companion to Accounting Education,"RAYYAN-INCLUSION: {""julius.fenn""=>""Excluded""}",,
rayyan-800531912,Cultural Influences on Judgments of Professional Accountants in Auditor-Client Conflict Resolution,2003,03,12T06:06:37Z,,,,,,"Patel, C and Harrison, G and McKinnon, J",,en,,,"This study examines cultural influences on professional judgments of Australian, Indian and Chinese Malaysian accountants in relation to auditor-client conflict resolution. The study draws on cultural characteristics of, and differences among, these societies to formulate hypotheses that Australian accountants are less likely to resolve audit conflicts by acceding to clients than Indian and Chinese Malaysian accountants, and are also less accepting of resolving audit conflicts in this way. Data are gathered through a survey questionnaire administered to samples of senior accountants from ""big-six"" (at the time of data collection) firms in Australia, India and Malaysia. The questionnaire comprised an auditor-client conflict scenario, and used both single-item and multidimensional [specifically, the Multidimensional Ethics Measure of Reidenbach and Robin (1988, 1990)] measures of professional judgment. The results support the hypotheses about differences in Australian compared to Indian and Chinese Malaysian professional judgments. Additionally, the results support the Multidimensional Ethics Measure as having greater explanatory power than a single-item measure. The results have implications for the international harmonisation of accounting and auditing standards, and for audit procedures and codes of conduct in international accounting firms. © Blackwell Publishers Ltd. 2002.","RAYYAN-INCLUSION: {""julius.fenn""=>""Excluded""}",,
rayyan-800531913,The BOP consumer's ethical evaluation of target marketing,2015,10,14T22:20:28Z,,,,,,"Gupta, S and Pirsch, J",,en,,,Journal of Global Scholars of Marketing Science,"RAYYAN-INCLUSION: {""julius.fenn""=>""Excluded""}",,
rayyan-800531914,Cultural consumption and souvenirs: an ethical framework,2012,10,09T12:11:50Z,,,,,,"Brennan, L and Savage, T",,en,,,"Purpose: The purpose of this paper is to propose guidelines for business enterprises engaging with indigenous communities to protect their intellectual property rights, particularly indigenous art works produced for the souvenir industry. Design/methodology/approach: Literature on indigenous art and souvenirs demonstrating exploitation of indigenous communities’ intellectual property was facilitated by a lack of knowledge of how to otherwise behave. The proposed guidelines for commercial entities wishing to engage ethically with indigenous communities draws on international exemplars. Findings: A twelve-point framework for ethical commerce in indigenous souvenirs between indigenous communities and businesses is proposed to ensure populations lacking economic and social power are not disenfranchised by limited experience in a market society. Social implications: The proposed guidelines contribute to achieving reconciliation between mainstream and indigenous people in various countries throughout the world. Originality/value: This paper assists development of guidelines enabling ethical decision-making in the souvenir industry applying a critical approach to the principles of corporate responsibility.","RAYYAN-INCLUSION: {""julius.fenn""=>""Excluded""}",,
rayyan-800531915,Business Ethics in Brazil and the U.S.: Egoism and Utilitarianism,2005,07,07T21:31:14Z,,,,,,"Stedham, Y and Beekun, R and Yamamura, J",,en,,,"In this study the relationship between culture and ethical orientation is investigated. Hofstede's (1980) individualism/collectivism dimension is adopted to develop hypotheses with respect to two ethical orientations, egoism and utilitarianism. Data on ethical orientations using well accepted measures were collected in Brazil and the U.S. The results support that there is a difference in the assessment of ethical content of an action or a decision between respondents from Brazil and respondents from the U.S. In particular, applying a utilitarianism perspective to judge the ethical content of an action or a decision, respondents from Brazil are less likely to see an action or decision as unethical than the respondents from the U.S.","RAYYAN-INCLUSION: {""julius.fenn""=>""Excluded""}",,
rayyan-800531922,Pricing and International Business Ethics: Perceptions of Executives in Spain and the U.S.,2016,10,14T05:03:15Z,,,,,,"Rittenburg, T and Jones, R and Jones, K and Unknown, Unknown",,noEntry,,,Proceedings of the International Association for Business and Society,"RAYYAN-INCLUSION: {""julius.fenn""=>""Excluded""}",,
rayyan-800531923,The Effect of Individual-Organizational variable on Ethical Decision-making Process in the Organizational Context,2017,12,15T10:31:56Z,,,,,,"Nam, Mi-Jung, Unknown and Seonhwa Kwag, Unknown",,en,,,Management &amp; Information Systems Review,"RAYYAN-INCLUSION: {""julius.fenn""=>""Excluded""}",,
rayyan-800531928,A multidimensional measure in accounting ethics research,2007,03,03T18:41:08Z,,,,,,"Patel, C",,en,,,"This study contributes to accounting ethics research by providing empirical evidence and some suggestions for the selection of variables to measure ethical judgements and ethical intentions of professional accountants. The senior professional accountants from big accounting firms located in Australia, India and Malaysia were investigated to gather evidence on measures of ethical judgements and intentions on 11 dependent variables. The study specifically suggests that a combination of unidimensional and multidimentional be used to gain an insight into the complex ethical judgements and intentions of ccountants. More importantly, this study finds support for the hypothesis that the explanatory powers of the multidimensional ethics measure are greater than the unidimensional variables. This study also extends prior research by finding support for the hypothesis that social desirability response bias exists among accountants from the three countries. Furthermore, the study contributes to comparative international accounting research by showing that these suggested variables also provide useful insights into ethical judgements and intentions of accountants in countries that differ significantly in their cultural characteristics. Copyright © 2007 Inderscience Enterprises Ltd.","RAYYAN-INCLUSION: {""julius.fenn""=>""Excluded""}",,
rayyan-800531929,Management Accountants’ Professionalism and Ethics,2018,03,27T11:46:33Z,,,,,,"Thomas, S",,noEntry,,,"Using experimental scenarios, the current study suggest that the management accountants’ professional attributes social obligation, professional autonomy, professional affiliation, and professional dedication are associated with three ethical rationales that have been identified as playing important roles in ethical judgment, the perception of the ethicality of an action; moral equity, contractualism, and relativism. Understanding these issues will assist in determining the management accounting professional attributes that should be fostered in encouraging the ethical judgments of management accountants since research indicates that the moral equity and contractualism rationales are consistent with individuals at the post-conventional stage of ethical development and more ethical judgments while the relativism rationale is consistent with the conventional stage of moral development and less ethical judgments.","RAYYAN-INCLUSION: {""julius.fenn""=>""Excluded""}",,
rayyan-800531930,The Personal Selling Ethics Scale: Revisions and Expansions for Teaching Sales Ethics,2011,03,16T05:36:38Z,,,,,,"Donoho, C and Heinze, T",,en,,,"The field of sales draws a large number of marketing graduates. Sales curricula used within today's marketing programs should include rigorous discussions of sales ethics. The Personal Selling Ethics Scale (PSE) provides an analytical tool for assessing and discussing students' ethical sales sensitivities. However, since the scale fails to address many ethical issues within the personal selling process, it should be revised. The current research assessed the PSE's content validity via a content analysis of today's university sales texts, popular press sales books, and codes of ethics. Results of the content analysis were used to develop a revised scale (PSE-2) that includes new scenarios suggested by the literature search. A sample of 669 students was used to replicate the original study and test the revised PSE-2 and its new ethical scenarios. The updated scale offers marketing educators an effective tool by which to enhance sales ethics discussions. © The Author(s) 2011.","RAYYAN-INCLUSION: {""julius.fenn""=>""Excluded""}",,
rayyan-800531931,The effect of Twitter on sports fans' information processing: an analysis of the controversial referee's decision in the 2012 London Olympic Games,2015,12,18T16:34:59Z,,,,,,"Lee, M and Ryu, S and Clavio, G and Lovell, M and Lim, C and Pedersen, P",,en,,,"Although Twitter is one of the fastest-growing social media platforms in the sport industry, few studies have examined how Twitter messages influence sport fans' perception levels. To examine the effects of Twitter messages and user sources, a 2 (message valences: positive or negative toward the referee's decision) × 2 (user sources: professional or non-professional) between-subjects design was employed. The results of the analyses of variance (ANOVA) revealed that Twitter messages had significant effects on sport fans' information processing. However, there were no significant user source effects on source evaluation. Professional sport journalists and non-professional writers were perceived to be equally reliable and likeable. Moreover, sport fans' cognition levels were differently shaped by types of message. Induced attitudes by the messages were transferred to the related topics.","RAYYAN-INCLUSION: {""julius.fenn""=>""Excluded""}",,
rayyan-800531932,Attitudes of Indonesian Mothers Toward Food Advertising Directed to Children,2015,03,09T19:46:28Z,,,,,,"Waller, D and Lanasier, E",,en,,,"Advertising directed toward children is a controversial issue with growing concerns from parents around the world, including emerging markets such as Indonesia. The reasons for its negative effects include that such advertising could lead to materialism, parent–child conflict, and feelings of unhappiness. In particular, advertising by food companies is a target for criticism due to concerns about unhealthy food and childhood obesity. This article reports on the findings of a number of focus groups of Indonesian mothers to obtain an indication of the mothers’ ethical judgment toward such advertising. The results identify reasons why the mothers found particular advertisements to be unethical and ways advertisements can improve their message. From the responses, some important issues are raised that would be of interest to international advertisers.","RAYYAN-INCLUSION: {""julius.fenn""=>""Excluded""}",,
rayyan-800531933,"Are travellers' perceptions sufficient in evaluating ecotour operator ethics? A case study of Tambopata Reserve, Peru",2009,02,17T07:30:15Z,,,,,,"Nowaczek, A and Smale, B",,en,,,"Most travellers assume Ecotourism operators embrace ethical practices because they rely on ecological integrity. However, pressures to maintain economic viability raise questions regarding the adherence to ethical behaviour. A self-administered questionnaire was distributed to travellers (n = 228) participating in ecotours to Tambopata Reserve, Peru, who were asked to rate the operators on six dimensions of ethical behaviour. Overall, travellers' perceptions were favourable and strongly related to satisfaction with received service. However, travellers were rarely in a situation nor on-site long enough to observe any questionable practices. The question arises whether the perceptions of travellers are effective indicators of operators' ethical behaviour. Copyright © 2009, Inderscience Publishers.","RAYYAN-INCLUSION: {""julius.fenn""=>""Excluded""}",,
rayyan-800531938,Collectivism and Bribery,2016,12,19T09:46:51Z,,,,,,"HUANG, Z and LIU, L and TAN, X and ZHENG, W and ZHANG, J",,en,,,Advances in Psychological Science,"RAYYAN-INCLUSION: {""julius.fenn""=>""Excluded""}",,
rayyan-800531942,Does feminism belong in business ethics?,2007,05,01T09:27:12Z,,,,,,"Osigweh, C and Falkenberg, L",,en,,,"Contemporary society is experiencing dramatic shifts in its expectations for business and its practices. Within the academic realm two voices of change are the ""feminist"" and ""business ethics"" perspectives; unfortunately, these two perspectives often advocate conflicting expectations for business organizations. The purpose of this article is to provide an analysis of the expectations each perspective advocates, and to draw relevant implications for future business practices. Our general conclusion is that the feminist perspective maintains a system of gender dichotomies and fails to recognize shifts in the balance of powers. In contrast, a business ethics perspective moves beyond gender issues and dichotomous systems to the recognition that contemporary society is comprised of minorities, and that the rights of all minorities must be recognized and balanced. We suggest that the feminist perspective must reposition with the rapid shifts currently occurring within our society before it can be a ""voice"" that should be listened to by business organizations. © 1995 Plenum Publishing Corporation.","RAYYAN-INCLUSION: {""julius.fenn""=>""Included""} | RAYYAN-LABELS: excFemaleEthics",,
rayyan-800531943,Informal Institutions in a Transition Economy: Does Business Ethics Matter?,2009,11,04T08:37:00Z,,,,,,"Vehovec, M",,noEntry,,,"The paper is based on the New Institutional Economic Theory, which emphasizes institutions as a vital component in the creation of wealth and economic growth. It is widely accepted that formal institutions change rapidly through political and legislative decisions. Informal institutions are deeply embedded in customs, tradition and inherited behavioral norms. Thus, change comes at a very slow pace. This research is focused on the business ethics segment of informal institutions. The paper is based on the effects of institutional changes on the position and the slope of demand curve for ethical business behavior. Business people faced with opportunity costs that influenced their behavior. Additional statistical analyses provide evidence of business ethics perception, which is more expressed in the group of managers than in the administration group. Behavior of the middle-aged population differs significantly in comparison to other groups when deciding on ethical dilemmas in real business situations. © 2001 by Berkeley Electronic Press and IES-Europe.","RAYYAN-INCLUSION: {""julius.fenn""=>""Excluded""}",,
rayyan-800531945,"Environmental Responsiveness, Individuals and Organizational Learning: SME Experience",2002,07,26T15:36:35Z,,,,,,"Petts, J",,en,,,"This paper explores the links between management and non-management attitudes to the environment and organizational responses within SMEs. It identifies the scope for, and means by which, personal attitudes can be harnessed to motivate, activate and help operationalize business responses. The paper identifies strong personal attitudes about the environment. In some more proactive companies it identifies some of the elements of organizational learning which may assist in translating attitudes into effective behaviour-including supportive management structures, training and two-way communication. However, it also identifies organizational limits in this regard. It draws parallels with management systems in relation to health and safety.","RAYYAN-INCLUSION: {""julius.fenn""=>""Excluded""}",,
rayyan-800531947,Emerging cyborg products: An ethical market approach for market segmentation,2020,05,12T16:53:32Z,,,,,,"Arias-Oliva, M and Pelegrín-Borondo, J and Lara-Palma, A and Juaneda-Ayensa, E",,en,,,"Cyborg products are already available on today's market. They are a potentially large market offering extraordinary opportunities and challenges for businesses. Becoming a cyborg involves many ethical aspects that can be explored from a consumer behavior perspective. However, while these ethical variables have been used in several market analyses, none has examined their potential use for market segmentation in disruptive markets such as the one for cyborg products. We use the Composite Multidimensional Ethics Scale (Composite MES) to explore ethical judgments regarding cyborg products in a sample of 1563 university students in seven countries. Our findings show that all ethical judgment dimensions contribute in the same way and with similar intensity to cyborg market segmentation. We identify three potential market segments. These segments exhibit different characteristics with regard not only to their willingness to become a cyborg but also to their technology acceptance analysis dimensions. We make recommendations for the ethical exploration of this emerging market.","RAYYAN-INCLUSION: {""julius.fenn""=>""Included""} | RAYYAN-LABELS: excApplication",,
rayyan-800531948,Investigating the influence of gender and religiosity on attitudes towards business ethics,2017,07,04T07:34:19Z,,,,,,"Mazzi, C and Mazzi, F and Passeri, R and Viassone, M",,en,,,Corporate Ownership and Control,"RAYYAN-INCLUSION: {""julius.fenn""=>""Excluded""}",,
rayyan-800531950,Does Auditing Deter Potentially Fraudulent Earnings Management? An Experimental Investigation,2011,12,28T18:43:04Z,,,,,,"Chen, Q and Kelly, K and Salterio, S",,en,,,"Effective audits are claimed to not only enhance the detection of fraud but also the deterrence of fraud in the first place. To focus on whether auditing has a deterrence effect separate from the detection effect, we design an experiment that isolates the deterrence effect from the detection effect. The experiment with 96 senior corporate managers features changes in audit procedures that would increase the likelihood of fraud being detected in the other divisions of the company but not in the focal manager’s division. Indeed, audit attention is reduced in the focal manager’s division due to a planned rotation in audit procedures that results in less substantive tests of details and more substantive analytical procedures in the focal manager’s division. We find that focal managers commit less potentially fraudulent earnings management in their own division when the nature of evidence collected changes towards increased probative value in the other managers’ divisions, but not when there is an increase in the extent of evidence collected employing the same audit tests. We also find that changing the nature of audit evidence collected results in more of a reduction in potentially fraudulent earnings management than the increased extent of audit evidence does, due to the auditor being perceived as more unpredictable under evidence nature changes than evidence extent changes. Overall our findings demonstrate that auditing has deterrence effects separate from an audit’s detection effects and that enhancements in deterrence are associated with the increased unpredictability of the audit procedures.","RAYYAN-INCLUSION: {""julius.fenn""=>""Excluded""}",,
rayyan-800531951,Motivations for providing CSR-mediated initiatives in mining communities of Ghana: a multiple-case study,2017,06,23T20:32:15Z,,,,,,"Boso, R and Afrane, S and Inkoom, D",,en,,,International Journal of Corporate Social Responsibility,"RAYYAN-INCLUSION: {""julius.fenn""=>""Excluded""}",,
rayyan-800531952,"Bad Apples, Bad Barrels, and the Structure of Marketing Channel Relationships: Analyses of the Propensity for Opportunism and Opportunistic Behaviors",2014,11,03T09:15:54Z,,,,,,"Ishida, C",,noEntry,,,"The theoretical frameworks of transaction cost economics and agency theory are widely used to develop appropriate control mechanisms for constraining opportunism within marketing channels. In our research, we supplement these normative theories with alternative frameworks which allow us to move from the usual dyadic-level analysis of transaction cost economics and agency theory to include contextual factors as well as individual-level characteristics. Our goal is to offer an alternative, behavioral perspective that can meaningfully inform us as to how and when opportunistic behaviors actually take place.","RAYYAN-INCLUSION: {""julius.fenn""=>""Excluded""}",,
rayyan-800531953,The Ethics of Guerilla Behavior in Early Stage Firms,2015,08,10T15:30:10Z,,,,,,"Jang, Y and Morris, M",,noEntry,,,"The need for entrepreneurs to engage in guerrilla behavior is heavily emphasized by entrepreneurship educators and practitioners. Yet such behavior often has serious ethical implications. The purpose of this study is to establish an assessment framework that provides ethical guidance to entrepreneurs engaged in guerrilla behaviors. A theoretical foundation for assessing the ethics of guerrilla behavior is established. The entrepreneurial context and how it gives rise to the need for guerrilla actions are examined. The guerilla concept is explored and criteria are outlined for labeling a given action or approach as being guerrilla in nature. Different forms or types of guerrilla approaches are introduced. Five primary ethical dimensions to be considered in evaluating a given guerrilla approach are identified. Examples are provided of how these dimensions can be applied to assess the ethics of three different successful guerrilla campaigns. An integrated matrix is introduced for use in evaluating guerrilla campaigns that consider our ethical dimensions together with leading theoretical perspectives on ethical action. Based on how a given guerrilla approach is scored when using the assessment matrix, conclusions are drawn for its appropriateness. By using a mix of the deontological, utilitarian and virtue-based frameworks, it becomes possible to determine the relative ethics of any given guerrilla action once implemented, and actions can be taken to either modify or abandon the action. Further, the concepts developed in this paper can be useful in ensuring new guerrilla actions are more ethical when they are first conceptualized or designed. Four design elements can be systematically applied to decisions that unfold as the guerrilla action is being formulated: resources and providers, disclosure, stakeholder effects, and inferences/conclusions. A number of suggestions for ongoing research are provided based on the work presented here.","RAYYAN-INCLUSION: {""julius.fenn""=>""Excluded""}",,
rayyan-800531957,Ethics of Potential New Retail Employees: Relationships Between Ethical Perceptions and Grades of Future Retail Personnel,2020,09,21T14:10:23Z,,,,,,"Burns, D",,en,,,Journal of Behavioral and Applied Management,"RAYYAN-INCLUSION: {""julius.fenn""=>""Excluded""}",,
rayyan-800531959,An analysis of the ethical frameworks and financial outcomes of corporate social responsibility and business press reporting of US pharmaceutical companies,2021,07,28T11:30:35Z,,,,,,"LaVan, H and Cook, L and Zilic, I",,en,,,"We use content analysis to discern ethical patterns of communication differences between the business press and corporate social responsibility (CSR) reports in the US pharmaceutical sector. The methodology is based on content analysis of documents in the public domain, rather than based on surveys or interviews of other empirical work, allowing for replication and transparency. The qualitative and statistical analysis of our data indicates that there are statistically significant differences between how CSR is communicated in the business press and in the CSR documents themselves. However, there was not a statistical relationship between having a formal CSR report and financial outcome as measured by return on assets. The results indicate that individuals and organisations charged with communicating the organisations' activities should be cognisant of where there are differences and should develop communication processes to assure the company is disseminating the correct message in the reporting of their CSR activities.","RAYYAN-INCLUSION: {""julius.fenn""=>""Excluded""}",,
rayyan-800531960,"A Cross-Cultural Study of Ethics: The United States, Romania, Poland, and the Czech Republic",2014,03,18T10:44:21Z,,,,,,"Rountree, M and O'Keefe, R and Chadraba, P",,en,,,"Global expansion of business into areas defined by different cultural and national environments creates the need for companies to better understand the impact of culture on business operations. Of particular importance is the role country of residence plays. Researchers argue that many cultural differences are malleable, capable of shifting to fit the corporate culture of an organization. However, additional research aimed at identifying different countries' cultural values is needed. This paper presents the results of a multi-national survey of business students identifying differences in cultural perceptions of ethical behaviors. Differences in personal versus social decision making are discussed. © 2014 Copyright Taylor &amp; Francis Group, LLC.","RAYYAN-INCLUSION: {""julius.fenn""=>""Included""} | RAYYAN-LABELS: excRelativism",,
rayyan-800531961,"Managing managers across cultures: different values, different ethics",2016,01,08T23:41:04Z,,,,,,"Jackson, T",,noEntry,,,Handbook of Research on Managing Managers,"RAYYAN-INCLUSION: {""julius.fenn""=>""Excluded""}",,
rayyan-800531962,A Fire in the Global Village: Teaching Ethical Reasoning and Stakeholder Interests Utilizing Tobacco,2012,02,02T01:24:13Z,,,,,,"Dhooge, L",,en,,,Journal of Legal Studies Education,"RAYYAN-INCLUSION: {""julius.fenn""=>""Excluded""}",,
rayyan-800531964,Managers Facing Moral Dilemmas,2016,10,12T19:00:13Z,,,,,,"Kujala, J and Unknown, Unknown",,noEntry,,,Proceedings of the International Association for Business and Society,"RAYYAN-INCLUSION: {""julius.fenn""=>""Excluded""}",,
rayyan-800531965,Client-side project management capabilities: dealing with ethical dilemmas,2014,08,21T07:09:56Z,,,,,,"Walker, D and Lloyd-Walker, B",,en,,,"Purpose – The purpose of this paper is to present results and analysis from a case study on ethical dilemmas faced by client-side project management employees of a large Australian University. Design/methodology/approach – A single case study approach was adopted using the property services division's experience of potential ethical dilemmas that staff were exposed to as a focus for the unit of analysis. Data were triangulated by interviewing the Deputy Director of the division, a programme manager, a project manager and a client (stakeholder) with experience of dealing with the division. Each person was interviewed and the interview transcribed and analysed using grounded theory to make sense of the data. Findings – Four potential ethical dilemmas were identified: fraud/bribery/corruption; favouritism and special treatment; occupational health and safety and duty of care; and professionalism and respect for others. Leadership, governance structure and (organisational and national) culture supported initiative and independent thinking through cause-and-effect loops and consequences and this meditated and influenced how these dilemmas were dealt with. Research limitations/implications – This was just one case study in one cultural and governance setting. Greater insights and confidence in conclusions could be gained with replication of this kind of study. This study was part of a broader study of ethics in project management (PM) that consisted of eight other cases studies by others in the wider research team, also a quantitative study has been undertaken with results to be presented in other papers/reports. The main implication is that governance and workplace culture are two key influences that moderate and mediate an individuals inherent response to an ethical dilemma. Practical implications – Clients (project owners or POs) and their representatives (PORs) hold a pivotal role in ensuring that PM work takes place within an environment characterised by high ethical standards yet the authors know that all PM parties, including client-side PORs, are faced with ethical dilemmas. What do the authors mean by an “ethical dilemma” and how may POs ensure that their PORs behave ethically? This paper provides practical guidance and demonstrates how ethical dilemmas can be analysed and appropriate action taken. Social implications – Ethics in PM has profound implications for value generation through projects. Project managers need sound guidance and processes that align with society's norms and standards to be able to deliver project value so that commercial or sectarian interests do not dominate project delivery at the expense of society in general. Originality/value – This paper provides a rare example of a case study of project teams facing ethical dilemmas. The PM literature has few cases such as this to draw upon to inform PM theory and practice.","RAYYAN-INCLUSION: {""julius.fenn""=>""Excluded""}",,
rayyan-800531966,Ecotourism,2013,12,06T08:52:30Z,,,,,,noEntry,,noEntry,,,Ecotourism and Cultural Production,"RAYYAN-INCLUSION: {""julius.fenn""=>""Excluded""}",,
rayyan-800531967,Ethical Leadership in South Africa and Botswana,2017,08,12T23:15:57Z,,,,,,"Cheteni, P and Shindika, E",,noEntry,,,"This study was conducted to investigate the extent of ethical leadership practices in African public utilities, given the relatively high corruption reported in such institutions, with consequences of seriously constrained development of national economies and significant hindrance to good governance. Our aim was to establish potential benefits from ethical leadership in public sector agencies by analysing ethical leadership characteristics in the public sector from Botswana and South Africa. We measured ethical leadership perceptions utilizing a combination of scales in an attempt to encompass the larger breadth of ethical leadership scales found in the literature in order to determine how employees perceived their managers in terms of being moral people and moral managers. A total of 108 respondents completed questionnaires. Results indicate that there were significant differences between the perceptions of managers’ moral conduct. South African leaders were perceived as relatively weaker moral managers as compared to those in Botswana.","RAYYAN-INCLUSION: {""julius.fenn""=>""Excluded""}",,
rayyan-800531968,The effect of agency relationship and individual ethical ideology on decision duplication with regard to questionable accounting policy choice. An experimental study,2020,07,14T07:54:19Z,,,,,,"Maruszewska, E",,noEntry,,,Zeszyty Teoretyczne Rachunkowości,"RAYYAN-INCLUSION: {""julius.fenn""=>""Excluded""}",,
rayyan-800531969,The ethical responsibilities of marketers in retail observational research: protecting stakeholders through the ethical 'research covenant',2003,09,06T18:23:49Z,,,,,,"Kirkup, M",,noEntry,,,"The International Review of Retail, Distribution and Consumer Research","RAYYAN-INCLUSION: {""julius.fenn""=>""Excluded""}",,
rayyan-800531972,Psychological and moral determinants in accepting cheating and plagiarism among university students in Poland,2015,10,29T18:11:25Z,,,,,,"Chudzicka-Czupała, A",,noEntry,,,Polish Journal of Applied Psychology,"RAYYAN-INCLUSION: {""julius.fenn""=>""Excluded""}",,
rayyan-800531973,The Effects of National Culture on Ethical Decision-Making in the Internet Context : An Exploratory Analysis,2015,02,03T06:54:20Z,,,,,,"Yoon, C and Choi, K",,en,,,디지털융복합연구,"RAYYAN-INCLUSION: {""julius.fenn""=>""Excluded""}",,
rayyan-800531975,Effect of <i>guanxi</i> and ethical orientations on Chinese auditors' ethical reasoning,2013,09,12T12:53:15Z,,,,,,"Liu, M",,en,,,"Purpose: The purpose of this study is to investigate the effect of Chinese auditors' personal values (guanxi and ethical orientations) on their ethical reasoning (ethical judgments and behavioral intentions). In addition, this study aims to explore the joint effect of guanxi and ethical orientation on auditors' ethical reasoning. Design/methodology/approach: This study is based on a field survey of 191 auditors working in Certified Public Accounting (CPA) firms that operate in the People's Republic of China (China). Findings: The main findings indicate that guanxi and relativism orientations negatively associate with, while idealism orientation positively associates with, auditors' ethical judgments and behavioral intentions. However, when decomposing the overall ethical judgment into three judgment groups, the main effects of guanxi and ethical orientations on auditors' ethical judgments become marginal and those effects fully hold only when using acceptability as criteria to judge questionable behavior in the vignettes. In addition, the results of the joint effect of guanxi and ethical orientations indicate that guanxi orientation weakens both the positive effect of idealism and the negative effect of relativism orientations on auditors' ethical reasoning. Originality/value: This study contributes the literature by investigating the ethical reasoning of auditors in a country with a relatively weak legal system that relies on guanxi (literally, interpersonal relationships and connections) culture to operate business. Furthermore, this study extends the literature by documenting the moderating effect of guanxi orientation on the relation between auditors' ethical orientation and their ethical reasoning. © Emerald Group Publishing Limited.","RAYYAN-INCLUSION: {""julius.fenn""=>""Excluded""}",,
rayyan-800531979,Ethical Considerations in Management Research: A ‘Truth’ Seeker's Guide,2014,03,04T13:08:59Z,,,,,,"Korac-Kakabadse, N and Kakabadse, A and Kouzmin, A",,noEntry,,,Essential Skills for Management Research,"RAYYAN-INCLUSION: {""julius.fenn""=>""Excluded""}",,
rayyan-800531983,Ethical Evaluations of Business Activities and Personal Religiousnes-Abstract,2014,11,05T09:50:32Z,,,,,,"Siu, N and Dickinson, J and Lee, B",,noEntry,,,"This study examines the relationship between moral judgments of a business situation with ethical orientation and personal religiousness. Generally, ethical orientation was related to religiousness. Only the ethical philosophy of contractualism was related to religiousness, while moral equity and relativism were not.","RAYYAN-INCLUSION: {""julius.fenn""=>""Excluded""}",,
rayyan-800531985,Do changes in audit actions and attitudes consistent with increased auditor scepticism deter aggressive earnings management? An experimental investigation,2011,12,09T07:36:47Z,,,,,,"Chen, Q and Kelly, K and Salterio, S",,en,,,"Audits are claimed to not only enhance the detection of fraud but also the deterrence of fraud. This study examines whether different audit procedures and attitudes conveyed to management deter aggressive earnings management that may be fraudulent, and whether such different procedures and attitudes conveyed influence managers’ perceptions about the ethicality of any anticipated earnings management. In an experiment with 171 senior corporate managers, we find that compared to the condition where the audit proceeds the same as last year, managers anticipate that there would be less earnings management when the nature of evidence collected has increased probative value; and when the auditor conveys a more sceptical attitude via more critical inquiry combined with either an increase in the evidence extent (increased sample size) or the nature of the evidence. However, this reduction in anticipated earnings management is not found with either the increased extent of evidence collected alone or more critical inquiry alone, suggesting that a combination of action and attitude changes compared to a change in either action alone or attitude alone better signals to managers the heightened scepticism that enhances the effectiveness of auditor deterrence. We also find, after controlling for the underlying ethical disposition of managers, that the different audit procedures and attitudes conveyed to management affect managers’ perceptions of the ethicality of anticipated earnings management. Interestingly, the conditions that engender greater earnings management also paradoxically increase managers’ perceived unethicality of the anticipated earnings management. Together these findings have implications for how different changes in audit approaches may result in differential managerial responses about their intention to commit fraud and its appropriateness. This study is one of the first papers to provide experimental empirical evidence that specific audit actions conveying heightened scepticism have significant influence on managerial judgments and behaviours with respect to committing aggressive earnings management.","RAYYAN-INCLUSION: {""julius.fenn""=>""Excluded""}",,
rayyan-800531992,Consider the following scenario: “A politically connected White Western European businessman offers to smooth the way for your company to sell in his country … for a fee.”,2019,07,24T04:28:29Z,,,,,,"Eccles, N and Magagula, B",,noEntry,,,African Journal of Business Ethics,"RAYYAN-INCLUSION: {""julius.fenn""=>""Excluded""}",,
rayyan-800531994,Evaluating Ethical Awareness of Athletes About Disruptive Sport Techs: The Case of Nike Vaporfly Road Running Shoes,2021,11,18T13:31:04Z,,,,,,"de Andrés-Sánchez, J",,en,,,"The rise of Vaporfly tech (VFT) by Nike at year 2017 has supposed a disruption in long distance races. By using this kind of shoes an unexpected number of records in all standardized road distances have been broken. Scientific literature indicates that VFT improves performance, at least, in high trained athletes. This reason explains the deep ethical discussion about its use in competitions and the set of norms approved at 2020 by World Athletics regulating the use of this tech. This paper analyses how ethical factors of multiple dimension ethical scale (MES) by Reidenbach and Robin (1990) revised in Shawver and Sennetti (2009) influence the acceptance of VFT shoes. That acceptance is measured with the scale proposed by Venkatesh and Davis for intention to use a tech. Relations between variables has been fitted with a structural equation model that has been adjusted with partial least squares. So, the influence of every explanatory variable on acceptance is measured with so-called coefficient of the path (cp) whose value lies within [-1, 1] being its interpretation, the same as a correlation coefficient. We have found that relativism (cp=0.388, p&lt;0.01) and egoism (cp=0.241, p&lt;0.01) are clearly relevant ethical variables to explain acceptance of VFT shoes. Likewise, also moral equity (cp=0.12, p=0.262) and utilitarianism (cp=0.098, p=0.13) present a positive relation with attitude towards that tech. However, these relations are not significant at standard statistical levels. Likewise, we have also found that contractualism present a negative non-significant relation with intention to use Vaporfly tech (VFT).","RAYYAN-INCLUSION: {""julius.fenn""=>""Excluded""}",,
rayyan-800531998,(Un)ethical consumer behavior: Robin Hoods or plain hoods?,2008,08,16T07:46:21Z,,,,,,"Shoham, A and Ruvio, A and Davidow, M",,en,,,"Purpose This paper seeks to assess the impact of consumer ethics and their piracy attitudes on piracy behaviors. The extent of such piracy is difficult to estimate because no worldwide statistics are available, but conservative estimates indicate that it costs manufacturers billions of dollars. Design/methodology/approach The research was conducted using Israeli consumers through a structured questionnaire. Data were analyzed mostly through regression models. Findings Attitudes to piracy served as a partial mediator of the impacts of consumer morals and ethics on actual piracy. Research limitations/implications The major limitation is the use of a convenience sample and future research should replicate and extend this study using random samples. Practical implications First, firms should advertise piracy as unethical. This would result in recognition of unethical piracy behavior by some part of the population. For piracy reduction, such people should recognize the need to “balance the ethical book” within the same context of behavior. In other words, if they have pirated from a company in the past, such people should be encouraged to purchase from the same company in the future. Originality/value The paper assesses the impact of consumer ethics and their piracy attitudes and behaviors. © 2008, Emerald Group Publishing Limited","RAYYAN-INCLUSION: {""julius.fenn""=>""Excluded""}",,
rayyan-800531999,Measures of Ethicality:- the Calibration of Corporate Moral Transformations,2013,12,29T16:44:38Z,,,,,,"McCosh, A",,noEntry,,,Decision Support in Organizational Transformation,"RAYYAN-INCLUSION: {""julius.fenn""=>""Excluded""}",,
rayyan-800532000,The Effect of Moral Reasoning  Level and Emotional Intelligence on Employment Ethics Assessment of Earnings Management,2018,04,04T02:40:14Z,,,,,,"Puspawati, D and Ariani, K and Abas, N",,noEntry,,,SRIWIJAYA INTERNATIONAL JOURNAL OF DYNAMIC ECONOMICS AND BUSINESS,"RAYYAN-INCLUSION: {""julius.fenn""=>""Excluded""}",,
rayyan-800532002,Consumer Ethics and Fashion Corporate Social Responsibility -Attributions of Fashion CSR Motives and Perceptions-,2017,03,31T05:06:33Z,,,,,,"Ahn, S",,en,,,Fashion business,"RAYYAN-INCLUSION: {""julius.fenn""=>""Excluded""}",,
rayyan-800532003,Job Applicants’ Information Privacy Protection Responses: Using Social Media for Candidate Screening,2017,11,22T03:17:02Z,,,,,,"Drake, J and Unknown, Unknown and Hall, D and Becton, J and Posey, C and Unknown, Unknown and Unknown, Unknown and Unknown, Unknown",,noEntry,,,"For human resource (HR) departments, screening job applicants is an integral role in acquiring talent. Many HR departments have begun to turn to social networks to better understand job candidates’ character. Using social networks as a screening tool might provide insights not readily available from resumes or initial interviews. However, requiring access to an applicants’ social networks and the private activities occurring therein—a practice currently legal in 29 U.S. states (Deschenaux, 2015)—could induce strong moral reactions from the job candidates because of a perceived loss of information privacy. Subsequently, such disclosure requests could induce job candidates to respond in a multitude of ways to protect their privacy. Given that an estimated 2.55 billion individuals will use social media worldwide by 2017 (eMarketer, 2013), the repercussions from requests for access social media environments have potentially far-reaching effects. In this research, we examine how one such disclosure request impacted six information privacy protective responses (IPPRs) (Son &amp; Kim, 2008) based on the job candidates’ perceived moral judgment and the perceived moral intensity of the HR disclosure request. These responses occurred when we asked respondents to provide personal login information during a hypothetical interview. By modeling data derived from a sample of 250 participants in PLS-SEM, we found that the five IPPRs (i.e., refusal, negative word of mouth, complaining to friends, complaining to the company, and complaining to third parties) were all significant responses when one judged the request to be immoral and perceived the moral intensity concept of immediate harm. The amount of variance explained by these five IPPRs ranged from 17.7 percent to 38.7 percent, which indicates a solid initial foundation from which future research can expand on this HR issue. Implications for academia and practice are discussed.","RAYYAN-INCLUSION: {""julius.fenn""=>""Excluded""}",,
rayyan-800532004,The Uneasy Relationship Between the Case Study and Cross-Cultural Management,2020,06,09T17:07:45Z,,,,,,"Piekkari, R and Welch, C and Zølner, M",,noEntry,,,The SAGE Handbook of Contemporary Cross-Cultural Management,"RAYYAN-INCLUSION: {""julius.fenn""=>""Excluded""}",,
rayyan-800532005,"Antecedents of Consumer Ethical Decision-Making: A Multidimensional Analysis of Emotions, Moral Intensity, Moral Philosophies, Personal Norms, and Intrinsic Religiosity",2019,04,01T11:20:26Z,,,,,,"Escadas, M and Jalali, M and Farhangmehr, M",,noEntry,,,"Understanding how consumer ethical decision-making is formed and how ethical judgments and behaviors can be promoted is of growing interest in the marketing research agenda. Notwithstanding, there have been calls for additional research focusing on the development of integrated and more comprehensive theoretical backgrounds to improve models’ explanatory and predictive capability. Thus, this research has two main objectives: first, to test the influence of consumer emotions, moral intensity, moral philosophies, personal norms, and intrinsic religiosity on consumer ethical decision-making process and, second, to assess the relative weight of each independent construct on consumer deliberation processes involving ethical issues. Through a valid sample of 413 respondents and using 3 different ethical scenarios, results show that emotions, moral intensity, and personal norms positively influence consumer ethical decision-making. Furthermore, emotion is the dimension that most influences consumers’ ethical choices and actions, providing empirical evidence of their key role in predicting consumer ethics.","RAYYAN-INCLUSION: {""julius.fenn""=>""Excluded""}",,
rayyan-800532006,The effect of home and host country cultures on the manager's individual decision making related to ethical issues in a MNC,2010,12,21T12:30:31Z,,,,,,"Vigil, V",,en,,,"In this theoretical paper, I review the most frequently cited descriptive models of individual decision making related to ethical issues in business, marketing and international business, as well as related empirical studies. The main goal is to propose an extension of the most comprehensive model of ethical decision making by including host country culture as an additional variable for application to a multinational corporation setting. I also suggest an empirical research design that would help test not only whether the variable affects individual decision making related to ethical issues in a MNC, but also how it influences individual decision making. Copyright © 2011 Inderscience Enterprises Ltd.","RAYYAN-INCLUSION: {""julius.fenn""=>""Excluded""}",,
rayyan-800532007,"Sustainable Rural Livelihoods under Joint Forest Management (JFM) Programme: Some Evidence from West Bengal, India",2016,10,07T02:59:21Z,,,,,,"Sarker, D",,noEntry,,,Artha Vijnana: Journal of The Gokhale Institute of Politics and Economics,"RAYYAN-INCLUSION: {""julius.fenn""=>""Excluded""}",,
rayyan-800532008,Ethical Reasoning in Action: Validity Evidence for the Ethical Reasoning Identification Test (ERIT),2015,08,31T15:55:12Z,,,,,,"Smith, K and Fulcher, K and Sanchez, E",,en,,,"Professionals in business and law, healthcare providers, educators, policymakers, consumers, and higher education practitioners value ethical reasoning (ER) skills. Because of this, we concentrated campus-wide reaccreditation efforts to help students actively engage in ER. In doing so, we re-conceptualized the ER process, implemented campus-wide ER interventions designed to be experienced by all undergraduate students, and created the ethical reasoning identification test (ERIT) to measure students’ ability to engage in a foundational step in the ER process. Using factor analysis, we demonstrated internal validity evidence for ERIT scores. More specifically, confirmatory factor analysis provided support for a unidimensional factor structure, meaning stakeholders can report and analyze ERIT total scores. The unidimensional factor structure was replicated using two independent samples. Across all samples, ERIT scores demonstrated reliability consistent with professional standards. In addition, we collected external validity evidence for ERIT scores. The ERIT was sensitive to slight differences in ER training. That is, students experiencing a 75-min intervention performed better on the test compared to students without this experience. Overall, results suggested that our ER intervention may effectively increase students ER abilities and the ERIT demonstrated great potential for assessing foundational ethical reasoning skills. To further examine validity, researchers should consider known groups analyses with varying “doses” of the ER intervention, as well as measurement invariance studies.","RAYYAN-INCLUSION: {""julius.fenn""=>""Included""} | RAYYAN-LABELS: excMixedScales",,
rayyan-800532009,"Exploring the relationship between ethics, knowledge creation and organizational performance",2014,02,21T16:03:09Z,,,,,,"Akhavan, P and Ramezan, M and Yazdi Moghaddam, J and Mehralian, G",,en,,,"Purpose: This research proposes to investigate the relationship between ethics, knowledge creation and organizational performance. Design/methodology/approach: In order to run this study, as suggested by the experts, Nonaka and Takeuchi model was selected for knowledge creation process and Yokel model was used for organizational performance. In addition, Akhavan et al.'s research was applied for organizational ethics dimensions. A conceptual model was designed based on literature review, and in order to analyze it, employees of a knowledge-based organization were asked to answer the questions of a valid questionnaire. Structural equation modeling was used for studying the relationships between research variables. Findings: Research results imply that there is a positive and strong correlation between ethics and organizational performance. The relationship between ethics and knowledge creation processes is also positive and significant but no significant relationship is observed between knowledge creation processes and organizational performance. Research limitations/implications: The main limitation of this research is little research and literature about ethical issues in the knowledge management area. Originality/value: Although numerous studies have been conducted with regard to organizational performance and knowledge creation, the literature is severely deficient considering observance of ethics in all dimensions of organizational performance and knowledge creation process, and in terms of analysis of their mutual interactions and relationships. © Emerald Group Publishing Limited.","RAYYAN-INCLUSION: {""julius.fenn""=>""Excluded""}",,
rayyan-800532010,The Importance of Ethical Training for the Improvement of Ethical Decision-Making,2007,08,30T18:00:33Z,,,,,,"Rottig, D and Heischmidt, K",,en,,,"Based on three independent samples from Germany and the United States, this exploratory, cross-cultural study examines empirically the importance of ethical training for the improvement of ethical decision-making. The results of the study reveal a significant difference in the use of corporate codes of conduct and ethical training, as well as ethical decision-making between German and US business practitioners, and provide empirical evidence for the significant and positive impact of ethical training on practitioners' ethical decision-making across cultures. Implications of our results for teaching in international business are discussed. © 2007 by The Haworth Press, Inc. All rights reserved.","RAYYAN-INCLUSION: {""julius.fenn""=>""Excluded""}",,
rayyan-800532011,"The Role of Moral Intensity in Ethical Decision Making: A Review and Investigation of Moral Recognition, Evaluation, and Intention",2002,08,30T18:00:33Z,,,,,,"May, D and Pauli, K",,en,,,"An empirical investigation found that the dimensions of moral intensity were related to the recognition of moral issues, moral evaluations (i.e., utilitarian, deontological, procedural, and distributive justice), and moral intentions. Consistent with the ethical decision-making framework presented, findings also revealed that (a) the moral intensity–moral evaluation relation was partially mediated by moral recognition for distributive justice and utilitarian evaluations, (b) the moral recognition–moral intention relationwas fully mediated by distributive justice and utilitarian evaluations, and (c) the moral intensity–moral intention relation was partially mediated by the combination of moral recognition and each ofthe moral evaluation processes.","RAYYAN-INCLUSION: {""julius.fenn""=>""Excluded""} | RAYYAN-LABELS: EDM",,
rayyan-800532017,A Critique and Revision of the Multidimensional Ethics Scale,1996,08,30T18:00:33Z,,,,,,"Hyman, M",,en,,,"The Multidimensional Ethics Scale is an eight-item, three-subscale measure developed in Reidenbach and Robin (1990) and subsequently applied in at least ten empirical studies of business ethics. Despite two failed replication studies and two skeptical critiques, business ethics researchers continue to use the scale. Given the lingering uncertainty about the scale and its continued use in empirical research, a definitive critique and revalidation study is warranted. After an examination of the previously published works and new criticisms of Reidenbach and Robin (1990), a revalidation study sensitive to these criticisms is described. Then, a revised, fourteenitem, five-subscale measure is presented. Results of confirmatory factor analyses and tests of predictive validity against three univariate ethics measures show the superior predictive and face validities of this revised measure. Such critique and revalidation studies, by ensuring the continuing soundness of scales created for use in empirical research, certify the tools that marketing scholars use to create marketing knowledge.","RAYYAN-INCLUSION: {""julius.fenn""=>""Included""} | RAYYAN-LABELS: incMEScontentwise",,
rayyan-809374578,On measuring ethical judgments,1993,,,Journal of Business Ethics,1573-0697,12,7,535-545,"Skipper, Robert and Hyman, Michael R",,,Springer,,,"RAYYAN-INCLUSION: {""julius.fenn""=>""Included""} | RAYYAN-LABELS: incOverview",,
rayyan-809390123,Some initial steps toward improving the measurement of ethical evaluations of marketing activities,1988,,,Journal of business ethics,1573-0697,7,11,871-879,"Reidenbach, R Eric and Robin, Donald P",,,Springer,,,"RAYYAN-INCLUSION: {""julius.fenn""=>""Included""} | RAYYAN-LABELS: incMESprimary",,
rayyan-809390124,Toward the development of a multidimensional scale for improving evaluations of business ethics,1990,,,Journal of business ethics,1573-0697,9,8,639-653,"Reidenbach, R Eric and Robin, Donald P",,,Springer,,,"RAYYAN-INCLUSION: {""julius.fenn""=>""Included""} | RAYYAN-LABELS: incMESprimary",,
rayyan-809652393,DIT2: Devising and testing a revised instrument of moral judgment.,1999,,,Journal of educational psychology,1939-2176,91,4,644,"Rest, James R and Narvaez, Darcia and Thoma, Stephen J and Bebeau, Muriel J",,,American Psychological Association,,,"RAYYAN-INCLUSION: {""julius.fenn""=>""Included""} | RAYYAN-LABELS: incDIT",,
rayyan-809652394,Longitudinal study of the Defining Issues Test of moral judgment: A strategy for analyzing developmental change.,1975,,,Developmental Psychology,1939-0599,11,6,738,"Rest, James R",,,American Psychological Association,,,"RAYYAN-INCLUSION: {""julius.fenn""=>""Included""} | RAYYAN-LABELS: incDIT",,
rayyan-809652704,A taxonomy of ethical ideologies.,1980,,,Journal of Personality and Social psychology,1939-1315,39,1,175,"Forsyth, Donelson R",,,American Psychological Association,,,"RAYYAN-INCLUSION: {""julius.fenn""=>""Included""} | RAYYAN-LABELS: incEPQ",,
rayyan-809657026,A longitudinal study of moral judgment,1983,,,Monographs of the society for research in child development,0037-976X,,,1-124,"Colby, Anne and Kohlberg, Lawrence and Gibbs, John and Lieberman, Marcus and Fischer, Kurt and Saltzstein, Herbert D",,,JSTOR,,,"RAYYAN-INCLUSION: {""julius.fenn""=>""Included""} | RAYYAN-LABELS: incMJI",,
rayyan-809657027,Measuring moral judgment: The moral judgment interview or the defining issues test?,1994,,,Journal of Business Ethics,1573-0697,13,5,341-355,"Elm, Dawn R and Weber, James",,,Springer,,,"RAYYAN-INCLUSION: {""julius.fenn""=>""Included""} | RAYYAN-LABELS: incMJI",,
rayyan-809672509,Measuring moral imagination,2006,,,Social Behavior and Personality: an international journal,0301-2212,34,3,205-220,"Yurtsever, Gülçimen",,,Scientific Journal Publishers,,,"RAYYAN-INCLUSION: {""julius.fenn""=>""Included""} | RAYYAN-LABELS: excMixedScales",,
rayyan-809807535,"Ethics, Law and the Social Sciences: Reflections on Robin, King, and Reidenbach",1996,,,Am. Bus. LJ,,34,,301,"Duska, Ronald",,,HeinOnline,,,"RAYYAN-INCLUSION: {""julius.fenn""=>""Included""} | RAYYAN-LABELS: incMEScontentwise",,
rayyan-830711809,The empirical performance of cognitive moral development in predicting behavioral intent,1996,,,Business Ethics Quarterly,1052-150X,,,493-515,"Robin, Donald P and Gordon, Gus and Jordan, Charles and Reidenbach, R Eric",,,JSTOR,,,"RAYYAN-INCLUSION: {""julius.fenn""=>""Included""} | RAYYAN-LABELS: incDIT",,
rayyan-830712977,An application and extension of a multidimensional ethics scale to selected marketing practices and marketing groups,1991,,,Journal of the Academy of Marketing Science,1552-7824,19,2,83-92,"Reidenbach, R Eric and Robin, Donald P and Dawson, Lyndon",,,Springer,,,"RAYYAN-INCLUSION: {""julius.fenn""=>""Included""} | RAYYAN-LABELS: incOverview,incMESstatisticalwise",,
