Mplus VERSION 8.6
MUTHEN & MUTHEN
10/13/2025  10:41 AM

INPUT INSTRUCTIONS

  TITLE:
  SEM for scale final_ESTA_noVirtue
  DATA:
  FILE = "SEM_final_withTwN_f34ba24de460bf08be6f7040b2cf1667.dat";
   LISTWISE=ON;
  VARIABLE:
  NAMES = bi01 gen01 bi02 genr02 bir03 gen03 bir04 genr04 bi05 gen05 bir06 bi07 bir08
       bi09 b01 r01 b02 r02 b03 r03 b04 r04 b05 r05 n01 p01 n02 p02 n03 p03 n04 p04
       n05 p05 n06 n07 p07 n08 p08 n09 p09 n10 p10 trust01 trust02 trust03 trust04
       trust05 trust06 trust07 hed01 hed03 hed04 hed05 hed06 hed07 hed08 hed09 uti01
       uti02 uti03 uti04 uti05 uti06 uti07 uti08 uti09 con01 con02 con03 con04 con05
       con06 deo01 deo02 deo03 deo04 deo05 deo06 deo07 deo08 rel01 rel02 rel03 rel04
       rel05;
   MISSING=.;

    usevariables = hed01-rel05;

  ANALYSIS:

      estimator = MLR;

  MODEL:

      ! CFAs:
  ! Hedonism
  Hedo BY hed01*
  hed03
  hed04
  hed05
  hed06
  hed07
  hed08
  hed09
  ;
  Hedo@1;


  ! Utilitarianism
  Util BY uti01*
  uti02
  uti03
  uti04
  uti05
  uti06
  uti07
  uti08
  uti09
  ;
  Util@1;


  ! Contractualisism
  Cont BY con01*
  con02
  con03
  con04
  con05
  con06
  ;
  Cont@1;


  ! Deontology
  Deon BY deo01*
  deo02
  deo03
  deo04
  deo05
  deo06
  deo07
  deo08
  ;
  Deon@1;


  ! Relativism
  Rela BY rel01*
  rel02
  rel03
  rel04
  rel05
  ;
  Rela@1;



  ! Second Order Factor ESTA
    ESTA BY Hedo* Util Cont Deon Rela;
  ESTA@1;

  OUTPUT:
  sampstat standardized stdyx residual modindices;
  PLOT:

      type = plot3;




INPUT READING TERMINATED NORMALLY




SEM for scale final_ESTA_noVirtue

SUMMARY OF ANALYSIS

Number of groups                                                 1
Number of observations                                         579

Number of dependent variables                                   36
Number of independent variables                                  0
Number of continuous latent variables                            6

Observed dependent variables

  Continuous
   HED01       HED03       HED04       HED05       HED06       HED07
   HED08       HED09       UTI01       UTI02       UTI03       UTI04
   UTI05       UTI06       UTI07       UTI08       UTI09       CON01
   CON02       CON03       CON04       CON05       CON06       DEO01
   DEO02       DEO03       DEO04       DEO05       DEO06       DEO07
   DEO08       REL01       REL02       REL03       REL04       REL05

Continuous latent variables
   HEDO        UTIL        CONT        DEON        RELA        ESTA


Estimator                                                      MLR
Information matrix                                        OBSERVED
Maximum number of iterations                                  1000
Convergence criterion                                    0.500D-04
Maximum number of steepest descent iterations                   20

Input data file(s)
  SEM_final_withTwN_f34ba24de460bf08be6f7040b2cf1667.dat

Input data format  FREE


SAMPLE STATISTICS


     SAMPLE STATISTICS


           Means
              HED01         HED03         HED04         HED05         HED06
              ________      ________      ________      ________      ________
                4.235         4.389         4.373         4.307         4.333


           Means
              HED07         HED08         HED09         UTI01         UTI02
              ________      ________      ________      ________      ________
                4.155         4.282         4.190         4.791         4.881


           Means
              UTI03         UTI04         UTI05         UTI06         UTI07
              ________      ________      ________      ________      ________
                4.706         4.744         4.990         4.760         4.670


           Means
              UTI08         UTI09         CON01         CON02         CON03
              ________      ________      ________      ________      ________
                4.656         4.658         4.406         4.370         4.264


           Means
              CON04         CON05         CON06         DEO01         DEO02
              ________      ________      ________      ________      ________
                4.332         4.078         4.370         4.501         3.960


           Means
              DEO03         DEO04         DEO05         DEO06         DEO07
              ________      ________      ________      ________      ________
                4.333         4.223         4.499         3.971         4.111


           Means
              DEO08         REL01         REL02         REL03         REL04
              ________      ________      ________      ________      ________
                4.249         4.762         4.428         4.560         4.387


           Means
              REL05
              ________
                4.380


           Covariances
              HED01         HED03         HED04         HED05         HED06
              ________      ________      ________      ________      ________
 HED01          2.701
 HED03          1.154         2.842
 HED04          2.025         1.121         2.683
 HED05          1.493         1.060         1.372         2.033
 HED06          1.697         1.149         1.769         1.383         2.105
 HED07          1.706         1.081         1.745         1.320         1.485
 HED08          1.530         1.079         1.613         1.368         1.419
 HED09          1.741         1.159         1.905         1.372         1.550
 UTI01          1.253         0.729         1.318         0.886         1.090
 UTI02          1.372         0.735         1.395         0.933         1.128
 UTI03          1.394         0.788         1.519         0.968         1.117
 UTI04          1.566         0.868         1.570         0.970         1.222
 UTI05          1.301         0.748         1.410         0.810         1.035
 UTI06          1.364         0.744         1.445         0.825         1.056
 UTI07          1.288         0.781         1.406         0.832         1.029
 UTI08          1.314         0.862         1.375         0.814         1.052
 UTI09          1.635         0.965         1.713         0.993         1.311
 CON01          1.286         0.599         1.334         0.842         0.989
 CON02          1.181         0.630         1.242         0.814         0.923
 CON03          1.214         0.645         1.281         0.867         0.915
 CON04          1.202         0.809         1.270         0.834         0.910
 CON05          1.008         0.669         1.094         0.622         0.810
 CON06          1.281         0.666         1.347         0.814         0.961
 DEO01          0.903         0.382         1.024         0.630         0.690
 DEO02          1.241         0.673         1.217         0.919         1.101
 DEO03          1.165         0.451         1.173         0.777         0.856
 DEO04          1.563         0.590         1.559         1.016         1.219
 DEO05          1.520         0.654         1.537         0.950         1.138
 DEO06          1.489         0.626         1.584         0.957         1.193
 DEO07          1.525         0.634         1.603         0.919         1.239
 DEO08          1.230         0.477         1.299         0.835         0.972
 REL01          1.151         0.609         1.255         0.766         0.950
 REL02          1.468         0.631         1.540         0.853         1.092
 REL03          1.207         0.594         1.304         0.802         0.924
 REL04          1.742         0.665         1.712         0.907         1.222
 REL05          1.275         0.538         1.285         0.738         0.953


           Covariances
              HED07         HED08         HED09         UTI01         UTI02
              ________      ________      ________      ________      ________
 HED07          2.290
 HED08          1.409         2.068
 HED09          1.950         1.497         2.561
 UTI01          1.077         1.024         1.178         1.803
 UTI02          1.148         1.042         1.275         1.466         1.981
 UTI03          1.267         1.057         1.467         1.405         1.544
 UTI04          1.352         1.136         1.546         1.624         1.771
 UTI05          1.204         0.965         1.283         1.442         1.602
 UTI06          1.232         1.026         1.360         1.473         1.495
 UTI07          1.169         0.975         1.272         1.397         1.501
 UTI08          1.218         1.017         1.357         1.382         1.519
 UTI09          1.525         1.198         1.704         1.657         1.863
 CON01          1.129         0.979         1.204         1.000         1.102
 CON02          1.119         0.911         1.132         0.991         0.992
 CON03          1.075         0.967         1.150         0.972         1.099
 CON04          1.083         1.010         1.127         1.016         1.072
 CON05          0.971         0.828         1.097         0.754         0.864
 CON06          1.229         1.017         1.292         1.072         1.215
 DEO01          0.777         0.700         0.889         0.702         0.830
 DEO02          1.144         1.103         1.232         0.916         1.016
 DEO03          1.081         0.879         1.156         0.895         1.074
 DEO04          1.451         1.170         1.479         1.143         1.382
 DEO05          1.330         1.139         1.415         1.142         1.343
 DEO06          1.450         1.188         1.538         1.139         1.330
 DEO07          1.480         1.152         1.544         1.201         1.312
 DEO08          1.112         0.989         1.236         1.009         1.149
 REL01          1.123         0.925         1.232         0.969         1.084
 REL02          1.317         1.009         1.502         1.065         1.225
 REL03          1.110         0.920         1.294         0.913         1.146
 REL04          1.423         1.086         1.583         1.276         1.457
 REL05          1.174         0.841         1.289         0.907         1.069


           Covariances
              UTI03         UTI04         UTI05         UTI06         UTI07
              ________      ________      ________      ________      ________
 UTI03          2.200
 UTI04          1.830         2.525
 UTI05          1.551         1.842         2.173
 UTI06          1.624         1.837         1.616         2.179
 UTI07          1.466         1.726         1.535         1.458         2.245
 UTI08          1.580         1.815         1.573         1.548         1.686
 UTI09          1.869         2.332         1.976         1.880         1.820
 CON01          1.157         1.299         1.144         1.161         1.029
 CON02          1.105         1.229         1.047         1.115         0.954
 CON03          1.211         1.289         1.150         1.167         1.023
 CON04          1.187         1.266         1.100         1.147         1.028
 CON05          0.993         1.034         0.895         0.903         0.858
 CON06          1.259         1.431         1.239         1.310         1.201
 DEO01          0.767         0.979         0.848         0.832         0.744
 DEO02          1.018         1.093         0.937         0.952         0.949
 DEO03          1.022         1.220         1.067         1.056         0.993
 DEO04          1.335         1.563         1.332         1.278         1.295
 DEO05          1.305         1.518         1.340         1.331         1.192
 DEO06          1.297         1.486         1.252         1.233         1.153
 DEO07          1.383         1.558         1.307         1.331         1.244
 DEO08          1.165         1.260         1.077         1.112         1.008
 REL01          1.130         1.300         1.150         1.129         1.115
 REL02          1.285         1.519         1.326         1.262         1.269
 REL03          1.128         1.369         1.139         1.152         1.147
 REL04          1.440         1.741         1.555         1.473         1.492
 REL05          1.063         1.320         1.108         1.124         1.075


           Covariances
              UTI08         UTI09         CON01         CON02         CON03
              ________      ________      ________      ________      ________
 UTI08          2.346
 UTI09          1.915         3.054
 CON01          1.136         1.436         2.241
 CON02          1.075         1.311         1.914         2.219
 CON03          1.089         1.370         1.741         1.655         2.353
 CON04          1.092         1.246         1.772         1.791         1.790
 CON05          0.916         1.108         1.488         1.507         1.422
 CON06          1.238         1.548         1.940         1.955         1.840
 DEO01          0.763         1.028         0.909         0.905         0.945
 DEO02          1.004         1.264         1.040         0.989         1.026
 DEO03          1.078         1.394         1.201         1.105         1.254
 DEO04          1.396         1.705         1.467         1.368         1.475
 DEO05          1.308         1.684         1.442         1.346         1.454
 DEO06          1.330         1.746         1.404         1.346         1.500
 DEO07          1.371         1.758         1.420         1.382         1.449
 DEO08          1.182         1.391         1.189         1.136         1.230
 REL01          1.112         1.354         1.073         1.028         1.039
 REL02          1.349         1.625         1.310         1.227         1.286
 REL03          1.134         1.380         1.163         1.071         1.135
 REL04          1.565         1.941         1.510         1.451         1.452
 REL05          1.112         1.451         1.181         1.143         1.107


           Covariances
              CON04         CON05         CON06         DEO01         DEO02
              ________      ________      ________      ________      ________
 CON04          2.450
 CON05          1.453         2.448
 CON06          1.926         1.558         2.765
 DEO01          0.801         0.800         0.898         2.316
 DEO02          0.992         0.880         1.037         0.899         1.924
 DEO03          1.095         0.952         1.229         1.431         1.129
 DEO04          1.372         1.145         1.529         1.348         1.429
 DEO05          1.391         1.039         1.622         1.184         1.334
 DEO06          1.286         1.130         1.564         1.398         1.439
 DEO07          1.367         1.176         1.593         1.307         1.377
 DEO08          1.170         0.984         1.254         1.178         1.139
 REL01          1.108         0.870         1.193         0.855         0.820
 REL02          1.207         1.008         1.360         0.886         1.038
 REL03          1.098         0.925         1.261         0.863         0.813
 REL04          1.424         1.198         1.641         1.032         1.231
 REL05          1.090         0.919         1.279         0.886         0.906


           Covariances
              DEO03         DEO04         DEO05         DEO06         DEO07
              ________      ________      ________      ________      ________
 DEO03          2.143
 DEO04          1.758         2.543
 DEO05          1.599         1.975         2.747
 DEO06          1.692         2.077         1.977         2.816
 DEO07          1.602         2.036         2.000         2.321         2.855
 DEO08          1.465         1.753         1.682         1.857         1.853
 REL01          0.969         1.293         1.381         1.237         1.344
 REL02          1.166         1.587         1.617         1.529         1.573
 REL03          0.984         1.328         1.515         1.301         1.366
 REL04          1.306         1.819         1.930         1.780         1.855
 REL05          1.060         1.385         1.482         1.363         1.459


           Covariances
              DEO08         REL01         REL02         REL03         REL04
              ________      ________      ________      ________      ________
 DEO08          2.235
 REL01          1.115         2.213
 REL02          1.239         1.824         2.442
 REL03          1.132         1.902         1.902         2.319
 REL04          1.353         1.932         2.378         2.029         3.173
 REL05          1.165         1.659         1.898         1.715         2.122


           Covariances
              REL05
              ________
 REL05          2.142


           Correlations
              HED01         HED03         HED04         HED05         HED06
              ________      ________      ________      ________      ________
 HED01          1.000
 HED03          0.416         1.000
 HED04          0.752         0.406         1.000
 HED05          0.637         0.441         0.588         1.000
 HED06          0.712         0.470         0.744         0.668         1.000
 HED07          0.686         0.424         0.704         0.612         0.677
 HED08          0.647         0.445         0.685         0.667         0.680
 HED09          0.662         0.430         0.727         0.601         0.667
 UTI01          0.568         0.322         0.599         0.463         0.560
 UTI02          0.593         0.310         0.605         0.465         0.552
 UTI03          0.572         0.315         0.625         0.457         0.519
 UTI04          0.600         0.324         0.603         0.428         0.530
 UTI05          0.537         0.301         0.584         0.385         0.484
 UTI06          0.562         0.299         0.598         0.392         0.493
 UTI07          0.523         0.309         0.573         0.389         0.473
 UTI08          0.522         0.334         0.548         0.373         0.474
 UTI09          0.569         0.328         0.598         0.398         0.517
 CON01          0.523         0.237         0.544         0.395         0.455
 CON02          0.482         0.251         0.509         0.383         0.427
 CON03          0.482         0.249         0.510         0.396         0.411
 CON04          0.467         0.307         0.495         0.374         0.401
 CON05          0.392         0.254         0.427         0.279         0.357
 CON06          0.469         0.238         0.495         0.343         0.399
 DEO01          0.361         0.149         0.411         0.290         0.312
 DEO02          0.544         0.288         0.536         0.465         0.547
 DEO03          0.484         0.183         0.489         0.372         0.403
 DEO04          0.596         0.220         0.597         0.447         0.527
 DEO05          0.558         0.234         0.566         0.402         0.473
 DEO06          0.540         0.221         0.576         0.400         0.490
 DEO07          0.549         0.223         0.579         0.382         0.506
 DEO08          0.501         0.189         0.531         0.392         0.448
 REL01          0.471         0.243         0.515         0.361         0.440
 REL02          0.571         0.240         0.602         0.383         0.482
 REL03          0.482         0.231         0.523         0.369         0.418
 REL04          0.595         0.221         0.587         0.357         0.473
 REL05          0.530         0.218         0.536         0.354         0.449


           Correlations
              HED07         HED08         HED09         UTI01         UTI02
              ________      ________      ________      ________      ________
 HED07          1.000
 HED08          0.647         1.000
 HED09          0.805         0.651         1.000
 UTI01          0.530         0.531         0.548         1.000
 UTI02          0.539         0.515         0.566         0.776         1.000
 UTI03          0.564         0.495         0.618         0.705         0.739
 UTI04          0.562         0.497         0.608         0.761         0.792
 UTI05          0.540         0.455         0.544         0.729         0.772
 UTI06          0.552         0.483         0.576         0.743         0.719
 UTI07          0.515         0.453         0.530         0.695         0.712
 UTI08          0.525         0.462         0.554         0.672         0.704
 UTI09          0.577         0.477         0.609         0.706         0.757
 CON01          0.498         0.455         0.503         0.498         0.523
 CON02          0.496         0.426         0.475         0.495         0.473
 CON03          0.463         0.438         0.468         0.472         0.509
 CON04          0.457         0.449         0.450         0.483         0.487
 CON05          0.410         0.368         0.438         0.359         0.392
 CON06          0.488         0.425         0.486         0.480         0.519
 DEO01          0.337         0.320         0.365         0.344         0.388
 DEO02          0.545         0.553         0.555         0.492         0.520
 DEO03          0.488         0.417         0.493         0.456         0.521
 DEO04          0.601         0.510         0.580         0.534         0.616
 DEO05          0.530         0.478         0.533         0.513         0.576
 DEO06          0.571         0.492         0.572         0.506         0.563
 DEO07          0.579         0.474         0.571         0.529         0.552
 DEO08          0.491         0.460         0.517         0.503         0.546
 REL01          0.499         0.433         0.517         0.485         0.518
 REL02          0.557         0.449         0.601         0.508         0.557
 REL03          0.482         0.420         0.531         0.447         0.535
 REL04          0.528         0.424         0.555         0.534         0.581
 REL05          0.530         0.400         0.550         0.461         0.519


           Correlations
              UTI03         UTI04         UTI05         UTI06         UTI07
              ________      ________      ________      ________      ________
 UTI03          1.000
 UTI04          0.776         1.000
 UTI05          0.710         0.786         1.000
 UTI06          0.742         0.783         0.743         1.000
 UTI07          0.660         0.725         0.695         0.659         1.000
 UTI08          0.695         0.746         0.697         0.685         0.735
 UTI09          0.721         0.840         0.767         0.729         0.695
 CON01          0.521         0.546         0.518         0.526         0.459
 CON02          0.500         0.519         0.477         0.507         0.428
 CON03          0.532         0.529         0.508         0.515         0.445
 CON04          0.511         0.509         0.477         0.496         0.438
 CON05          0.428         0.416         0.388         0.391         0.366
 CON06          0.510         0.542         0.505         0.534         0.482
 DEO01          0.340         0.405         0.378         0.370         0.326
 DEO02          0.495         0.496         0.458         0.465         0.457
 DEO03          0.471         0.524         0.495         0.489         0.452
 DEO04          0.564         0.617         0.567         0.543         0.542
 DEO05          0.531         0.576         0.549         0.544         0.480
 DEO06          0.521         0.557         0.506         0.498         0.458
 DEO07          0.552         0.580         0.525         0.533         0.491
 DEO08          0.525         0.531         0.489         0.504         0.450
 REL01          0.512         0.550         0.524         0.514         0.500
 REL02          0.554         0.612         0.576         0.547         0.542
 REL03          0.499         0.566         0.507         0.512         0.502
 REL04          0.545         0.615         0.592         0.560         0.559
 REL05          0.490         0.567         0.513         0.520         0.490


           Correlations
              UTI08         UTI09         CON01         CON02         CON03
              ________      ________      ________      ________      ________
 UTI08          1.000
 UTI09          0.715         1.000
 CON01          0.495         0.549         1.000
 CON02          0.471         0.504         0.858         1.000
 CON03          0.463         0.511         0.758         0.724         1.000
 CON04          0.455         0.456         0.756         0.768         0.745
 CON05          0.382         0.405         0.635         0.646         0.592
 CON06          0.486         0.533         0.779         0.789         0.721
 DEO01          0.327         0.387         0.399         0.399         0.405
 DEO02          0.472         0.522         0.501         0.478         0.482
 DEO03          0.481         0.545         0.548         0.507         0.558
 DEO04          0.572         0.612         0.615         0.576         0.603
 DEO05          0.515         0.581         0.581         0.545         0.572
 DEO06          0.517         0.596         0.559         0.538         0.583
 DEO07          0.530         0.595         0.561         0.549         0.559
 DEO08          0.516         0.532         0.531         0.510         0.536
 REL01          0.488         0.521         0.482         0.464         0.455
 REL02          0.564         0.595         0.560         0.527         0.536
 REL03          0.486         0.518         0.510         0.472         0.486
 REL04          0.573         0.623         0.566         0.547         0.531
 REL05          0.496         0.567         0.539         0.524         0.493


           Correlations
              CON04         CON05         CON06         DEO01         DEO02
              ________      ________      ________      ________      ________
 CON04          1.000
 CON05          0.593         1.000
 CON06          0.740         0.599         1.000
 DEO01          0.336         0.336         0.355         1.000
 DEO02          0.457         0.406         0.450         0.426         1.000
 DEO03          0.478         0.415         0.505         0.642         0.556
 DEO04          0.550         0.459         0.577         0.555         0.646
 DEO05          0.536         0.401         0.589         0.469         0.580
 DEO06          0.490         0.430         0.560         0.548         0.618
 DEO07          0.517         0.445         0.567         0.508         0.588
 DEO08          0.500         0.421         0.504         0.518         0.549
 REL01          0.476         0.374         0.483         0.378         0.397
 REL02          0.493         0.412         0.523         0.372         0.479
 REL03          0.461         0.388         0.498         0.372         0.385
 REL04          0.511         0.430         0.554         0.381         0.498
 REL05          0.476         0.401         0.526         0.398         0.446


           Correlations
              DEO03         DEO04         DEO05         DEO06         DEO07
              ________      ________      ________      ________      ________
 DEO03          1.000
 DEO04          0.753         1.000
 DEO05          0.659         0.747         1.000
 DEO06          0.689         0.776         0.711         1.000
 DEO07          0.648         0.756         0.714         0.819         1.000
 DEO08          0.669         0.735         0.679         0.740         0.734
 REL01          0.445         0.545         0.560         0.495         0.535
 REL02          0.510         0.637         0.624         0.583         0.596
 REL03          0.442         0.547         0.600         0.509         0.531
 REL04          0.501         0.640         0.653         0.595         0.616
 REL05          0.495         0.593         0.611         0.555         0.590


           Correlations
              DEO08         REL01         REL02         REL03         REL04
              ________      ________      ________      ________      ________
 DEO08          1.000
 REL01          0.501         1.000
 REL02          0.530         0.785         1.000
 REL03          0.497         0.840         0.799         1.000
 REL04          0.508         0.729         0.854         0.748         1.000
 REL05          0.532         0.762         0.830         0.769         0.814


           Correlations
              REL05
              ________
 REL05          1.000


UNIVARIATE SAMPLE STATISTICS


     UNIVARIATE HIGHER-ORDER MOMENT DESCRIPTIVE STATISTICS

         Variable/         Mean/     Skewness/   Minimum/ % with                Percentiles
        Sample Size      Variance    Kurtosis    Maximum  Min/Max      20%/60%    40%/80%    Median

     HED01                 4.235      -0.285       1.000    8.12%       3.000      4.000      4.000
             579.000       2.701      -0.577       7.000    8.46%       5.000      6.000
     HED03                 4.389      -0.168       1.000    4.49%       3.000      4.000      5.000
             579.000       2.842      -0.912       7.000   11.92%       5.000      6.000
     HED04                 4.373      -0.306       1.000    5.70%       3.000      4.000      5.000
             579.000       2.683      -0.654       7.000   10.02%       5.000      6.000
     HED05                 4.307       0.028       1.000    3.97%       3.000      4.000      4.000
             579.000       2.033      -0.024       7.000    9.33%       4.000      6.000
     HED06                 4.333      -0.185       1.000    3.97%       3.000      4.000      4.000
             579.000       2.105      -0.226       7.000    7.43%       5.000      6.000
     HED07                 4.155      -0.043       1.000    4.66%       3.000      4.000      4.000
             579.000       2.290      -0.447       7.000    7.60%       4.000      5.000
     HED08                 4.282      -0.228       1.000    5.70%       3.000      4.000      4.000
             579.000       2.068       0.048       7.000    7.08%       5.000      5.000
     HED09                 4.190      -0.112       1.000    5.70%       3.000      4.000      4.000
             579.000       2.561      -0.643       7.000    8.46%       5.000      6.000
     UTI01                 4.791      -0.318       1.000    0.86%       4.000      4.000      5.000
             579.000       1.803      -0.288       7.000   10.19%       5.000      6.000
     UTI02                 4.881      -0.498       1.000    2.07%       4.000      5.000      5.000
             579.000       1.981      -0.067       7.000   12.61%       5.000      6.000
     UTI03                 4.706      -0.409       1.000    2.76%       3.000      4.000      5.000
             579.000       2.200      -0.315       7.000   11.57%       5.000      6.000
     UTI04                 4.744      -0.385       1.000    3.28%       3.000      4.000      5.000
             579.000       2.525      -0.609       7.000   15.03%       5.000      6.000
     UTI05                 4.990      -0.597       1.000    2.25%       4.000      5.000      5.000
             579.000       2.173      -0.168       7.000   15.54%       6.000      6.000
     UTI06                 4.760      -0.343       1.000    2.07%       4.000      4.000      5.000
             579.000       2.179      -0.458       7.000   12.78%       5.000      6.000
     UTI07                 4.670      -0.376       1.000    2.59%       3.000      4.000      5.000
             579.000       2.245      -0.444       7.000   11.05%       5.000      6.000
     UTI08                 4.656      -0.446       1.000    2.76%       3.000      4.000      5.000
             579.000       2.346      -0.543       7.000    9.67%       5.000      6.000
     UTI09                 4.658      -0.421       1.000    5.18%       3.000      4.000      5.000
             579.000       3.054      -0.816       7.000   16.23%       5.000      6.000
     CON01                 4.406      -0.209       1.000    3.80%       3.000      4.000      4.000
             579.000       2.241      -0.393       7.000    8.98%       5.000      6.000
     CON02                 4.370      -0.165       1.000    3.45%       3.000      4.000      4.000
             579.000       2.219      -0.501       7.000    7.77%       5.000      6.000
     CON03                 4.264      -0.144       1.000    3.63%       3.000      4.000      4.000
             579.000       2.353      -0.711       7.000    6.56%       5.000      6.000
     CON04                 4.332      -0.007       1.000    2.94%       3.000      4.000      4.000
             579.000       2.450      -0.787       7.000   10.19%       5.000      6.000
     CON05                 4.078      -0.150       1.000    6.39%       3.000      4.000      4.000
             579.000       2.448      -0.646       7.000    5.70%       5.000      5.000
     CON06                 4.370      -0.169       1.000    4.84%       3.000      4.000      4.000
             579.000       2.765      -0.833       7.000   11.05%       5.000      6.000
     DEO01                 4.501      -0.346       1.000    3.97%       3.000      4.000      5.000
             579.000       2.316      -0.386       7.000    9.50%       5.000      6.000
     DEO02                 3.960      -0.076       1.000    5.01%       3.000      4.000      4.000
             579.000       1.924      -0.210       7.000    3.45%       4.000      5.000
     DEO03                 4.333      -0.113       1.000    3.45%       3.000      4.000      4.000
             579.000       2.143      -0.409       7.000    7.60%       5.000      6.000
     DEO04                 4.223      -0.127       1.000    5.70%       3.000      4.000      4.000
             579.000       2.543      -0.549       7.000    9.50%       5.000      6.000
     DEO05                 4.499      -0.254       1.000    5.18%       3.000      4.000      5.000
             579.000       2.747      -0.671       7.000   13.82%       5.000      6.000
     DEO06                 3.971      -0.024       1.000    8.29%       2.000      4.000      4.000
             579.000       2.816      -0.861       7.000    6.91%       4.000      6.000
     DEO07                 4.111      -0.171       1.000    8.64%       3.000      4.000      4.000
             579.000       2.855      -0.811       7.000    7.94%       5.000      6.000
     DEO08                 4.249      -0.107       1.000    3.63%       3.000      4.000      4.000
             579.000       2.235      -0.554       7.000    6.91%       5.000      6.000
     REL01                 4.762      -0.633       1.000    3.63%       4.000      5.000      5.000
             579.000       2.213      -0.057       7.000    9.67%       5.000      6.000
     REL02                 4.428      -0.350       1.000    4.49%       3.000      4.000      5.000
             579.000       2.442      -0.574       7.000    7.77%       5.000      6.000
     REL03                 4.560      -0.374       1.000    3.80%       3.000      4.000      5.000
             579.000       2.319      -0.365       7.000    9.84%       5.000      6.000
     REL04                 4.387      -0.381       1.000    8.12%       3.000      4.000      5.000
             579.000       3.173      -0.871       7.000   11.23%       5.000      6.000
     REL05                 4.380      -0.331       1.000    3.63%       3.000      4.000      4.000
             579.000       2.142      -0.381       7.000    5.87%       5.000      6.000


THE MODEL ESTIMATION TERMINATED NORMALLY



MODEL FIT INFORMATION

Number of Free Parameters                      113

Loglikelihood

          H0 Value                      -28885.790
          H0 Scaling Correction Factor      1.2651
            for MLR
          H1 Value                      -28107.073
          H1 Scaling Correction Factor      1.2279
            for MLR

Information Criteria

          Akaike (AIC)                   57997.580
          Bayesian (BIC)                 58490.407
          Sample-Size Adjusted BIC       58131.677
            (n* = (n + 2) / 24)

Chi-Square Test of Model Fit

          Value                           1275.787*
          Degrees of Freedom                   589
          P-Value                           0.0000
          Scaling Correction Factor         1.2208
            for MLR

*   The chi-square value for MLM, MLMV, MLR, ULSMV, WLSM and WLSMV cannot be used
    for chi-square difference testing in the regular way.  MLM, MLR and WLSM
    chi-square difference testing is described on the Mplus website.  MLMV, WLSMV,
    and ULSMV difference testing is done using the DIFFTEST option.

RMSEA (Root Mean Square Error Of Approximation)

          Estimate                           0.045
          90 Percent C.I.                    0.042  0.048
          Probability RMSEA <= .05           0.994

CFI/TLI

          CFI                                0.957
          TLI                                0.954

Chi-Square Test of Model Fit for the Baseline Model

          Value                          16517.073
          Degrees of Freedom                   630
          P-Value                           0.0000

SRMR (Standardized Root Mean Square Residual)

          Value                              0.038



MODEL RESULTS

                                                    Two-Tailed
                    Estimate       S.E.  Est./S.E.    P-Value

 HEDO     BY
    HED01              0.746      0.041     18.015      0.000
    HED03              0.465      0.045     10.257      0.000
    HED04              0.771      0.042     18.515      0.000
    HED05              0.570      0.041     13.878      0.000
    HED06              0.656      0.041     15.872      0.000
    HED07              0.695      0.038     18.286      0.000
    HED08              0.618      0.040     15.361      0.000
    HED09              0.736      0.040     18.432      0.000

 UTIL     BY
    UTI01              0.587      0.040     14.616      0.000
    UTI02              0.639      0.044     14.635      0.000
    UTI03              0.648      0.046     14.114      0.000
    UTI04              0.757      0.050     15.067      0.000
    UTI05              0.660      0.047     14.012      0.000
    UTI06              0.650      0.043     15.132      0.000
    UTI07              0.626      0.046     13.596      0.000
    UTI08              0.651      0.045     14.439      0.000
    UTI09              0.796      0.053     14.969      0.000

 CONT     BY
    CON01              0.842      0.053     15.923      0.000
    CON02              0.833      0.053     15.617      0.000
    CON03              0.784      0.048     16.306      0.000
    CON04              0.813      0.053     15.369      0.000
    CON05              0.673      0.051     13.192      0.000
    CON06              0.881      0.054     16.262      0.000

 DEON     BY
    DEO01              0.443      0.043     10.335      0.000
    DEO02              0.458      0.036     12.594      0.000
    DEO03              0.549      0.045     12.227      0.000
    DEO04              0.670      0.049     13.665      0.000
    DEO05              0.641      0.048     13.225      0.000
    DEO06              0.692      0.053     13.070      0.000
    DEO07              0.685      0.053     13.005      0.000
    DEO08              0.578      0.046     12.467      0.000

 RELA     BY
    REL01              0.728      0.059     12.319      0.000
    REL02              0.831      0.061     13.627      0.000
    REL03              0.756      0.060     12.552      0.000
    REL04              0.913      0.065     14.030      0.000
    REL05              0.746      0.057     13.046      0.000

 ESTA     BY
    HEDO               1.546      0.121     12.811      0.000
    UTIL               1.647      0.152     10.826      0.000
    CONT               1.287      0.123     10.425      0.000
    DEON               1.887      0.178     10.586      0.000
    RELA               1.438      0.148      9.708      0.000

 Intercepts
    HED01              4.235      0.068     62.000      0.000
    HED03              4.389      0.070     62.639      0.000
    HED04              4.373      0.068     64.242      0.000
    HED05              4.307      0.059     72.687      0.000
    HED06              4.333      0.060     71.872      0.000
    HED07              4.155      0.063     66.073      0.000
    HED08              4.282      0.060     71.649      0.000
    HED09              4.190      0.067     62.995      0.000
    UTI01              4.791      0.056     85.865      0.000
    UTI02              4.881      0.058     83.451      0.000
    UTI03              4.706      0.062     76.343      0.000
    UTI04              4.744      0.066     71.839      0.000
    UTI05              4.990      0.061     81.455      0.000
    UTI06              4.760      0.061     77.591      0.000
    UTI07              4.670      0.062     74.996      0.000
    UTI08              4.656      0.064     73.143      0.000
    UTI09              4.658      0.073     64.136      0.000
    CON01              4.406      0.062     70.817      0.000
    CON02              4.370      0.062     70.581      0.000
    CON03              4.264      0.064     66.887      0.000
    CON04              4.332      0.065     66.595      0.000
    CON05              4.078      0.065     62.710      0.000
    CON06              4.370      0.069     63.232      0.000
    DEO01              4.501      0.063     71.171      0.000
    DEO02              3.960      0.058     68.698      0.000
    DEO03              4.333      0.061     71.232      0.000
    DEO04              4.223      0.066     63.722      0.000
    DEO05              4.499      0.069     65.314      0.000
    DEO06              3.971      0.070     56.935      0.000
    DEO07              4.111      0.070     58.540      0.000
    DEO08              4.249      0.062     68.381      0.000
    REL01              4.762      0.062     77.027      0.000
    REL02              4.428      0.065     68.191      0.000
    REL03              4.560      0.063     72.047      0.000
    REL04              4.387      0.074     59.257      0.000
    REL05              4.380      0.061     72.006      0.000

 Variances
    ESTA               1.000      0.000    999.000    999.000

 Residual Variances
    HED01              0.812      0.067     12.031      0.000
    HED03              2.108      0.121     17.428      0.000
    HED04              0.666      0.069      9.676      0.000
    HED05              0.931      0.068     13.656      0.000
    HED06              0.647      0.063     10.224      0.000
    HED07              0.653      0.064     10.184      0.000
    HED08              0.774      0.057     13.476      0.000
    HED09              0.724      0.070     10.300      0.000
    UTI01              0.524      0.040     13.088      0.000
    UTI02              0.463      0.050      9.283      0.000
    UTI03              0.643      0.071      9.116      0.000
    UTI04              0.399      0.033     12.261      0.000
    UTI05              0.555      0.059      9.461      0.000
    UTI06              0.611      0.051     11.905      0.000
    UTI07              0.791      0.061     13.022      0.000
    UTI08              0.773      0.058     13.245      0.000
    UTI09              0.700      0.059     11.866      0.000
    CON01              0.357      0.041      8.713      0.000
    CON02              0.377      0.038      9.978      0.000
    CON03              0.722      0.086      8.429      0.000
    CON04              0.694      0.064     10.914      0.000
    CON05              1.244      0.106     11.719      0.000
    CON06              0.705      0.079      8.892      0.000
    DEO01              1.422      0.101     14.135      0.000
    DEO02              0.968      0.056     17.219      0.000
    DEO03              0.767      0.066     11.600      0.000
    DEO04              0.496      0.057      8.724      0.000
    DEO05              0.871      0.069     12.653      0.000
    DEO06              0.630      0.055     11.418      0.000
    DEO07              0.712      0.068     10.500      0.000
    DEO08              0.713      0.053     13.569      0.000
    REL01              0.587      0.053     11.072      0.000
    REL02              0.323      0.032     10.048      0.000
    REL03              0.565      0.051     11.026      0.000
    REL04              0.614      0.066      9.325      0.000
    REL05              0.437      0.042     10.385      0.000
    HEDO               1.000      0.000    999.000    999.000
    UTIL               1.000      0.000    999.000    999.000
    CONT               1.000      0.000    999.000    999.000
    DEON               1.000      0.000    999.000    999.000
    RELA               1.000      0.000    999.000    999.000


QUALITY OF NUMERICAL RESULTS

     Condition Number for the Information Matrix              0.508E-02
       (ratio of smallest to largest eigenvalue)


STANDARDIZED MODEL RESULTS


STDYX Standardization

                                                    Two-Tailed
                    Estimate       S.E.  Est./S.E.    P-Value

 HEDO     BY
    HED01              0.836      0.015     54.786      0.000
    HED03              0.508      0.037     13.665      0.000
    HED04              0.867      0.015     57.300      0.000
    HED05              0.736      0.025     30.015      0.000
    HED06              0.832      0.019     43.647      0.000
    HED07              0.845      0.018     47.828      0.000
    HED08              0.791      0.020     40.217      0.000
    HED09              0.847      0.017     48.860      0.000

 UTIL     BY
    UTI01              0.842      0.015     56.204      0.000
    UTI02              0.875      0.014     62.128      0.000
    UTI03              0.841      0.019     43.485      0.000
    UTI04              0.918      0.008    116.404      0.000
    UTI05              0.863      0.016     52.518      0.000
    UTI06              0.848      0.015     56.194      0.000
    UTI07              0.805      0.019     43.042      0.000
    UTI08              0.819      0.017     49.006      0.000
    UTI09              0.878      0.012     76.096      0.000

 CONT     BY
    CON01              0.917      0.011     84.108      0.000
    CON02              0.911      0.010     87.068      0.000
    CON03              0.833      0.022     37.404      0.000
    CON04              0.847      0.016     51.523      0.000
    CON05              0.701      0.030     23.119      0.000
    CON06              0.863      0.017     50.677      0.000

 DEON     BY
    DEO01              0.621      0.033     18.974      0.000
    DEO02              0.705      0.024     29.668      0.000
    DEO03              0.801      0.021     38.766      0.000
    DEO04              0.897      0.013     69.267      0.000
    DEO05              0.826      0.016     50.295      0.000
    DEO06              0.881      0.012     71.133      0.000
    DEO07              0.866      0.015     57.510      0.000
    DEO08              0.825      0.017     49.970      0.000

 RELA     BY
    REL01              0.857      0.015     55.755      0.000
    REL02              0.931      0.008    118.592      0.000
    REL03              0.870      0.014     60.386      0.000
    REL04              0.898      0.012     76.346      0.000
    REL05              0.892      0.012     72.784      0.000

 ESTA     BY
    HEDO               0.840      0.019     43.436      0.000
    UTIL               0.855      0.021     40.182      0.000
    CONT               0.790      0.029     27.687      0.000
    DEON               0.884      0.018     48.293      0.000
    RELA               0.821      0.028     29.790      0.000

 Intercepts
    HED01              2.577      0.084     30.629      0.000
    HED03              2.603      0.075     34.581      0.000
    HED04              2.670      0.085     31.286      0.000
    HED05              3.021      0.097     31.212      0.000
    HED06              2.987      0.098     30.620      0.000
    HED07              2.746      0.084     32.848      0.000
    HED08              2.978      0.104     28.729      0.000
    HED09              2.618      0.079     33.117      0.000
    UTI01              3.568      0.114     31.180      0.000
    UTI02              3.468      0.121     28.556      0.000
    UTI03              3.173      0.106     29.855      0.000
    UTI04              2.986      0.095     31.353      0.000
    UTI05              3.385      0.120     28.327      0.000
    UTI06              3.225      0.103     31.381      0.000
    UTI07              3.117      0.101     30.744      0.000
    UTI08              3.040      0.099     30.580      0.000
    UTI09              2.665      0.085     31.206      0.000
    CON01              2.943      0.094     31.376      0.000
    CON02              2.933      0.090     32.524      0.000
    CON03              2.780      0.082     33.906      0.000
    CON04              2.768      0.076     36.424      0.000
    CON05              2.606      0.080     32.639      0.000
    CON06              2.628      0.077     34.000      0.000
    DEO01              2.958      0.098     30.202      0.000
    DEO02              2.855      0.092     31.141      0.000
    DEO03              2.960      0.091     32.445      0.000
    DEO04              2.648      0.082     32.355      0.000
    DEO05              2.714      0.085     32.108      0.000
    DEO06              2.366      0.068     34.967      0.000
    DEO07              2.433      0.074     32.844      0.000
    DEO08              2.842      0.085     33.273      0.000
    REL01              3.201      0.118     27.228      0.000
    REL02              2.834      0.092     30.944      0.000
    REL03              2.994      0.100     29.951      0.000
    REL04              2.463      0.079     31.020      0.000
    REL05              2.992      0.098     30.383      0.000

 Variances
    ESTA               1.000      0.000    999.000    999.000

 Residual Variances
    HED01              0.301      0.026     11.774      0.000
    HED03              0.742      0.038     19.625      0.000
    HED04              0.248      0.026      9.467      0.000
    HED05              0.458      0.036     12.678      0.000
    HED06              0.307      0.032      9.688      0.000
    HED07              0.285      0.030      9.541      0.000
    HED08              0.375      0.031     12.041      0.000
    HED09              0.283      0.029      9.623      0.000
    UTI01              0.291      0.025     11.524      0.000
    UTI02              0.234      0.025      9.488      0.000
    UTI03              0.292      0.033      8.971      0.000
    UTI04              0.158      0.014     10.923      0.000
    UTI05              0.256      0.028      9.014      0.000
    UTI06              0.280      0.026     10.947      0.000
    UTI07              0.352      0.030     11.704      0.000
    UTI08              0.330      0.027     12.044      0.000
    UTI09              0.229      0.020     11.307      0.000
    CON01              0.159      0.020      7.979      0.000
    CON02              0.170      0.019      8.916      0.000
    CON03              0.307      0.037      8.278      0.000
    CON04              0.283      0.028     10.190      0.000
    CON05              0.508      0.043     11.938      0.000
    CON06              0.255      0.029      8.673      0.000
    DEO01              0.614      0.041     15.085      0.000
    DEO02              0.503      0.033     15.017      0.000
    DEO03              0.358      0.033     10.800      0.000
    DEO04              0.195      0.023      8.387      0.000
    DEO05              0.317      0.027     11.679      0.000
    DEO06              0.224      0.022     10.242      0.000
    DEO07              0.249      0.026      9.555      0.000
    DEO08              0.319      0.027     11.695      0.000
    REL01              0.265      0.026     10.056      0.000
    REL02              0.132      0.015      9.054      0.000
    REL03              0.244      0.025      9.732      0.000
    REL04              0.194      0.021      9.162      0.000
    REL05              0.204      0.022      9.314      0.000
    HEDO               0.295      0.032      9.085      0.000
    UTIL               0.269      0.036      7.409      0.000
    CONT               0.377      0.045      8.360      0.000
    DEON               0.219      0.032      6.779      0.000
    RELA               0.326      0.045      7.200      0.000


R-SQUARE

    Observed                                        Two-Tailed
    Variable        Estimate       S.E.  Est./S.E.    P-Value

    HED01              0.699      0.026     27.393      0.000
    HED03              0.258      0.038      6.833      0.000
    HED04              0.752      0.026     28.650      0.000
    HED05              0.542      0.036     15.007      0.000
    HED06              0.693      0.032     21.823      0.000
    HED07              0.715      0.030     23.914      0.000
    HED08              0.625      0.031     20.108      0.000
    HED09              0.717      0.029     24.430      0.000
    UTI01              0.709      0.025     28.102      0.000
    UTI02              0.766      0.025     31.064      0.000
    UTI03              0.708      0.033     21.743      0.000
    UTI04              0.842      0.014     58.202      0.000
    UTI05              0.744      0.028     26.259      0.000
    UTI06              0.720      0.026     28.097      0.000
    UTI07              0.648      0.030     21.521      0.000
    UTI08              0.670      0.027     24.503      0.000
    UTI09              0.771      0.020     38.048      0.000
    CON01              0.841      0.020     42.054      0.000
    CON02              0.830      0.019     43.534      0.000
    CON03              0.693      0.037     18.702      0.000
    CON04              0.717      0.028     25.762      0.000
    CON05              0.492      0.043     11.560      0.000
    CON06              0.745      0.029     25.338      0.000
    DEO01              0.386      0.041      9.487      0.000
    DEO02              0.497      0.033     14.834      0.000
    DEO03              0.642      0.033     19.383      0.000
    DEO04              0.805      0.023     34.633      0.000
    DEO05              0.683      0.027     25.147      0.000
    DEO06              0.776      0.022     35.566      0.000
    DEO07              0.751      0.026     28.755      0.000
    DEO08              0.681      0.027     24.985      0.000
    REL01              0.735      0.026     27.878      0.000
    REL02              0.868      0.015     59.296      0.000
    REL03              0.756      0.025     30.193      0.000
    REL04              0.806      0.021     38.173      0.000
    REL05              0.796      0.022     36.392      0.000

     Latent                                         Two-Tailed
    Variable        Estimate       S.E.  Est./S.E.    P-Value

    HEDO               0.705      0.032     21.718      0.000
    UTIL               0.731      0.036     20.091      0.000
    CONT               0.623      0.045     13.844      0.000
    DEON               0.781      0.032     24.147      0.000
    RELA               0.674      0.045     14.895      0.000


RESIDUAL OUTPUT


     ESTIMATED MODEL AND RESIDUALS (OBSERVED - ESTIMATED)


           Model Estimated Means
              HED01         HED03         HED04         HED05         HED06
              ________      ________      ________      ________      ________
                4.235         4.389         4.373         4.307         4.333


           Model Estimated Means
              HED07         HED08         HED09         UTI01         UTI02
              ________      ________      ________      ________      ________
                4.155         4.282         4.190         4.791         4.881


           Model Estimated Means
              UTI03         UTI04         UTI05         UTI06         UTI07
              ________      ________      ________      ________      ________
                4.706         4.744         4.990         4.760         4.670


           Model Estimated Means
              UTI08         UTI09         CON01         CON02         CON03
              ________      ________      ________      ________      ________
                4.656         4.658         4.406         4.370         4.264


           Model Estimated Means
              CON04         CON05         CON06         DEO01         DEO02
              ________      ________      ________      ________      ________
                4.332         4.078         4.370         4.501         3.960


           Model Estimated Means
              DEO03         DEO04         DEO05         DEO06         DEO07
              ________      ________      ________      ________      ________
                4.333         4.223         4.499         3.971         4.111


           Model Estimated Means
              DEO08         REL01         REL02         REL03         REL04
              ________      ________      ________      ________      ________
                4.249         4.762         4.428         4.560         4.387


           Model Estimated Means
              REL05
              ________
                4.380


           Residuals for Means
              HED01         HED03         HED04         HED05         HED06
              ________      ________      ________      ________      ________
                0.000         0.000         0.000         0.000         0.000


           Residuals for Means
              HED07         HED08         HED09         UTI01         UTI02
              ________      ________      ________      ________      ________
                0.000         0.000         0.000         0.000         0.000


           Residuals for Means
              UTI03         UTI04         UTI05         UTI06         UTI07
              ________      ________      ________      ________      ________
                0.000         0.000         0.000         0.000         0.000


           Residuals for Means
              UTI08         UTI09         CON01         CON02         CON03
              ________      ________      ________      ________      ________
                0.000         0.000         0.000         0.000         0.000


           Residuals for Means
              CON04         CON05         CON06         DEO01         DEO02
              ________      ________      ________      ________      ________
                0.000         0.000         0.000         0.000         0.000


           Residuals for Means
              DEO03         DEO04         DEO05         DEO06         DEO07
              ________      ________      ________      ________      ________
                0.000         0.000         0.000         0.000         0.000


           Residuals for Means
              DEO08         REL01         REL02         REL03         REL04
              ________      ________      ________      ________      ________
                0.000         0.000         0.000         0.000         0.000


           Residuals for Means
              REL05
              ________
                0.000


           Standardized Residuals (z-scores) for Means
              HED01         HED03         HED04         HED05         HED06
              ________      ________      ________      ________      ________
                0.000         0.000         0.000         0.000         0.000


           Standardized Residuals (z-scores) for Means
              HED07         HED08         HED09         UTI01         UTI02
              ________      ________      ________      ________      ________
                0.000         0.000         0.000         0.000         0.000


           Standardized Residuals (z-scores) for Means
              UTI03         UTI04         UTI05         UTI06         UTI07
              ________      ________      ________      ________      ________
                0.000         0.000         0.000         0.000         0.000


           Standardized Residuals (z-scores) for Means
              UTI08         UTI09         CON01         CON02         CON03
              ________      ________      ________      ________      ________
                0.000         0.000         0.000         0.000         0.000


           Standardized Residuals (z-scores) for Means
              CON04         CON05         CON06         DEO01         DEO02
              ________      ________      ________      ________      ________
                0.000         0.000         0.000         0.000         0.000


           Standardized Residuals (z-scores) for Means
              DEO03         DEO04         DEO05         DEO06         DEO07
              ________      ________      ________      ________      ________
                0.000         0.000         0.000         0.000         0.000


           Standardized Residuals (z-scores) for Means
              DEO08         REL01         REL02         REL03         REL04
              ________      ________      ________      ________      ________
                0.000         0.000         0.000         0.000         0.000


           Standardized Residuals (z-scores) for Means
              REL05
              ________
                0.000


           Normalized Residuals for Means
              HED01         HED03         HED04         HED05         HED06
              ________      ________      ________      ________      ________
                0.000         0.000         0.000         0.000         0.000


           Normalized Residuals for Means
              HED07         HED08         HED09         UTI01         UTI02
              ________      ________      ________      ________      ________
                0.000         0.000         0.000         0.000         0.000


           Normalized Residuals for Means
              UTI03         UTI04         UTI05         UTI06         UTI07
              ________      ________      ________      ________      ________
                0.000         0.000         0.000         0.000         0.000


           Normalized Residuals for Means
              UTI08         UTI09         CON01         CON02         CON03
              ________      ________      ________      ________      ________
                0.000         0.000         0.000         0.000         0.000


           Normalized Residuals for Means
              CON04         CON05         CON06         DEO01         DEO02
              ________      ________      ________      ________      ________
                0.000         0.000         0.000         0.000         0.000


           Normalized Residuals for Means
              DEO03         DEO04         DEO05         DEO06         DEO07
              ________      ________      ________      ________      ________
                0.000         0.000         0.000         0.000         0.000


           Normalized Residuals for Means
              DEO08         REL01         REL02         REL03         REL04
              ________      ________      ________      ________      ________
                0.000         0.000         0.000         0.000         0.000


           Normalized Residuals for Means
              REL05
              ________
                0.000


           Model Estimated Covariances
              HED01         HED03         HED04         HED05         HED06
              ________      ________      ________      ________      ________
 HED01          2.701
 HED03          1.178         2.842
 HED04          1.952         1.217         2.683
 HED05          1.443         0.899         1.491         2.033
 HED06          1.659         1.034         1.714         1.268         2.105
 HED07          1.759         1.096         1.817         1.343         1.545
 HED08          1.563         0.974         1.615         1.194         1.373
 HED09          1.863         1.161         1.925         1.423         1.637
 UTI01          1.115         0.695         1.152         0.852         0.980
 UTI02          1.215         0.757         1.255         0.928         1.067
 UTI03          1.231         0.767         1.272         0.940         1.082
 UTI04          1.438         0.897         1.486         1.099         1.264
 UTI05          1.255         0.782         1.296         0.958         1.102
 UTI06          1.235         0.770         1.276         0.944         1.085
 UTI07          1.190         0.742         1.229         0.909         1.045
 UTI08          1.237         0.771         1.278         0.945         1.087
 UTI09          1.514         0.943         1.564         1.156         1.330
 CON01          1.251         0.780         1.292         0.955         1.099
 CON02          1.237         0.771         1.278         0.945         1.086
 CON03          1.164         0.725         1.203         0.889         1.022
 CON04          1.207         0.753         1.247         0.922         1.061
 CON05          1.000         0.623         1.033         0.764         0.878
 CON06          1.308         0.815         1.351         0.999         1.149
 DEO01          0.964         0.601         0.996         0.737         0.847
 DEO02          0.997         0.622         1.030         0.762         0.876
 DEO03          1.196         0.746         1.236         0.914         1.051
 DEO04          1.459         0.909         1.507         1.114         1.282
 DEO05          1.397         0.871         1.443         1.067         1.227
 DEO06          1.508         0.940         1.558         1.152         1.325
 DEO07          1.493         0.930         1.542         1.140         1.311
 DEO08          1.258         0.784         1.300         0.961         1.105
 REL01          1.208         0.753         1.248         0.923         1.061
 REL02          1.379         0.860         1.425         1.053         1.211
 REL03          1.255         0.782         1.296         0.959         1.102
 REL04          1.516         0.945         1.566         1.158         1.332
 REL05          1.238         0.771         1.279         0.945         1.087


           Model Estimated Covariances
              HED07         HED08         HED09         UTI01         UTI02
              ________      ________      ________      ________      ________
 HED07          2.290
 HED08          1.455         2.068
 HED09          1.734         1.542         2.561
 UTI01          1.038         0.923         1.100         1.803
 UTI02          1.131         1.005         1.198         1.393         1.981
 UTI03          1.146         1.019         1.214         1.411         1.537
 UTI04          1.339         1.190         1.419         1.649         1.796
 UTI05          1.168         1.038         1.237         1.438         1.567
 UTI06          1.150         1.022         1.218         1.416         1.542
 UTI07          1.107         0.984         1.173         1.364         1.485
 UTI08          1.152         1.024         1.220         1.418         1.545
 UTI09          1.409         1.252         1.493         1.735         1.890
 CON01          1.164         1.035         1.234         1.047         1.141
 CON02          1.151         1.023         1.220         1.036         1.128
 CON03          1.083         0.963         1.148         0.975         1.062
 CON04          1.124         0.999         1.191         1.011         1.101
 CON05          0.931         0.827         0.986         0.837         0.912
 CON06          1.218         1.082         1.290         1.095         1.193
 DEO01          0.898         0.798         0.951         0.807         0.880
 DEO02          0.928         0.825         0.984         0.835         0.910
 DEO03          1.114         0.990         1.180         1.002         1.091
 DEO04          1.358         1.207         1.439         1.222         1.331
 DEO05          1.300         1.156         1.378         1.170         1.274
 DEO06          1.404         1.248         1.487         1.263         1.376
 DEO07          1.390         1.235         1.472         1.250         1.362
 DEO08          1.171         1.041         1.241         1.054         1.148
 REL01          1.125         1.000         1.192         1.012         1.102
 REL02          1.284         1.141         1.360         1.155         1.258
 REL03          1.168         1.038         1.238         1.051         1.145
 REL04          1.411         1.254         1.495         1.269         1.383
 REL05          1.152         1.024         1.221         1.036         1.129


           Model Estimated Covariances
              UTI03         UTI04         UTI05         UTI06         UTI07
              ________      ________      ________      ________      ________
 UTI03          2.200
 UTI04          1.820         2.525
 UTI05          1.587         1.854         2.173
 UTI06          1.563         1.826         1.593         2.179
 UTI07          1.505         1.758         1.534         1.510         2.245
 UTI08          1.565         1.829         1.595         1.571         1.513
 UTI09          1.915         2.237         1.951         1.921         1.850
 CON01          1.156         1.351         1.178         1.160         1.117
 CON02          1.143         1.336         1.165         1.147         1.105
 CON03          1.076         1.257         1.096         1.079         1.040
 CON04          1.116         1.304         1.137         1.120         1.078
 CON05          0.924         1.080         0.942         0.927         0.893
 CON06          1.209         1.412         1.232         1.213         1.168
 DEO01          0.891         1.041         0.908         0.894         0.861
 DEO02          0.922         1.077         0.939         0.925         0.891
 DEO03          1.106         1.292         1.127         1.109         1.068
 DEO04          1.349         1.576         1.374         1.353         1.303
 DEO05          1.291         1.508         1.316         1.295         1.248
 DEO06          1.394         1.628         1.420         1.398         1.347
 DEO07          1.380         1.612         1.406         1.384         1.333
 DEO08          1.163         1.359         1.185         1.167         1.124
 REL01          1.117         1.305         1.138         1.121         1.079
 REL02          1.275         1.489         1.299         1.279         1.232
 REL03          1.160         1.355         1.182         1.164         1.121
 REL04          1.401         1.637         1.428         1.406         1.354
 REL05          1.144         1.337         1.166         1.148         1.105


           Model Estimated Covariances
              UTI08         UTI09         CON01         CON02         CON03
              ________      ________      ________      ________      ________
 UTI08          2.346
 UTI09          1.925         3.054
 CON01          1.162         1.421         2.241
 CON02          1.149         1.405         1.863         2.219
 CON03          1.081         1.323         1.753         1.733         2.353
 CON04          1.122         1.372         1.818         1.798         1.692
 CON05          0.929         1.136         1.506         1.489         1.402
 CON06          1.215         1.486         1.970         1.948         1.833
 DEO01          0.896         1.096         0.905         0.895         0.843
 DEO02          0.926         1.133         0.936         0.926         0.871
 DEO03          1.111         1.359         1.123         1.111         1.045
 DEO04          1.355         1.658         1.370         1.355         1.275
 DEO05          1.298         1.587         1.312         1.297         1.221
 DEO06          1.401         1.714         1.416         1.400         1.318
 DEO07          1.387         1.696         1.402         1.386         1.304
 DEO08          1.169         1.430         1.182         1.168         1.100
 REL01          1.122         1.373         1.135         1.122         1.056
 REL02          1.281         1.567         1.295         1.281         1.205
 REL03          1.166         1.426         1.178         1.165         1.097
 REL04          1.408         1.723         1.423         1.408         1.325
 REL05          1.150         1.406         1.162         1.149         1.081


           Model Estimated Covariances
              CON04         CON05         CON06         DEO01         DEO02
              ________      ________      ________      ________      ________
 CON04          2.450
 CON05          1.454         2.448
 CON06          1.901         1.575         2.765
 DEO01          0.874         0.724         0.947         2.316
 DEO02          0.904         0.749         0.979         0.925         1.924
 DEO03          1.084         0.898         1.175         1.109         1.147
 DEO04          1.323         1.096         1.433         1.353         1.399
 DEO05          1.266         1.049         1.372         1.295         1.339
 DEO06          1.367         1.132         1.481         1.398         1.446
 DEO07          1.353         1.121         1.466         1.384         1.431
 DEO08          1.141         0.945         1.236         1.167         1.207
 REL01          1.095         0.907         1.186         0.875         0.905
 REL02          1.250         1.036         1.354         0.998         1.033
 REL03          1.137         0.942         1.232         0.908         0.939
 REL04          1.374         1.138         1.488         1.097         1.135
 REL05          1.122         0.929         1.215         0.896         0.927


           Model Estimated Covariances
              DEO03         DEO04         DEO05         DEO06         DEO07
              ________      ________      ________      ________      ________
 DEO03          2.143
 DEO04          1.678         2.543
 DEO05          1.607         1.960         2.747
 DEO06          1.735         2.116         2.025         2.816
 DEO07          1.717         2.094         2.005         2.164         2.855
 DEO08          1.447         1.765         1.690         1.825         1.806
 REL01          1.085         1.324         1.267         1.368         1.354
 REL02          1.239         1.511         1.446         1.561         1.546
 REL03          1.127         1.375         1.316         1.421         1.406
 REL04          1.361         1.661         1.590         1.716         1.699
 REL05          1.112         1.356         1.298         1.401         1.387


           Model Estimated Covariances
              DEO08         REL01         REL02         REL03         REL04
              ________      ________      ________      ________      ________
 DEO08          2.235
 REL01          1.142         2.213
 REL02          1.303         1.856         2.442
 REL03          1.186         1.689         1.927         2.319
 REL04          1.432         2.040         2.328         2.118         3.173
 REL05          1.169         1.665         1.901         1.730         2.089


           Model Estimated Covariances
              REL05
              ________
 REL05          2.142


           Model Estimated Correlations
              HED01         HED03         HED04         HED05         HED06
              ________      ________      ________      ________      ________
 HED01          1.000
 HED03          0.425         1.000
 HED04          0.725         0.441         1.000
 HED05          0.616         0.374         0.638         1.000
 HED06          0.696         0.423         0.721         0.613         1.000
 HED07          0.707         0.430         0.733         0.622         0.704
 HED08          0.661         0.402         0.686         0.582         0.658
 HED09          0.708         0.430         0.734         0.624         0.705
 UTI01          0.505         0.307         0.524         0.445         0.503
 UTI02          0.525         0.319         0.545         0.462         0.523
 UTI03          0.505         0.307         0.524         0.445         0.503
 UTI04          0.551         0.335         0.571         0.485         0.548
 UTI05          0.518         0.315         0.537         0.456         0.515
 UTI06          0.509         0.309         0.528         0.448         0.507
 UTI07          0.483         0.294         0.501         0.425         0.481
 UTI08          0.491         0.299         0.509         0.433         0.489
 UTI09          0.527         0.320         0.546         0.464         0.524
 CON01          0.508         0.309         0.527         0.448         0.506
 CON02          0.505         0.307         0.524         0.445         0.503
 CON03          0.462         0.281         0.479         0.406         0.459
 CON04          0.469         0.285         0.487         0.413         0.467
 CON05          0.389         0.236         0.403         0.342         0.387
 CON06          0.479         0.291         0.496         0.421         0.476
 DEO01          0.386         0.234         0.400         0.339         0.384
 DEO02          0.437         0.266         0.453         0.385         0.435
 DEO03          0.497         0.302         0.515         0.438         0.495
 DEO04          0.557         0.338         0.577         0.490         0.554
 DEO05          0.513         0.312         0.532         0.451         0.510
 DEO06          0.547         0.332         0.567         0.481         0.544
 DEO07          0.538         0.327         0.557         0.473         0.535
 DEO08          0.512         0.311         0.531         0.451         0.510
 REL01          0.494         0.300         0.512         0.435         0.492
 REL02          0.537         0.326         0.557         0.473         0.534
 REL03          0.501         0.305         0.520         0.441         0.499
 REL04          0.518         0.315         0.537         0.456         0.515
 REL05          0.514         0.313         0.533         0.453         0.512


           Model Estimated Correlations
              HED07         HED08         HED09         UTI01         UTI02
              ________      ________      ________      ________      ________
 HED07          1.000
 HED08          0.669         1.000
 HED09          0.716         0.670         1.000
 UTI01          0.511         0.478         0.512         1.000
 UTI02          0.531         0.497         0.532         0.737         1.000
 UTI03          0.511         0.478         0.511         0.709         0.736
 UTI04          0.557         0.521         0.558         0.773         0.803
 UTI05          0.524         0.490         0.525         0.727         0.755
 UTI06          0.515         0.482         0.516         0.714         0.742
 UTI07          0.488         0.457         0.489         0.678         0.704
 UTI08          0.497         0.465         0.498         0.690         0.717
 UTI09          0.533         0.498         0.534         0.739         0.768
 CON01          0.514         0.481         0.515         0.521         0.542
 CON02          0.511         0.478         0.512         0.518         0.538
 CON03          0.467         0.437         0.468         0.473         0.492
 CON04          0.475         0.444         0.475         0.481         0.500
 CON05          0.393         0.368         0.394         0.399         0.414
 CON06          0.484         0.453         0.485         0.491         0.510
 DEO01          0.390         0.365         0.390         0.395         0.411
 DEO02          0.442         0.414         0.443         0.448         0.466
 DEO03          0.503         0.470         0.504         0.510         0.530
 DEO04          0.563         0.526         0.564         0.571         0.593
 DEO05          0.518         0.485         0.519         0.526         0.546
 DEO06          0.553         0.517         0.554         0.560         0.582
 DEO07          0.543         0.508         0.544         0.551         0.573
 DEO08          0.518         0.484         0.519         0.525         0.546
 REL01          0.500         0.467         0.501         0.507         0.527
 REL02          0.543         0.508         0.544         0.550         0.572
 REL03          0.507         0.474         0.508         0.514         0.534
 REL04          0.523         0.490         0.524         0.531         0.552
 REL05          0.520         0.487         0.521         0.527         0.548


           Model Estimated Correlations
              UTI03         UTI04         UTI05         UTI06         UTI07
              ________      ________      ________      ________      ________
 UTI03          1.000
 UTI04          0.772         1.000
 UTI05          0.726         0.792         1.000
 UTI06          0.714         0.778         0.732         1.000
 UTI07          0.677         0.739         0.694         0.683         1.000
 UTI08          0.689         0.751         0.706         0.695         0.659
 UTI09          0.739         0.806         0.758         0.745         0.707
 CON01          0.521         0.568         0.534         0.525         0.498
 CON02          0.517         0.564         0.531         0.522         0.495
 CON03          0.473         0.516         0.485         0.477         0.452
 CON04          0.481         0.524         0.493         0.485         0.460
 CON05          0.398         0.434         0.408         0.402         0.381
 CON06          0.490         0.535         0.503         0.494         0.469
 DEO01          0.395         0.431         0.405         0.398         0.378
 DEO02          0.448         0.489         0.459         0.452         0.429
 DEO03          0.509         0.555         0.522         0.513         0.487
 DEO04          0.570         0.622         0.585         0.575         0.545
 DEO05          0.525         0.573         0.538         0.529         0.502
 DEO06          0.560         0.611         0.574         0.565         0.536
 DEO07          0.551         0.600         0.565         0.555         0.527
 DEO08          0.524         0.572         0.538         0.529         0.502
 REL01          0.506         0.552         0.519         0.510         0.484
 REL02          0.550         0.600         0.564         0.554         0.526
 REL03          0.513         0.560         0.527         0.518         0.491
 REL04          0.530         0.578         0.544         0.535         0.507
 REL05          0.527         0.575         0.540         0.531         0.504


           Model Estimated Correlations
              UTI08         UTI09         CON01         CON02         CON03
              ________      ________      ________      ________      ________
 UTI08          1.000
 UTI09          0.719         1.000
 CON01          0.507         0.543         1.000
 CON02          0.503         0.540         0.835         1.000
 CON03          0.460         0.493         0.763         0.759         1.000
 CON04          0.468         0.502         0.776         0.771         0.705
 CON05          0.388         0.416         0.643         0.639         0.584
 CON06          0.477         0.511         0.791         0.786         0.719
 DEO01          0.384         0.412         0.397         0.395         0.361
 DEO02          0.436         0.467         0.451         0.448         0.409
 DEO03          0.496         0.531         0.513         0.509         0.466
 DEO04          0.555         0.595         0.574         0.570         0.521
 DEO05          0.511         0.548         0.529         0.525         0.480
 DEO06          0.545         0.584         0.564         0.560         0.512
 DEO07          0.536         0.575         0.554         0.551         0.503
 DEO08          0.510         0.547         0.528         0.525         0.479
 REL01          0.493         0.528         0.510         0.506         0.463
 REL02          0.535         0.574         0.554         0.550         0.503
 REL03          0.500         0.536         0.517         0.514         0.469
 REL04          0.516         0.553         0.534         0.530         0.485
 REL05          0.513         0.550         0.530         0.527         0.482


           Model Estimated Correlations
              CON04         CON05         CON06         DEO01         DEO02
              ________      ________      ________      ________      ________
 CON04          1.000
 CON05          0.594         1.000
 CON06          0.731         0.605         1.000
 DEO01          0.367         0.304         0.374         1.000
 DEO02          0.416         0.345         0.425         0.438         1.000
 DEO03          0.473         0.392         0.483         0.498         0.565
 DEO04          0.530         0.439         0.540         0.558         0.632
 DEO05          0.488         0.404         0.498         0.513         0.583
 DEO06          0.520         0.431         0.531         0.548         0.621
 DEO07          0.512         0.424         0.522         0.538         0.611
 DEO08          0.487         0.404         0.497         0.513         0.582
 REL01          0.470         0.390         0.480         0.386         0.438
 REL02          0.511         0.424         0.521         0.420         0.476
 REL03          0.477         0.395         0.487         0.392         0.445
 REL04          0.493         0.408         0.503         0.405         0.459
 REL05          0.490         0.406         0.499         0.402         0.456


           Model Estimated Correlations
              DEO03         DEO04         DEO05         DEO06         DEO07
              ________      ________      ________      ________      ________
 DEO03          1.000
 DEO04          0.719         1.000
 DEO05          0.662         0.741         1.000
 DEO06          0.706         0.791         0.728         1.000
 DEO07          0.694         0.777         0.716         0.763         1.000
 DEO08          0.661         0.741         0.682         0.727         0.715
 REL01          0.498         0.558         0.514         0.548         0.539
 REL02          0.542         0.606         0.558         0.595         0.585
 REL03          0.506         0.566         0.521         0.556         0.547
 REL04          0.522         0.585         0.538         0.574         0.564
 REL05          0.519         0.581         0.535         0.570         0.561


           Model Estimated Correlations
              DEO08         REL01         REL02         REL03         REL04
              ________      ________      ________      ________      ________
 DEO08          1.000
 REL01          0.513         1.000
 REL02          0.558         0.798         1.000
 REL03          0.521         0.745         0.810         1.000
 REL04          0.538         0.770         0.836         0.781         1.000
 REL05          0.534         0.765         0.831         0.776         0.801


           Model Estimated Correlations
              REL05
              ________
 REL05          1.000


           Residuals for Covariances
              HED01         HED03         HED04         HED05         HED06
              ________      ________      ________      ________      ________
 HED01          0.000
 HED03         -0.024         0.000
 HED04          0.073        -0.096         0.000
 HED05          0.050         0.161        -0.118         0.000
 HED06          0.038         0.114         0.054         0.115         0.000
 HED07         -0.052        -0.015        -0.072        -0.023        -0.059
 HED08         -0.033         0.105        -0.001         0.174         0.046
 HED09         -0.122        -0.002        -0.020        -0.052        -0.087
 UTI01          0.138         0.034         0.166         0.034         0.111
 UTI02          0.157        -0.022         0.140         0.005         0.060
 UTI03          0.162         0.020         0.247         0.027         0.035
 UTI04          0.128        -0.029         0.084        -0.129        -0.042
 UTI05          0.047        -0.034         0.114        -0.149        -0.067
 UTI06          0.129        -0.026         0.169        -0.118        -0.029
 UTI07          0.099         0.040         0.177        -0.077        -0.016
 UTI08          0.077         0.091         0.097        -0.131        -0.034
 UTI09          0.121         0.022         0.149        -0.163        -0.019
 CON01          0.036        -0.181         0.042        -0.113        -0.110
 CON02         -0.056        -0.141        -0.036        -0.131        -0.163
 CON03          0.050        -0.080         0.079        -0.022        -0.107
 CON04         -0.005         0.056         0.023        -0.088        -0.150
 CON05          0.008         0.046         0.060        -0.142        -0.068
 CON06         -0.027        -0.149        -0.004        -0.185        -0.187
 DEO01         -0.061        -0.219         0.028        -0.106        -0.157
 DEO02          0.244         0.052         0.187         0.157         0.225
 DEO03         -0.031        -0.295        -0.063        -0.137        -0.195
 DEO04          0.103        -0.319         0.052        -0.098        -0.062
 DEO05          0.123        -0.217         0.094        -0.117        -0.089
 DEO06         -0.019        -0.314         0.026        -0.195        -0.132
 DEO07          0.032        -0.296         0.061        -0.221        -0.072
 DEO08         -0.028        -0.308        -0.001        -0.126        -0.133
 REL01         -0.057        -0.144         0.006        -0.157        -0.111
 REL02          0.088        -0.228         0.115        -0.201        -0.119
 REL03         -0.048        -0.188         0.008        -0.156        -0.178
 REL04          0.226        -0.280         0.146        -0.251        -0.110
 REL05          0.038        -0.233         0.006        -0.207        -0.134


           Residuals for Covariances
              HED07         HED08         HED09         UTI01         UTI02
              ________      ________      ________      ________      ________
 HED07          0.000
 HED08         -0.046         0.000
 HED09          0.215        -0.044         0.000
 UTI01          0.039         0.102         0.078         0.000
 UTI02          0.017         0.037         0.076         0.073         0.000
 UTI03          0.121         0.038         0.253        -0.006         0.006
 UTI04          0.013        -0.054         0.127        -0.025        -0.025
 UTI05          0.036        -0.073         0.046         0.004         0.035
 UTI06          0.083         0.004         0.142         0.057        -0.048
 UTI07          0.061        -0.009         0.098         0.034         0.016
 UTI08          0.066        -0.006         0.137        -0.036        -0.026
 UTI09          0.116        -0.054         0.211        -0.077        -0.027
 CON01         -0.036        -0.056        -0.029        -0.047        -0.039
 CON02         -0.033        -0.112        -0.088        -0.045        -0.136
 CON03         -0.009         0.004         0.002        -0.002         0.037
 CON04         -0.041         0.011        -0.064         0.005        -0.029
 CON05          0.040         0.000         0.111        -0.084        -0.048
 CON06          0.012        -0.065         0.003        -0.023         0.022
 DEO01         -0.121        -0.098        -0.062        -0.105        -0.050
 DEO02          0.216         0.278         0.249         0.081         0.106
 DEO03         -0.032        -0.111        -0.024        -0.107        -0.017
 DEO04          0.092        -0.037         0.040        -0.078         0.051
 DEO05          0.030        -0.016         0.037        -0.027         0.068
 DEO06          0.046        -0.060         0.050        -0.124        -0.046
 DEO07          0.091        -0.083         0.071        -0.049        -0.050
 DEO08         -0.060        -0.052        -0.005        -0.045         0.001
 REL01         -0.001        -0.074         0.040        -0.043        -0.018
 REL02          0.033        -0.132         0.142        -0.090        -0.033
 REL03         -0.058        -0.118         0.057        -0.138         0.001
 REL04          0.012        -0.168         0.088         0.007         0.074
 REL05          0.022        -0.183         0.068        -0.130        -0.060


           Residuals for Covariances
              UTI03         UTI04         UTI05         UTI06         UTI07
              ________      ________      ________      ________      ________
 UTI03          0.000
 UTI04          0.010         0.000
 UTI05         -0.036        -0.013         0.000
 UTI06          0.061         0.011         0.023         0.000
 UTI07         -0.039        -0.033         0.002        -0.052         0.000
 UTI08          0.014        -0.014        -0.022        -0.023         0.174
 UTI09         -0.047         0.095         0.024        -0.041        -0.031
 CON01          0.001        -0.052        -0.034         0.001        -0.089
 CON02         -0.038        -0.106        -0.118        -0.032        -0.150
 CON03          0.135         0.032         0.053         0.088        -0.016
 CON04          0.071        -0.038        -0.037         0.027        -0.050
 CON05          0.069        -0.046        -0.047        -0.025        -0.035
 CON06          0.050         0.019         0.007         0.097         0.033
 DEO01         -0.124        -0.062        -0.060        -0.062        -0.117
 DEO02          0.096         0.017        -0.002         0.028         0.058
 DEO03         -0.084        -0.072        -0.059        -0.054        -0.076
 DEO04         -0.014        -0.013        -0.042        -0.075        -0.009
 DEO05          0.014         0.009         0.025         0.035        -0.055
 DEO06         -0.097        -0.142        -0.168        -0.165        -0.194
 DEO07          0.003        -0.054        -0.099        -0.054        -0.090
 DEO08          0.001        -0.098        -0.108        -0.055        -0.116
 REL01          0.013        -0.005         0.011         0.009         0.036
 REL02          0.010         0.029         0.027        -0.017         0.037
 REL03         -0.032         0.014        -0.043        -0.012         0.026
 REL04          0.039         0.104         0.127         0.067         0.138
 REL05         -0.081        -0.017        -0.058        -0.024        -0.030


           Residuals for Covariances
              UTI08         UTI09         CON01         CON02         CON03
              ________      ________      ________      ________      ________
 UTI08          0.000
 UTI09         -0.009         0.000
 CON01         -0.026         0.015         0.000
 CON02         -0.074        -0.094         0.051         0.000
 CON03          0.008         0.048        -0.012        -0.078         0.000
 CON04         -0.030        -0.126        -0.046        -0.007         0.098
 CON05         -0.013        -0.029        -0.018         0.017         0.020
 CON06          0.023         0.062        -0.030         0.007         0.007
 DEO01         -0.133        -0.068         0.004         0.009         0.103
 DEO02          0.077         0.131         0.104         0.063         0.155
 DEO03         -0.033         0.034         0.078        -0.006         0.209
 DEO04          0.041         0.047         0.097         0.014         0.200
 DEO05          0.010         0.096         0.130         0.049         0.233
 DEO06         -0.071         0.033        -0.012        -0.054         0.182
 DEO07         -0.015         0.062         0.018        -0.004         0.145
 DEO08          0.013        -0.039         0.008        -0.032         0.130
 REL01         -0.011        -0.019        -0.062        -0.094        -0.017
 REL02          0.068         0.058         0.015        -0.054         0.081
 REL03         -0.032        -0.046        -0.015        -0.094         0.039
 REL04          0.157         0.218         0.086         0.044         0.128
 REL05         -0.038         0.045         0.019        -0.006         0.025


           Residuals for Covariances
              CON04         CON05         CON06         DEO01         DEO02
              ________      ________      ________      ________      ________
 CON04          0.000
 CON05         -0.001         0.000
 CON06          0.024        -0.017         0.000
 DEO01         -0.073         0.076        -0.049         0.000
 DEO02          0.089         0.132         0.058        -0.026         0.000
 DEO03          0.011         0.053         0.054         0.321        -0.018
 DEO04          0.049         0.050         0.096        -0.005         0.029
 DEO05          0.124        -0.010         0.250        -0.112        -0.005
 DEO06         -0.081        -0.002         0.083         0.000        -0.007
 DEO07          0.014         0.055         0.127        -0.077        -0.054
 DEO08          0.029         0.039         0.018         0.011        -0.067
 REL01          0.013        -0.037         0.007        -0.020        -0.085
 REL02         -0.043        -0.027         0.006        -0.113         0.005
 REL03         -0.040        -0.017         0.029        -0.045        -0.126
 REL04          0.050         0.060         0.153        -0.065         0.096
 REL05         -0.032        -0.011         0.064        -0.010        -0.020


           Residuals for Covariances
              DEO03         DEO04         DEO05         DEO06         DEO07
              ________      ________      ________      ________      ________
 DEO03          0.000
 DEO04          0.080         0.000
 DEO05         -0.008         0.015         0.000
 DEO06         -0.043        -0.038        -0.049         0.000
 DEO07         -0.115        -0.059        -0.005         0.157         0.000
 DEO08          0.017        -0.013        -0.008         0.033         0.047
 REL01         -0.116        -0.030         0.114        -0.131        -0.010
 REL02         -0.072         0.076         0.171        -0.032         0.027
 REL03         -0.143        -0.047         0.199        -0.119        -0.040
 REL04         -0.055         0.158         0.340         0.064         0.156
 REL05         -0.052         0.029         0.184        -0.038         0.072


           Residuals for Covariances
              DEO08         REL01         REL02         REL03         REL04
              ________      ________      ________      ________      ________
 DEO08          0.000
 REL01         -0.027         0.000
 REL02         -0.064        -0.032         0.000
 REL03         -0.054         0.213        -0.025         0.000
 REL04         -0.079        -0.108         0.050        -0.090         0.000
 REL05         -0.005        -0.007        -0.003        -0.015         0.033


           Residuals for Covariances
              REL05
              ________
 REL05          0.000


           Residuals for Correlations
              HED01         HED03         HED04         HED05         HED06
              ________      ________      ________      ________      ________
 HED01          0.000
 HED03         -0.009         0.000
 HED04          0.027        -0.035         0.000
 HED05          0.021         0.067        -0.051         0.000
 HED06          0.016         0.047         0.023         0.056         0.000
 HED07         -0.021        -0.006        -0.029        -0.011        -0.027
 HED08         -0.014         0.043        -0.001         0.085         0.022
 HED09         -0.046        -0.001        -0.008        -0.023        -0.037
 UTI01          0.062         0.015         0.075         0.018         0.057
 UTI02          0.068        -0.009         0.061         0.002         0.030
 UTI03          0.067         0.008         0.102         0.013         0.016
 UTI04          0.049        -0.011         0.032        -0.057        -0.018
 UTI05          0.019        -0.014         0.047        -0.071        -0.032
 UTI06          0.053        -0.010         0.070        -0.056        -0.014
 UTI07          0.040         0.016         0.072        -0.036        -0.007
 UTI08          0.030         0.035         0.039        -0.060        -0.016
 UTI09          0.042         0.007         0.052        -0.066        -0.007
 CON01          0.014        -0.072         0.017        -0.053        -0.050
 CON02         -0.023        -0.056        -0.015        -0.062        -0.075
 CON03          0.020        -0.031         0.031        -0.010        -0.048
 CON04         -0.002         0.021         0.009        -0.039        -0.066
 CON05          0.003         0.017         0.024        -0.064        -0.030
 CON06         -0.010        -0.053        -0.001        -0.078        -0.078
 DEO01         -0.024        -0.085         0.011        -0.049        -0.071
 DEO02          0.107         0.022         0.082         0.080         0.112
 DEO03         -0.013        -0.119        -0.026        -0.066        -0.092
 DEO04          0.039        -0.119         0.020        -0.043        -0.027
 DEO05          0.045        -0.078         0.035        -0.049        -0.037
 DEO06         -0.007        -0.111         0.010        -0.081        -0.054
 DEO07          0.012        -0.104         0.022        -0.092        -0.029
 DEO08         -0.012        -0.122         0.000        -0.059        -0.061
 REL01         -0.023        -0.057         0.003        -0.074        -0.052
 REL02          0.034        -0.087         0.045        -0.090        -0.053
 REL03         -0.019        -0.073         0.003        -0.072        -0.081
 REL04          0.077        -0.093         0.050        -0.099        -0.043
 REL05          0.016        -0.095         0.003        -0.099        -0.063


           Residuals for Correlations
              HED07         HED08         HED09         UTI01         UTI02
              ________      ________      ________      ________      ________
 HED07          0.000
 HED08         -0.021         0.000
 HED09          0.089        -0.019         0.000
 UTI01          0.019         0.053         0.036         0.000
 UTI02          0.008         0.018         0.034         0.039         0.000
 UTI03          0.054         0.018         0.106        -0.003         0.003
 UTI04          0.006        -0.024         0.050        -0.012        -0.011
 UTI05          0.016        -0.034         0.020         0.002         0.017
 UTI06          0.037         0.002         0.060         0.029        -0.023
 UTI07          0.027        -0.004         0.041         0.017         0.008
 UTI08          0.028        -0.003         0.056        -0.017        -0.012
 UTI09          0.044        -0.022         0.075        -0.033        -0.011
 CON01         -0.016        -0.026        -0.012        -0.023        -0.019
 CON02         -0.014        -0.052        -0.037        -0.022        -0.065
 CON03         -0.004         0.002         0.001        -0.001         0.017
 CON04         -0.017         0.005        -0.025         0.002        -0.013
 CON05          0.017         0.000         0.044        -0.040        -0.022
 CON06          0.005        -0.027         0.001        -0.010         0.009
 DEO01         -0.052        -0.045        -0.025        -0.051        -0.023
 DEO02          0.103         0.139         0.112         0.043         0.054
 DEO03         -0.015        -0.053        -0.010        -0.054        -0.008
 DEO04          0.038        -0.016         0.016        -0.037         0.023
 DEO05          0.012        -0.007         0.014        -0.012         0.029
 DEO06          0.018        -0.025         0.019        -0.055        -0.019
 DEO07          0.035        -0.034         0.026        -0.022        -0.021
 DEO08         -0.026        -0.024        -0.002        -0.022         0.000
 REL01         -0.001        -0.035         0.017        -0.021        -0.009
 REL02          0.014        -0.059         0.057        -0.043        -0.015
 REL03         -0.025        -0.054         0.023        -0.067         0.001
 REL04          0.005        -0.066         0.031         0.003         0.030
 REL05          0.010        -0.087         0.029        -0.066        -0.029


           Residuals for Correlations
              UTI03         UTI04         UTI05         UTI06         UTI07
              ________      ________      ________      ________      ________
 UTI03          0.000
 UTI04          0.004         0.000
 UTI05         -0.016        -0.005         0.000
 UTI06          0.028         0.005         0.011         0.000
 UTI07         -0.018        -0.014         0.001        -0.024         0.000
 UTI08          0.006        -0.006        -0.010        -0.010         0.076
 UTI09         -0.018         0.034         0.009        -0.016        -0.012
 CON01          0.000        -0.022        -0.015         0.001        -0.039
 CON02         -0.017        -0.045        -0.054        -0.015        -0.067
 CON03          0.059         0.013         0.024         0.039        -0.007
 CON04          0.031        -0.015        -0.016         0.012        -0.021
 CON05          0.030        -0.019        -0.020        -0.011        -0.015
 CON06          0.020         0.007         0.003         0.039         0.013
 DEO01         -0.055        -0.026        -0.027        -0.028        -0.051
 DEO02          0.047         0.008        -0.001         0.014         0.028
 DEO03         -0.039        -0.031        -0.028        -0.025        -0.035
 DEO04         -0.006        -0.005        -0.018        -0.032        -0.004
 DEO05          0.006         0.004         0.010         0.014        -0.022
 DEO06         -0.039        -0.053        -0.068        -0.067        -0.077
 DEO07          0.001        -0.020        -0.040        -0.022        -0.035
 DEO08          0.001        -0.041        -0.049        -0.025        -0.052
 REL01          0.006        -0.002         0.005         0.004         0.016
 REL02          0.004         0.012         0.012        -0.007         0.016
 REL03         -0.014         0.006        -0.019        -0.005         0.011
 REL04          0.015         0.037         0.048         0.025         0.052
 REL05         -0.037        -0.007        -0.027        -0.011        -0.014


           Residuals for Correlations
              UTI08         UTI09         CON01         CON02         CON03
              ________      ________      ________      ________      ________
 UTI08          0.000
 UTI09         -0.003         0.000
 CON01         -0.011         0.006         0.000
 CON02         -0.032        -0.036         0.023         0.000
 CON03          0.003         0.018        -0.005        -0.034         0.000
 CON04         -0.013        -0.046        -0.020        -0.003         0.041
 CON05         -0.005        -0.011        -0.008         0.007         0.008
 CON06          0.009         0.021        -0.012         0.003         0.003
 DEO01         -0.057        -0.026         0.002         0.004         0.044
 DEO02          0.036         0.054         0.050         0.030         0.073
 DEO03         -0.015         0.013         0.036        -0.003         0.093
 DEO04          0.017         0.017         0.041         0.006         0.082
 DEO05          0.004         0.033         0.052         0.020         0.092
 DEO06         -0.027         0.011        -0.005        -0.022         0.071
 DEO07         -0.006         0.021         0.007        -0.002         0.056
 DEO08          0.006        -0.015         0.003        -0.015         0.057
 REL01         -0.005        -0.007        -0.028        -0.043        -0.007
 REL02          0.028         0.021         0.006        -0.023         0.034
 REL03         -0.014        -0.017        -0.007        -0.041         0.017
 REL04          0.057         0.070         0.032         0.016         0.047
 REL05         -0.017         0.018         0.009        -0.003         0.011


           Residuals for Correlations
              CON04         CON05         CON06         DEO01         DEO02
              ________      ________      ________      ________      ________
 CON04          0.000
 CON05         -0.001         0.000
 CON06          0.009        -0.006         0.000
 DEO01         -0.031         0.032        -0.019         0.000
 DEO02          0.041         0.061         0.025        -0.012         0.000
 DEO03          0.005         0.023         0.022         0.144        -0.009
 DEO04          0.020         0.020         0.036        -0.002         0.013
 DEO05          0.048        -0.004         0.091        -0.044        -0.002
 DEO06         -0.031        -0.001         0.030         0.000        -0.003
 DEO07          0.005         0.021         0.045        -0.030        -0.023
 DEO08          0.012         0.017         0.007         0.005        -0.032
 REL01          0.006        -0.016         0.003        -0.009        -0.041
 REL02         -0.018        -0.011         0.002        -0.047         0.002
 REL03         -0.017        -0.007         0.011        -0.020        -0.060
 REL04          0.018         0.021         0.052        -0.024         0.039
 REL05         -0.014        -0.005         0.026        -0.005        -0.010


           Residuals for Correlations
              DEO03         DEO04         DEO05         DEO06         DEO07
              ________      ________      ________      ________      ________
 DEO03          0.000
 DEO04          0.034         0.000
 DEO05         -0.003         0.006         0.000
 DEO06         -0.017        -0.014        -0.018         0.000
 DEO07         -0.046        -0.022        -0.002         0.055         0.000
 DEO08          0.008        -0.005        -0.003         0.013         0.019
 REL01         -0.053        -0.013         0.046        -0.053        -0.004
 REL02         -0.032         0.031         0.066        -0.012         0.010
 REL03         -0.064        -0.019         0.079        -0.047        -0.016
 REL04         -0.021         0.056         0.115         0.021         0.052
 REL05         -0.024         0.013         0.076        -0.015         0.029


           Residuals for Correlations
              DEO08         REL01         REL02         REL03         REL04
              ________      ________      ________      ________      ________
 DEO08          0.000
 REL01         -0.012         0.000
 REL02         -0.027        -0.014         0.000
 REL03         -0.024         0.094        -0.011         0.000
 REL04         -0.030        -0.041         0.018        -0.033         0.000
 REL05         -0.002        -0.003        -0.001        -0.007         0.013


           Residuals for Correlations
              REL05
              ________
 REL05          0.000


           Standardized Residuals (z-scores) for Covariances
              HED01         HED03         HED04         HED05         HED06
              ________      ________      ________      ________      ________
 HED01          0.027
 HED03         -0.441         0.000
 HED04          1.914        -1.730         0.027
 HED05          1.411         2.954        -2.825         0.022
 HED06          1.619         2.425         2.671         4.698         0.000
 HED07         -1.416        -0.314        -2.063        -0.798        -1.812
 HED08         -0.834         2.133        -0.045         8.150         1.679
 HED09         -2.460        -0.043        -0.609        -1.653        -2.384
 UTI01          3.001         0.534         4.328         0.720         2.874
 UTI02          3.178        -0.316         3.046         0.100         1.328
 UTI03          3.119         0.262         5.753         0.504         0.718
 UTI04          2.499        -0.369         2.100        -2.236        -0.939
 UTI05          0.836        -0.425         2.191        -2.554        -1.302
 UTI06          2.565        -0.330         4.181        -2.112        -0.629
 UTI07          1.629         0.485         3.076        -1.295        -0.299
 UTI08          1.353         1.125         1.811        -2.445        -0.630
 UTI09          1.948         0.262         2.776        -2.574        -0.342
 CON01          0.557        -2.106         0.769        -1.798        -1.863
 CON02         -0.882        -1.729        -0.642        -2.095        -2.765
 CON03          0.821        -0.895         1.466        -0.352        -1.814
 CON04         -0.078         0.612         0.374        -1.309        -2.278
 CON05          0.098         0.472         0.858        -2.014        -0.979
 CON06         -0.367        -1.503        -0.058        -2.882        -2.943
 DEO01         -0.801        -2.236         0.427        -1.488        -2.557
 DEO02          4.354         0.642         3.676         2.692         4.053
 DEO03         -0.473        -3.351        -1.111        -2.166        -3.310
 DEO04          1.735        -3.593         1.005        -1.732        -1.152
 DEO05          1.786        -2.256         1.502        -1.802        -1.423
 DEO06         -0.278        -3.356         0.430        -3.235        -2.160
 DEO07          0.493        -3.175         1.117        -3.415        -1.309
 DEO08         -0.445        -3.643        -0.014        -2.125        -2.207
 REL01         -0.917        -1.694         0.095        -2.531        -1.781
 REL02          1.695        -2.639         2.157        -3.544        -2.111
 REL03         -0.791        -2.107         0.116        -2.511        -2.884
 REL04          3.476        -2.816         2.105        -3.989        -1.670
 REL05          0.699        -2.686         0.106        -3.575        -2.415


           Standardized Residuals (z-scores) for Covariances
              HED07         HED08         HED09         UTI01         UTI02
              ________      ________      ________      ________      ________
 HED07          0.025
 HED08         -1.545         0.000
 HED09        999.000        -1.517         0.027
 UTI01          1.538         2.438         2.387         0.000
 UTI02          0.519         0.795         1.983         4.474         0.000
 UTI03          3.449         0.794         6.470        -0.240         0.231
 UTI04          0.362        -1.100         3.670        -1.196        -0.948
 UTI05          0.859        -1.435         1.041         0.153         1.553
 UTI06          2.136         0.080         3.493         3.271        -1.835
 UTI07          1.297        -0.165         1.811         1.652         0.641
 UTI08          1.743        -0.113         3.313        -1.197        -0.778
 UTI09          2.773        -0.957         4.884        -2.759        -1.292
 CON01         -0.687        -0.917        -0.479        -0.972        -0.964
 CON02         -0.632        -1.823        -1.437        -1.047        -3.956
 CON03         -0.170         0.071         0.037        -0.049         0.722
 CON04         -0.704         0.190        -0.921         0.095        -0.559
 CON05          0.606         0.006         1.537        -1.397        -0.817
 CON06          0.202        -0.992         0.039        -0.462         0.442
 DEO01         -1.802        -1.516        -0.856        -1.873        -0.904
 DEO02          4.158         4.921         4.837         1.749         2.437
 DEO03         -0.671        -2.100        -0.432        -2.406        -0.416
 DEO04          2.253        -0.732         0.838        -1.673         1.395
 DEO05          0.583        -0.265         0.633        -0.548         1.485
 DEO06          0.972        -1.050         0.928        -2.688        -1.036
 DEO07          1.989        -1.476         1.330        -1.076        -1.208
 DEO08         -1.126        -0.950        -0.089        -0.956         0.018
 REL01         -0.027        -1.149         0.679        -0.836        -0.319
 REL02          0.722        -2.367         3.243        -2.071        -0.941
 REL03         -1.110        -1.832         0.975        -2.878         0.028
 REL04          0.216        -2.517         1.505         0.125         1.583
 REL05          0.446        -3.132         1.291        -3.183        -1.576


           Standardized Residuals (z-scores) for Covariances
              UTI03         UTI04         UTI05         UTI06         UTI07
              ________      ________      ________      ________      ________
 UTI03          0.000
 UTI04          0.516         0.034
 UTI05         -1.063        -0.541         0.000
 UTI06          2.372         0.438         0.770         0.000
 UTI07         -1.223        -1.228         0.056        -1.519         0.000
 UTI08          0.866        -0.605        -0.744        -0.707         8.380
 UTI09         -1.335         3.836         1.030        -1.134        -0.719
 CON01          0.021        -1.047        -0.744         0.029        -1.601
 CON02         -0.762        -2.088        -2.717        -0.685        -2.845
 CON03          2.641         0.593         1.046         1.779        -0.261
 CON04          1.305        -0.629        -0.697         0.519        -0.781
 CON05          1.038        -0.667        -0.688        -0.378        -0.473
 CON06          0.874         0.350         0.127         1.839         0.589
 DEO01         -1.802        -0.896        -0.985        -1.040        -1.627
 DEO02          1.813         0.324        -0.033         0.539         1.095
 DEO03         -1.457        -1.370        -1.102        -1.070        -1.314
 DEO04         -0.260        -0.235        -0.791        -1.601        -0.162
 DEO05          0.223         0.161         0.430         0.677        -0.856
 DEO06         -1.719        -2.480        -2.878        -3.318        -3.106
 DEO07          0.058        -0.939        -1.711        -1.070        -1.417
 DEO08          0.024        -1.667        -1.792        -1.059        -1.897
 REL01          0.230        -0.091         0.188         0.151         0.601
 REL02          0.206         0.868         0.623        -0.370         0.909
 REL03         -0.602         0.283        -0.825        -0.223         0.501
 REL04          0.666         2.316         2.458         1.239         2.381
 REL05         -1.700        -0.423        -1.392        -0.486        -0.650


           Standardized Residuals (z-scores) for Covariances
              UTI08         UTI09         CON01         CON02         CON03
              ________      ________      ________      ________      ________
 UTI08          0.000
 UTI09         -0.209         0.000
 CON01         -0.491         0.244         0.026
 CON02         -1.359        -1.540       999.000         0.000
 CON03          0.136         0.733        -0.706        -2.599         0.000
 CON04         -0.511        -1.745        -1.769        -0.450         4.217
 CON05         -0.174        -0.366        -0.684         0.620         0.478
 CON06          0.364         0.863        -1.039         0.492         0.379
 DEO01         -1.818        -0.919         0.060         0.167         1.574
 DEO02          1.477         2.316         2.028         1.214         2.986
 DEO03         -0.590         0.567         1.629        -0.127         4.460
 DEO04          0.768         0.807         2.169         0.301         6.015
 DEO05          0.172         1.431         2.851         0.922         5.017
 DEO06         -1.238         0.508        -0.299        -1.293         5.018
 DEO07         -0.277         0.931         0.417        -0.084         3.327
 DEO08          0.227        -0.575         0.169        -0.710         2.590
 REL01         -0.180        -0.313        -1.061        -1.564        -0.265
 REL02          1.398         1.289         0.287        -0.934         1.702
 REL03         -0.611        -0.829        -0.290        -1.551         0.673
 REL04          2.712         3.522         1.656         0.740         2.218
 REL05         -0.758         0.849         0.369        -0.116         0.455


           Standardized Residuals (z-scores) for Covariances
              CON04         CON05         CON06         DEO01         DEO02
              ________      ________      ________      ________      ________
 CON04          0.029
 CON05         -0.037         0.029
 CON06          0.950        -0.417         0.026
 DEO01         -1.024         0.993        -0.719         0.000
 DEO02          1.479         1.881         0.950        -0.498         0.031
 DEO03          0.179         0.855         1.068        20.541        -0.638
 DEO04          0.927         0.794         2.056        -0.166         2.276
 DEO05          2.003        -0.135         4.667        -1.966        -0.184
 DEO06         -1.333        -0.031         1.946         0.000        -0.202
 DEO07          0.250         0.796         2.570        -1.874        -1.461
 DEO08          0.519         0.591         0.327         0.272        -1.704
 REL01          0.196        -0.487         0.103        -0.265        -1.460
 REL02         -0.686        -0.412         0.092        -1.698         0.097
 REL03         -0.623        -0.230         0.438        -0.600        -2.171
 REL04          0.722         0.759         2.289        -0.883         1.602
 REL05         -0.508        -0.156         1.089        -0.154        -0.401


           Standardized Residuals (z-scores) for Covariances
              DEO03         DEO04         DEO05         DEO06         DEO07
              ________      ________      ________      ________      ________
 DEO03          0.000
 DEO04         15.127         0.000
 DEO05         -0.229         0.557         0.024
 DEO06         -1.710        -1.216        -1.441         0.041
 DEO07         -3.183        -2.342        -0.166       999.000         0.000
 DEO08          0.848        -0.436        -0.279         1.158         2.452
 REL01         -1.962        -0.586         2.069        -2.613        -0.198
 REL02         -1.428         1.781         4.049        -0.771         0.641
 REL03         -2.653        -1.058         3.685        -2.457        -0.805
 REL04         -0.987         3.469         7.015         1.237         3.217
 REL05         -0.984         0.790         3.847        -0.833         1.658


           Standardized Residuals (z-scores) for Covariances
              DEO08         REL01         REL02         REL03         REL04
              ________      ________      ________      ________      ________
 DEO08          0.000
 REL01         -0.475         0.000
 REL02         -1.387        -2.626         0.000
 REL03         -0.972       999.000        -1.858         0.000
 REL04         -1.368        -3.230         2.737        -2.862         0.000
 REL05         -0.091        -0.385        -0.427        -0.665         2.378


           Standardized Residuals (z-scores) for Covariances
              REL05
              ________
 REL05          0.000


           Normalized Residuals for Covariances
              HED01         HED03         HED04         HED05         HED06
              ________      ________      ________      ________      ________
 HED01          0.000
 HED03         -0.188         0.000
 HED04          0.573        -0.747         0.000
 HED05          0.423         1.411        -1.013         0.000
 HED06          0.329         0.965         0.467         1.043         0.000
 HED07         -0.442        -0.126        -0.600        -0.214        -0.537
 HED08         -0.280         0.901        -0.012         1.596         0.414
 HED09         -0.965        -0.017        -0.160        -0.456        -0.752
 UTI01          1.338         0.345         1.632         0.383         1.219
 UTI02          1.415        -0.206         1.259         0.051         0.612
 UTI03          1.425         0.177         2.182         0.274         0.344
 UTI04          1.056        -0.235         0.712        -1.194        -0.390
 UTI05          0.401        -0.289         0.965        -1.458        -0.646
 UTI06          1.142        -0.224         1.520        -1.177        -0.288
 UTI07          0.864         0.343         1.536        -0.768        -0.159
 UTI08          0.665         0.778         0.829        -1.328        -0.326
 UTI09          0.936         0.170         1.158        -1.435        -0.163
 CON01          0.294        -1.540         0.354        -1.052        -1.021
 CON02         -0.479        -1.239        -0.311        -1.252        -1.559
 CON03          0.430        -0.679         0.685        -0.212        -1.023
 CON04         -0.045         0.460         0.193        -0.825        -1.380
 CON05          0.063         0.378         0.512        -1.378        -0.641
 CON06         -0.208        -1.151        -0.030        -1.683        -1.667
 DEO01         -0.521        -1.813         0.246        -1.020        -1.585
 DEO02          2.271         0.484         1.755         1.613         2.243
 DEO03         -0.274        -2.533        -0.576        -1.351        -1.935
 DEO04          0.827        -2.522         0.426        -0.895        -0.559
 DEO05          0.965        -1.668         0.751        -1.029        -0.783
 DEO06         -0.149        -2.410         0.208        -1.760        -1.146
 DEO07          0.251        -2.260         0.484        -1.940        -0.629
 DEO08         -0.248        -2.635        -0.007        -1.239        -1.275
 REL01         -0.489        -1.221         0.052        -1.520        -1.029
 REL02          0.741        -1.849         0.943        -1.906        -1.084
 REL03         -0.408        -1.538         0.063        -1.492        -1.647
 REL04          1.686        -2.036         1.061        -2.172        -0.896
 REL05          0.339        -1.977         0.054        -2.059        -1.304


           Normalized Residuals for Covariances
              HED07         HED08         HED09         UTI01         UTI02
              ________      ________      ________      ________      ________
 HED07          0.000
 HED08         -0.424         0.000
 HED09          1.821        -0.388         0.000
 UTI01          0.430         1.107         0.797         0.000
 UTI02          0.170         0.373         0.716         0.757         0.000
 UTI03          1.156         0.373         2.277        -0.061         0.058
 UTI04          0.120        -0.495         1.092        -0.243        -0.227
 UTI05          0.333        -0.708         0.409         0.037         0.322
 UTI06          0.789         0.040         1.287         0.581        -0.454
 UTI07          0.592        -0.086         0.884         0.350         0.154
 UTI08          0.626        -0.060         1.240        -0.365        -0.245
 UTI09          0.968        -0.466         1.687        -0.719        -0.245
 CON01         -0.324        -0.508        -0.246        -0.471        -0.385
 CON02         -0.302        -1.042        -0.759        -0.476        -1.442
 CON03         -0.082         0.039         0.019        -0.023         0.351
 CON04         -0.370         0.106        -0.531         0.049        -0.281
 CON05          0.363         0.004         0.945        -0.854        -0.474
 CON06          0.100        -0.565         0.020        -0.222         0.198
 DEO01         -1.111        -0.945        -0.536        -1.119        -0.509
 DEO02          2.067         2.767         2.311         0.913         1.165
 DEO03         -0.316        -1.137        -0.220        -1.209        -0.187
 DEO04          0.804        -0.335         0.336        -0.766         0.493
 DEO05          0.255        -0.144         0.299        -0.269         0.647
 DEO06          0.395        -0.526         0.410        -1.217        -0.430
 DEO07          0.767        -0.729         0.575        -0.472        -0.469
 DEO08         -0.551        -0.513        -0.045        -0.488         0.009
 REL01         -0.013        -0.680         0.345        -0.442        -0.172
 REL02          0.293        -1.215         1.219        -0.921        -0.323
 REL03         -0.535        -1.076         0.483        -1.459         0.014
 REL04          0.099        -1.377         0.673         0.061         0.649
 REL05          0.208        -1.785         0.610        -1.492        -0.640


           Normalized Residuals for Covariances
              UTI03         UTI04         UTI05         UTI06         UTI07
              ________      ________      ________      ________      ________
 UTI03          0.000
 UTI04          0.087         0.000
 UTI05         -0.315        -0.107         0.000
 UTI06          0.552         0.095         0.204         0.000
 UTI07         -0.363        -0.295         0.016        -0.490         0.000
 UTI08          0.131        -0.121        -0.197        -0.210         1.586
 UTI09         -0.385         0.753         0.199        -0.350        -0.252
 CON01          0.010        -0.447        -0.313         0.013        -0.823
 CON02         -0.362        -0.942        -1.135        -0.312        -1.457
 CON03          1.225         0.271         0.488         0.824        -0.147
 CON04          0.657        -0.322        -0.340         0.258        -0.453
 CON05          0.636        -0.394        -0.419        -0.230        -0.310
 CON06          0.427         0.153         0.058         0.844         0.295
 DEO01         -1.159        -0.537        -0.576        -0.612        -1.076
 DEO02          0.973         0.161        -0.019         0.287         0.617
 DEO03         -0.830        -0.684        -0.582        -0.547        -0.743
 DEO04         -0.123        -0.106        -0.369        -0.689        -0.078
 DEO05          0.124         0.079         0.216         0.320        -0.488
 DEO06         -0.846        -1.185        -1.452        -1.506        -1.713
 DEO07          0.027        -0.437        -0.847        -0.479        -0.769
 DEO08          0.013        -0.882        -1.004        -0.543        -1.114
 REL01          0.123        -0.043         0.101         0.081         0.330
 REL02          0.091         0.262         0.245        -0.159         0.355
 REL03         -0.302         0.125        -0.401        -0.114         0.249
 REL04          0.321         0.830         1.049         0.557         1.133
 REL05         -0.822        -0.160        -0.595        -0.237        -0.307


           Normalized Residuals for Covariances
              UTI08         UTI09         CON01         CON02         CON03
              ________      ________      ________      ________      ________
 UTI08          0.000
 UTI09         -0.075         0.000
 CON01         -0.238         0.117         0.000
 CON02         -0.692        -0.776         0.460         0.000
 CON03          0.072         0.377        -0.110        -0.721         0.000
 CON04         -0.277        -0.991        -0.416        -0.065         0.866
 CON05         -0.114        -0.229        -0.160         0.155         0.173
 CON06          0.192         0.454        -0.251         0.062         0.061
 DEO01         -1.210        -0.563         0.032         0.089         0.939
 DEO02          0.795         1.184         1.001         0.620         1.546
 DEO03         -0.325         0.301         0.715        -0.057         1.979
 DEO04          0.358         0.370         0.797         0.116         1.731
 DEO05          0.091         0.741         1.097         0.413         2.004
 DEO06         -0.617         0.253        -0.101        -0.475         1.558
 DEO07         -0.132         0.463         0.148        -0.033         1.213
 DEO08          0.125        -0.323         0.070        -0.306         1.184
 REL01         -0.099        -0.161        -0.551        -0.851        -0.150
 REL02          0.613         0.484         0.126        -0.463         0.719
 REL03         -0.302        -0.395        -0.136        -0.837         0.347
 REL04          1.263         1.583         0.679         0.348         1.012
 REL05         -0.372         0.396         0.173        -0.059         0.235


           Normalized Residuals for Covariances
              CON04         CON05         CON06         DEO01         DEO02
              ________      ________      ________      ________      ________
 CON04          0.000
 CON05         -0.012         0.000
 CON06          0.208        -0.137         0.000
 DEO01         -0.649         0.682        -0.422         0.000
 DEO02          0.846         1.250         0.516        -0.251         0.000
 DEO03          0.096         0.496         0.482         2.927        -0.187
 DEO04          0.411         0.416         0.763        -0.043         0.277
 DEO05          1.026        -0.082         1.971        -0.924        -0.049
 DEO06         -0.661        -0.017         0.665         0.000        -0.060
 DEO07          0.117         0.447         0.991        -0.647        -0.476
 DEO08          0.264         0.351         0.153         0.102        -0.671
 REL01          0.114        -0.321         0.057        -0.176        -0.841
 REL02         -0.367        -0.239         0.045        -1.018         0.050
 REL03         -0.350        -0.146         0.237        -0.398        -1.237
 REL04          0.387         0.462         1.108        -0.532         0.836
 REL05         -0.288        -0.097         0.550        -0.098        -0.211


           Normalized Residuals for Covariances
              DEO03         DEO04         DEO05         DEO06         DEO07
              ________      ________      ________      ________      ________
 DEO03          0.000
 DEO04          0.715         0.000
 DEO05         -0.072         0.126         0.000
 DEO06         -0.386        -0.310        -0.395         0.000
 DEO07         -1.014        -0.479        -0.039         1.237         0.000
 DEO08          0.165        -0.111        -0.067         0.280         0.408
 REL01         -1.111        -0.264         0.983        -1.159        -0.086
 REL02         -0.684         0.637         1.448        -0.276         0.224
 REL03         -1.402        -0.416         1.687        -1.050        -0.343
 REL04         -0.475         1.210         2.600         0.486         1.171
 REL05         -0.517         0.273         1.626        -0.340         0.635


           Normalized Residuals for Covariances
              DEO08         REL01         REL02         REL03         REL04
              ________      ________      ________      ________      ________
 DEO08          0.000
 REL01         -0.254         0.000
 REL02         -0.604        -0.275         0.000
 REL03         -0.503         1.766        -0.217         0.000
 REL04         -0.660        -0.868         0.396        -0.719         0.000
 REL05         -0.045        -0.060        -0.029        -0.130         0.280


           Normalized Residuals for Covariances
              REL05
              ________
 REL05          0.000


MODEL MODIFICATION INDICES

NOTE:  Modification indices for direct effects of observed dependent variables
regressed on covariates may not be included.  To include these, request
MODINDICES (ALL).

Minimum M.I. value for printing the modification index    10.000

                                   M.I.     E.P.C.  Std E.P.C.  StdYX E.P.C.

BY Statements

HEDO     BY DEO02                 32.810     0.237      0.437        0.315
UTIL     BY HED05                 10.550    -0.120     -0.231       -0.162
UTIL     BY REL04                 10.338     0.101      0.195        0.109
DEON     BY HED03                 18.704    -0.223     -0.477       -0.283
DEON     BY HED05                 10.672    -0.116     -0.247       -0.173
DEON     BY CON03                 13.157     0.107      0.228        0.148
RELA     BY HED05                 17.292    -0.162     -0.284       -0.199
RELA     BY DEO05                 23.023     0.197      0.345        0.208
ESTA     BY HED03                 11.028    -0.515     -0.515       -0.305
ESTA     BY HED05                 18.445    -0.458     -0.458       -0.321
ESTA     BY HED06                 11.937    -0.322     -0.322       -0.222
ESTA     BY DEO02                 11.753     0.459      0.459        0.331
ESTA     BY DEO05                 11.005     0.441      0.441        0.266
ESTA     BY REL04                 10.555     0.284      0.284        0.159

ON/BY Statements

HEDO     ON UTIL     /
UTIL     BY HEDO                  12.246     0.275      0.288        0.288
UTIL     ON HEDO     /
HEDO     BY UTIL                  12.246     0.275      0.263        0.263

WITH Statements

HED05    WITH HED04               14.633    -0.162     -0.162       -0.205
HED06    WITH HED05               13.350     0.147      0.147        0.189
HED08    WITH HED05               24.165     0.211      0.211        0.249
HED09    WITH HED01               17.702    -0.180     -0.180       -0.234
HED09    WITH HED06               11.163    -0.127     -0.127       -0.185
HED09    WITH HED07               69.844     0.323      0.323        0.470
UTI01    WITH HED06               10.993     0.099      0.099        0.170
UTI02    WITH UTI01               13.426     0.094      0.094        0.191
UTI08    WITH UTI07               27.492     0.204      0.204        0.261
UTI09    WITH UTI01               10.097    -0.101     -0.101       -0.166
UTI09    WITH UTI04               23.831     0.148      0.148        0.280
CON02    WITH CON01               24.845     0.138      0.138        0.376
CON03    WITH CON02               18.434    -0.136     -0.136       -0.260
CON04    WITH UTI09               13.833    -0.135     -0.135       -0.194
CON04    WITH CON03               12.442     0.135      0.135        0.190
DEO02    WITH HED08               12.291     0.150      0.150        0.173
DEO03    WITH DEO01               51.352     0.367      0.367        0.352
DEO04    WITH DEO03               11.852     0.119      0.119        0.193
DEO07    WITH DEO03               15.609    -0.156     -0.156       -0.211
DEO07    WITH DEO06               41.280     0.249      0.249        0.372
REL03    WITH REL01               95.052     0.312      0.312        0.541
REL04    WITH HED01               20.616     0.174      0.174        0.246
REL04    WITH DEO08               14.704    -0.136     -0.136       -0.205
REL04    WITH REL01               24.926    -0.175     -0.175       -0.291
REL04    WITH REL02               15.185     0.127      0.127        0.285
REL04    WITH REL03               18.419    -0.150     -0.150       -0.255
UTIL     WITH HEDO                12.246     0.275      0.275        0.275


SAMPLE STATISTICS FOR ESTIMATED FACTOR SCORES


     SAMPLE STATISTICS


           Means
              HEDO          HEDO_SE       UTIL          UTIL_SE       CONT
              ________      ________      ________      ________      ________
                0.000         0.427         0.000         0.358         0.000


           Means
              CONT_SE       DEON          DEON_SE       RELA          RELA_SE
              ________      ________      ________      ________      ________
                0.355         0.000         0.460         0.000         0.365


           Means
              ESTA          ESTA_SE
              ________      ________
                0.000         0.296


           Covariances
              HEDO          HEDO_SE       UTIL          UTIL_SE       CONT
              ________      ________      ________      ________      ________
 HEDO           3.208
 HEDO_SE        0.000         0.000
 UTIL           2.635         0.000         3.584
 UTIL_SE        0.000         0.000         0.000         0.000
 CONT           1.928         0.000         2.079         0.000         2.530
 CONT_SE        0.000         0.000         0.000         0.000         0.000
 DEON           2.893         0.000         3.042         0.000         2.499
 DEON_SE        0.000         0.000         0.000         0.000         0.000
 RELA           2.184         0.000         2.375         0.000         1.854
 RELA_SE        0.000         0.000         0.000         0.000         0.000
 ESTA           1.522         0.000         1.629         0.000         1.273
 ESTA_SE        0.000         0.000         0.000         0.000         0.000


           Covariances
              CONT_SE       DEON          DEON_SE       RELA          RELA_SE
              ________      ________      ________      ________      ________
 CONT_SE        0.000
 DEON           0.000         4.350
 DEON_SE        0.000         0.000         0.000
 RELA           0.000         2.725         0.000         2.935
 RELA_SE        0.000         0.000         0.000         0.000         0.000
 ESTA           0.000         1.854         0.000         1.422         0.000
 ESTA_SE        0.000         0.000         0.000         0.000         0.000


           Covariances
              ESTA          ESTA_SE
              ________      ________
 ESTA           0.913
 ESTA_SE        0.000         0.000


           Correlations
              HEDO          HEDO_SE       UTIL          UTIL_SE       CONT
              ________      ________      ________      ________      ________
 HEDO           1.000
 HEDO_SE      999.000         1.000
 UTIL           0.777       999.000         1.000
 UTIL_SE      999.000       999.000       999.000         1.000
 CONT           0.677       999.000         0.690       999.000         1.000
 CONT_SE      999.000       999.000       999.000       999.000       999.000
 DEON           0.775       999.000         0.770       999.000         0.753
 DEON_SE      999.000       999.000       999.000       999.000       999.000
 RELA           0.712       999.000         0.732       999.000         0.680
 RELA_SE      999.000       999.000       999.000       999.000       999.000
 ESTA           0.890       999.000         0.901       999.000         0.838
 ESTA_SE      999.000       999.000       999.000       999.000       999.000


           Correlations
              CONT_SE       DEON          DEON_SE       RELA          RELA_SE
              ________      ________      ________      ________      ________
 CONT_SE        1.000
 DEON         999.000         1.000
 DEON_SE      999.000       999.000         1.000
 RELA         999.000         0.763       999.000         1.000
 RELA_SE      999.000       999.000       999.000       999.000         1.000
 ESTA         999.000         0.931       999.000         0.869       999.000
 ESTA_SE      999.000       999.000       999.000       999.000       999.000


           Correlations
              ESTA          ESTA_SE
              ________      ________
 ESTA           1.000
 ESTA_SE      999.000         1.000


PLOT INFORMATION

The following plots are available:

  Histograms (sample values, estimated factor scores, estimated values, residuals)
  Scatterplots (sample values, estimated factor scores, estimated values, residuals)
  Latent variable distribution plots

DIAGRAM INFORMATION

  Use View Diagram under the Diagram menu in the Mplus Editor to view the diagram.
  If running Mplus from the Mplus Diagrammer, the diagram opens automatically.

  Diagram output
    c:\daten\phd\article_esta\analyses\4_sem\old\sem\secondorder_esta.dgm

     Beginning Time:  10:41:34
        Ending Time:  10:41:36
       Elapsed Time:  00:00:02



MUTHEN & MUTHEN
3463 Stoner Ave.
Los Angeles, CA  90066

Tel: (310) 391-9971
Fax: (310) 391-8971
Web: www.StatModel.com
Support: Support@StatModel.com

Copyright (c) 1998-2021 Muthen & Muthen
