Mplus VERSION 8.6
MUTHEN & MUTHEN
03/14/2023  10:25 AM

INPUT INSTRUCTIONS

  TITLE:
  SEM for scale final_ESTA_noVirtue
  DATA:
  FILE = "SEM_final_withTwN_f34ba24de460bf08be6f7040b2cf1667.dat";
   LISTWISE=ON;
  VARIABLE:
  NAMES = bi01 gen01 bi02 genr02 bir03 gen03 bir04 genr04 bi05 gen05 bir06 bi07 bir08
       bi09 b01 r01 b02 r02 b03 r03 b04 r04 b05 r05 n01 p01 n02 p02 n03 p03 n04 p04
       n05 p05 n06 n07 p07 n08 p08 n09 p09 n10 p10 trust01 trust02 trust03 trust04
       trust05 trust06 trust07 hed01 hed03 hed04 hed05 hed06 hed07 hed08 hed09 uti01
       uti02 uti03 uti04 uti05 uti06 uti07 uti08 uti09 con01 con02 con03 con04 con05
       con06 deo01 deo02 deo03 deo04 deo05 deo06 deo07 deo08 rel01 rel02 rel03 rel04
       rel05;
   MISSING=.;

    usevariables = bi01-rel05;

  ANALYSIS:

      estimator = MLR;

  MODEL:

      ! CFAs:
      ! Acceptability
  Accept BY bi01*
  gen01
  bi02
  genr02
  bir03
  gen03
  bir04
  genr04
  bi05
  gen05
  bir06
  bi07
  bir08
  bi09
  ;
  Accept@1;

  ! Perc. Risk
  Risk BY r01*
  r02
  r03
  r04
  r05
  ;
  Risk@1;

  ! Perc. Benefit
  Benf BY b01*
  b02
  b03
  b04
  b05
  ;
  Benf@1;

  b02 WITH b03; ! adjustment

  ! negative Emotion
  negEmo BY n01*
  n02
  n03
  n04
  n05
  n06
  n07
  n08
  n09
  n10
  ;
  negEmo@1;


  n03 WITH n07; ! adjustment
  n05 WITH n06; ! adjustment
  n04 WITH n10; ! adjustment
  ! n08 WITH n09; ! adjustment


  ! positive Emotion
  posEmo BY p01*
  p02
  p03
  p04
  p05
  p07
  p08
  p09
  p10
  ;
  posEmo@1;

  p01 WITH p09; ! adjustment
  p09 WITH p10; ! adjustment
  p03 WITH p10; ! adjustment


  ! trust
  Trust BY trust01*
  trust02
  trust03
  trust04
  trust05
  trust06
  trust07
  ;
  Trust@1;


  trust02 WITH trust03; ! adjustment
  trust04 WITH trust05; ! adjustment
  trust06 WITH trust07; ! adjustment

  ! Hedonism
  Hedo BY hed01*
  hed03
  hed04
  hed05
  hed06
  hed07
  hed08
  hed09
  ;
  Hedo@1;


  ! Utilitarianism
  Util BY uti01*
  uti02
  uti03
  uti04
  uti05
  uti06
  uti07
  uti08
  uti09
  ;
  Util@1;


  ! Contractualisism
  Cont BY con01*
  con02
  con03
  con04
  con05
  con06
  ;
  Cont@1;


  ! Deontology
  Deon BY deo01*
  deo02
  deo03
  deo04
  deo05
  deo06
  deo07
  deo08
  ;
  Deon@1;


  ! Relativism
  Rela BY rel01*
  rel02
  rel03
  rel04
  rel05
  ;
  Rela@1;


  ! Second Order Factor ESTA
    ESTA BY Hedo* Util Cont Deon Rela;
  ESTA@1;


    ! SEM:
    Accept ON Risk Benf negEmo posEmo ESTA;
    Risk ON negEmo posEmo Trust ESTA;
    Benf ON negEmo posEmo Trust ESTA;

    negEmo ON Trust ESTA;
    posEmo ON Trust ESTA;

    Trust ON ESTA;

    Risk WITH Benf (c1);

  MODEL TEST:

    0 = c1+1; ! not equal to -1

  OUTPUT:
  sampstat standardized stdyx residual modindices;
  PLOT:

      type = plot3;




INPUT READING TERMINATED NORMALLY




SEM for scale final_ESTA_noVirtue

SUMMARY OF ANALYSIS

Number of groups                                                 1
Number of observations                                         579

Number of dependent variables                                   86
Number of independent variables                                  0
Number of continuous latent variables                           12

Observed dependent variables

  Continuous
   BI01        GEN01       BI02        GENR02      BIR03       GEN03
   BIR04       GENR04      BI05        GEN05       BIR06       BI07
   BIR08       BI09        B01         R01         B02         R02
   B03         R03         B04         R04         B05         R05
   N01         P01         N02         P02         N03         P03
   N04         P04         N05         P05         N06         N07
   P07         N08         P08         N09         P09         N10
   P10         TRUST01     TRUST02     TRUST03     TRUST04     TRUST05
   TRUST06     TRUST07     HED01       HED03       HED04       HED05
   HED06       HED07       HED08       HED09       UTI01       UTI02
   UTI03       UTI04       UTI05       UTI06       UTI07       UTI08
   UTI09       CON01       CON02       CON03       CON04       CON05
   CON06       DEO01       DEO02       DEO03       DEO04       DEO05
   DEO06       DEO07       DEO08       REL01       REL02       REL03
   REL04       REL05

Continuous latent variables
   ACCEPT      RISK        BENF        NEGEMO      POSEMO      TRUST
   HEDO        UTIL        CONT        DEON        RELA        ESTA


Estimator                                                      MLR
Information matrix                                        OBSERVED
Maximum number of iterations                                  1000
Convergence criterion                                    0.500D-04
Maximum number of steepest descent iterations                   20

Input data file(s)
  SEM_final_withTwN_f34ba24de460bf08be6f7040b2cf1667.dat

Input data format  FREE


SAMPLE STATISTICS


     SAMPLE STATISTICS


           Means
              BI01          GEN01         BI02          GENR02        BIR03
              ________      ________      ________      ________      ________
                3.185         3.238         3.104         3.779         3.632


           Means
              GEN03         BIR04         GENR04        BI05          GEN05
              ________      ________      ________      ________      ________
                3.221         3.679         3.520         3.155         3.371


           Means
              BIR06         BI07          BIR08         BI09          B01
              ________      ________      ________      ________      ________
                3.411         3.192         3.617         3.012         3.131


           Means
              R01           B02           R02           B03           R03
              ________      ________      ________      ________      ________
                3.782         4.111         4.608         3.934         5.131


           Means
              B04           R04           B05           R05           N01
              ________      ________      ________      ________      ________
                3.154         4.206         2.896         3.933         1.978


           Means
              P01           N02           P02           N03           P03
              ________      ________      ________      ________      ________
                3.250         1.817         1.867         1.720         1.908


           Means
              N04           P04           N05           P05           N06
              ________      ________      ________      ________      ________
                2.295         2.169         1.765         1.584         1.610


           Means
              N07           P07           N08           P08           N09
              ________      ________      ________      ________      ________
                1.674         2.221         2.592         2.226         1.877


           Means
              P09           N10           P10           TRUST01       TRUST02
              ________      ________      ________      ________      ________
                3.069         2.368         2.060         3.862         6.078


           Means
              TRUST03       TRUST04       TRUST05       TRUST06       TRUST07
              ________      ________      ________      ________      ________
                5.667         3.216         3.428         5.130         6.135


           Means
              HED01         HED03         HED04         HED05         HED06
              ________      ________      ________      ________      ________
                4.235         4.389         4.373         4.307         4.333


           Means
              HED07         HED08         HED09         UTI01         UTI02
              ________      ________      ________      ________      ________
                4.155         4.282         4.190         4.791         4.881


           Means
              UTI03         UTI04         UTI05         UTI06         UTI07
              ________      ________      ________      ________      ________
                4.706         4.744         4.990         4.760         4.670


           Means
              UTI08         UTI09         CON01         CON02         CON03
              ________      ________      ________      ________      ________
                4.656         4.658         4.406         4.370         4.264


           Means
              CON04         CON05         CON06         DEO01         DEO02
              ________      ________      ________      ________      ________
                4.332         4.078         4.370         4.501         3.960


           Means
              DEO03         DEO04         DEO05         DEO06         DEO07
              ________      ________      ________      ________      ________
                4.333         4.223         4.499         3.971         4.111


           Means
              DEO08         REL01         REL02         REL03         REL04
              ________      ________      ________      ________      ________
                4.249         4.762         4.428         4.560         4.387


           Means
              REL05
              ________
                4.380


           Covariances
              BI01          GEN01         BI02          GENR02        BIR03
              ________      ________      ________      ________      ________
 BI01           1.546
 GEN01          1.205         1.429
 BI02           1.116         1.136         1.443
 GENR02         1.043         1.092         0.959         1.768
 BIR03          0.976         1.026         0.843         1.185         1.787
 GEN03          1.289         1.315         1.141         1.158         1.116
 BIR04          0.691         0.740         0.600         0.841         0.903
 GENR04         1.211         1.171         1.050         1.326         1.234
 BI05           1.289         1.289         1.153         1.176         1.121
 GEN05          1.099         1.148         1.017         1.044         0.983
 BIR06          1.266         1.232         1.101         1.352         1.281
 BI07           1.123         1.139         1.039         0.997         0.958
 BIR08          1.022         1.045         0.969         1.192         1.071
 BI09           0.825         0.893         0.883         0.757         0.654
 B01            0.765         0.806         0.669         0.697         0.653
 R01           -0.454        -0.465        -0.466        -0.463        -0.469
 B02            0.520         0.557         0.500         0.470         0.440
 R02           -0.643        -0.625        -0.552        -0.627        -0.555
 B03            0.682         0.746         0.620         0.669         0.646
 R03           -0.459        -0.458        -0.416        -0.403        -0.351
 B04            0.890         0.891         0.796         0.820         0.751
 R04           -0.556        -0.560        -0.476        -0.573        -0.468
 B05            0.815         0.809         0.743         0.742         0.642
 R05           -0.770        -0.837        -0.713        -0.780        -0.735
 N01           -0.348        -0.383        -0.279        -0.454        -0.483
 P01            0.499         0.552         0.580         0.408         0.339
 N02           -0.384        -0.428        -0.354        -0.467        -0.473
 P02            0.567         0.629         0.629         0.534         0.424
 N03           -0.054        -0.099        -0.054        -0.155        -0.170
 P03            0.304         0.296         0.381         0.225         0.122
 N04           -0.357        -0.418        -0.341        -0.451        -0.454
 P04            0.736         0.744         0.761         0.645         0.516
 N05           -0.540        -0.595        -0.499        -0.656        -0.592
 P05            0.455         0.462         0.471         0.381         0.265
 N06           -0.441        -0.470        -0.412        -0.465        -0.517
 N07           -0.237        -0.275        -0.229        -0.342        -0.386
 P07            0.662         0.695         0.763         0.557         0.454
 N08           -0.286        -0.297        -0.227        -0.418        -0.411
 P08            0.406         0.416         0.502         0.259         0.211
 N09           -0.285        -0.313        -0.238        -0.376        -0.449
 P09            0.227         0.288         0.331         0.153         0.098
 N10           -0.386        -0.405        -0.311        -0.532        -0.519
 P10            0.300         0.300         0.367         0.210         0.152
 TRUST01        0.305         0.384         0.496         0.315         0.084
 TRUST02        0.210         0.298         0.303         0.024         0.060
 TRUST03        0.138         0.240         0.340         0.258         0.149
 TRUST04        0.136         0.266         0.330         0.138         0.021
 TRUST05        0.199         0.357         0.401         0.155         0.056
 TRUST06        0.563         0.679         0.653         0.452         0.321
 TRUST07        0.668         0.723         0.680         0.501         0.333
 HED01          1.014         1.023         0.905         0.997         0.879
 HED03          0.281         0.356         0.319         0.361         0.243
 HED04          0.981         1.077         0.956         1.003         0.857
 HED05          0.525         0.581         0.529         0.470         0.474
 HED06          0.717         0.794         0.705         0.713         0.591
 HED07          0.842         0.947         0.822         0.875         0.798
 HED08          0.658         0.700         0.613         0.601         0.530
 HED09          0.901         1.053         0.884         0.935         0.897
 UTI01          0.686         0.761         0.635         0.693         0.669
 UTI02          0.768         0.821         0.736         0.763         0.758
 UTI03          0.736         0.854         0.707         0.799         0.773
 UTI04          0.902         1.045         0.861         0.987         0.951
 UTI05          0.784         0.880         0.739         0.851         0.791
 UTI06          0.723         0.879         0.733         0.786         0.805
 UTI07          0.828         0.913         0.747         0.858         0.810
 UTI08          0.837         0.935         0.806         0.817         0.832
 UTI09          0.941         1.109         0.916         1.057         1.033
 CON01          0.856         0.967         0.853         0.815         0.775
 CON02          0.806         0.915         0.832         0.766         0.668
 CON03          0.725         0.861         0.746         0.758         0.728
 CON04          0.690         0.798         0.720         0.731         0.616
 CON05          0.659         0.734         0.659         0.620         0.486
 CON06          0.932         1.066         0.932         0.935         0.804
 DEO01          0.617         0.661         0.608         0.591         0.535
 DEO02          0.703         0.794         0.622         0.696         0.659
 DEO03          0.745         0.822         0.663         0.733         0.699
 DEO04          1.026         1.137         0.975         1.070         0.963
 DEO05          0.947         1.043         0.926         1.010         0.938
 DEO06          0.974         1.052         0.879         0.983         0.832
 DEO07          0.967         1.074         0.925         1.019         0.958
 DEO08          0.692         0.777         0.639         0.661         0.636
 REL01          0.799         0.926         0.745         0.908         0.836
 REL02          1.021         1.126         0.966         1.050         1.044
 REL03          0.907         1.010         0.847         0.916         0.940
 REL04          1.329         1.405         1.238         1.333         1.261
 REL05          0.876         0.992         0.864         0.903         0.919


           Covariances
              GEN03         BIR04         GENR04        BI05          GEN05
              ________      ________      ________      ________      ________
 GEN03          1.561
 BIR04          0.802         1.365
 GENR04         1.301         0.884         1.825
 BI05           1.410         0.813         1.268         1.582
 GEN05          1.205         0.776         1.156         1.189         1.415
 BIR06          1.341         0.956         1.446         1.394         1.188
 BI07           1.218         0.699         1.106         1.215         1.048
 BIR08          1.111         0.803         1.244         1.148         1.027
 BI09           0.908         0.472         0.766         0.941         0.825
 B01            0.809         0.462         0.731         0.790         0.761
 R01           -0.532        -0.402        -0.493        -0.527        -0.460
 B02            0.599         0.329         0.540         0.558         0.610
 R02           -0.678        -0.432        -0.661        -0.642        -0.678
 B03            0.785         0.487         0.709         0.772         0.784
 R03           -0.469        -0.350        -0.459        -0.461        -0.451
 B04            0.956         0.678         0.898         0.912         0.934
 R04           -0.627        -0.393        -0.590        -0.616        -0.596
 B05            0.826         0.566         0.817         0.823         0.814
 R05           -0.871        -0.586        -0.820        -0.870        -0.814
 N01           -0.422        -0.437        -0.403        -0.446        -0.380
 P01            0.511         0.239         0.417         0.507         0.496
 N02           -0.471        -0.420        -0.440        -0.476        -0.447
 P02            0.611         0.367         0.534         0.580         0.568
 N03           -0.114        -0.092        -0.140        -0.100        -0.098
 P03            0.269         0.140         0.244         0.232         0.262
 N04           -0.459        -0.368        -0.402        -0.443        -0.379
 P04            0.728         0.429         0.675         0.709         0.702
 N05           -0.639        -0.514        -0.595        -0.641        -0.569
 P05            0.436         0.241         0.389         0.398         0.419
 N06           -0.510        -0.376        -0.474        -0.506        -0.460
 N07           -0.348        -0.291        -0.345        -0.312        -0.311
 P07            0.661         0.391         0.586         0.653         0.680
 N08           -0.354        -0.343        -0.339        -0.372        -0.305
 P08            0.375         0.173         0.316         0.366         0.374
 N09           -0.341        -0.297        -0.311        -0.340        -0.298
 P09            0.251         0.102         0.154         0.240         0.280
 N10           -0.477        -0.424        -0.481        -0.467        -0.409
 P10            0.247         0.116         0.212         0.251         0.278
 TRUST01        0.359         0.244         0.279         0.398         0.416
 TRUST02        0.287         0.282         0.155         0.370         0.380
 TRUST03        0.333         0.340         0.239         0.344         0.378
 TRUST04        0.277         0.182         0.085         0.255         0.260
 TRUST05        0.327         0.158         0.166         0.306         0.325
 TRUST06        0.590         0.320         0.542         0.652         0.677
 TRUST07        0.692         0.435         0.578         0.765         0.724
 HED01          1.085         0.675         1.056         1.119         1.068
 HED03          0.365         0.306         0.335         0.363         0.351
 HED04          1.114         0.678         1.141         1.134         1.086
 HED05          0.545         0.347         0.517         0.565         0.584
 HED06          0.802         0.420         0.766         0.815         0.783
 HED07          0.940         0.615         0.862         0.990         0.878
 HED08          0.705         0.381         0.595         0.725         0.659
 HED09          1.058         0.674         0.996         1.107         0.988
 UTI01          0.765         0.442         0.746         0.784         0.798
 UTI02          0.878         0.490         0.877         0.892         0.868
 UTI03          0.882         0.569         0.861         0.904         0.897
 UTI04          1.048         0.686         1.041         1.071         1.048
 UTI05          0.916         0.599         0.871         0.958         0.900
 UTI06          0.879         0.571         0.852         0.915         0.856
 UTI07          0.914         0.564         0.912         0.984         0.888
 UTI08          0.967         0.549         0.880         1.002         0.896
 UTI09          1.150         0.757         1.138         1.190         1.134
 CON01          0.985         0.597         0.986         0.996         1.015
 CON02          0.915         0.563         0.905         0.922         0.959
 CON03          0.921         0.543         0.873         0.907         0.898
 CON04          0.806         0.466         0.797         0.800         0.849
 CON05          0.746         0.472         0.728         0.758         0.788
 CON06          1.065         0.632         0.996         1.053         1.049
 DEO01          0.663         0.503         0.695         0.684         0.697
 DEO02          0.758         0.479         0.763         0.773         0.726
 DEO03          0.830         0.541         0.804         0.841         0.847
 DEO04          1.172         0.704         1.097         1.171         1.152
 DEO05          1.137         0.658         1.082         1.128         1.077
 DEO06          1.117         0.675         1.071         1.120         1.054
 DEO07          1.147         0.714         1.112         1.111         1.104
 DEO08          0.805         0.517         0.767         0.766         0.830
 REL01          0.985         0.632         0.898         0.982         0.918
 REL02          1.208         0.837         1.124         1.253         1.102
 REL03          1.089         0.689         0.994         1.072         0.960
 REL04          1.502         0.955         1.462         1.536         1.400
 REL05          1.032         0.746         0.963         1.065         0.952


           Covariances
              BIR06         BI07          BIR08         BI09          B01
              ________      ________      ________      ________      ________
 BIR06          1.790
 BI07           1.192         1.326
 BIR08          1.285         1.089         1.725
 BI09           0.869         0.834         0.706         1.307
 B01            0.798         0.736         0.651         0.503         1.288
 R01           -0.536        -0.464        -0.500        -0.343        -0.412
 B02            0.590         0.531         0.485         0.455         0.469
 R02           -0.692        -0.559        -0.603        -0.430        -0.517
 B03            0.754         0.714         0.695         0.588         0.668
 R03           -0.449        -0.426        -0.425        -0.323        -0.418
 B04            0.925         0.813         0.795         0.558         0.748
 R04           -0.630        -0.516        -0.571        -0.415        -0.492
 B05            0.879         0.726         0.674         0.521         0.696
 R05           -0.870        -0.745        -0.760        -0.547        -0.634
 N01           -0.462        -0.365        -0.371        -0.204        -0.299
 P01            0.457         0.446         0.346         0.470         0.306
 N02           -0.477        -0.404        -0.378        -0.219        -0.368
 P02            0.535         0.499         0.419         0.445         0.358
 N03           -0.122        -0.040        -0.097         0.026        -0.046
 P03            0.212         0.220         0.179         0.234         0.135
 N04           -0.434        -0.364        -0.417        -0.207        -0.341
 P04            0.673         0.610         0.588         0.518         0.453
 N05           -0.660        -0.535        -0.577        -0.398        -0.397
 P05            0.399         0.380         0.315         0.290         0.291
 N06           -0.508        -0.414        -0.402        -0.284        -0.343
 N07           -0.353        -0.231        -0.286        -0.110        -0.176
 P07            0.638         0.576         0.480         0.560         0.430
 N08           -0.408        -0.293        -0.384        -0.157        -0.263
 P08            0.313         0.304         0.194         0.369         0.190
 N09           -0.374        -0.246        -0.335        -0.135        -0.257
 P09            0.217         0.263         0.192         0.263         0.183
 N10           -0.483        -0.380        -0.439        -0.189        -0.326
 P10            0.224         0.218         0.170         0.243         0.177
 TRUST01        0.274         0.353         0.325         0.577         0.334
 TRUST02        0.225         0.280         0.251         0.445         0.370
 TRUST03        0.368         0.269         0.173         0.303         0.405
 TRUST04        0.153         0.247         0.179         0.446         0.272
 TRUST05        0.194         0.312         0.257         0.468         0.381
 TRUST06        0.524         0.645         0.526         0.808         0.491
 TRUST07        0.656         0.667         0.508         0.788         0.549
 HED01          1.131         0.941         0.923         0.745         0.676
 HED03          0.327         0.316         0.330         0.351         0.248
 HED04          1.133         0.980         0.979         0.814         0.695
 HED05          0.552         0.506         0.456         0.495         0.381
 HED06          0.794         0.708         0.580         0.611         0.518
 HED07          0.957         0.849         0.766         0.730         0.615
 HED08          0.705         0.658         0.592         0.617         0.452
 HED09          1.050         0.945         0.912         0.827         0.645
 UTI01          0.775         0.693         0.709         0.574         0.461
 UTI02          0.913         0.771         0.795         0.689         0.536
 UTI03          0.908         0.770         0.846         0.689         0.529
 UTI04          1.093         0.926         1.025         0.746         0.619
 UTI05          0.963         0.815         0.904         0.703         0.538
 UTI06          0.914         0.766         0.813         0.651         0.543
 UTI07          0.951         0.811         0.856         0.741         0.627
 UTI08          0.960         0.831         0.925         0.705         0.567
 UTI09          1.199         0.986         1.076         0.868         0.744
 CON01          0.964         0.891         0.826         0.655         0.665
 CON02          0.895         0.848         0.770         0.622         0.635
 CON03          0.874         0.766         0.716         0.586         0.568
 CON04          0.784         0.733         0.685         0.519         0.559
 CON05          0.776         0.688         0.633         0.543         0.504
 CON06          1.019         0.950         0.910         0.752         0.755
 DEO01          0.720         0.638         0.669         0.502         0.439
 DEO02          0.800         0.711         0.715         0.546         0.554
 DEO03          0.828         0.734         0.736         0.547         0.524
 DEO04          1.155         1.038         0.992         0.842         0.732
 DEO05          1.107         1.001         1.003         0.752         0.662
 DEO06          1.131         1.006         0.937         0.857         0.698
 DEO07          1.155         1.020         1.004         0.776         0.744
 DEO08          0.777         0.723         0.669         0.574         0.537
 REL01          0.962         0.840         0.831         0.720         0.639
 REL02          1.228         1.065         1.045         0.834         0.721
 REL03          1.052         0.929         0.940         0.803         0.669
 REL04          1.534         1.313         1.307         1.025         0.951
 REL05          1.084         0.924         0.899         0.716         0.681


           Covariances
              R01           B02           R02           B03           R03
              ________      ________      ________      ________      ________
 R01            1.065
 B02           -0.192         1.048
 R02            0.422        -0.245         1.050
 B03           -0.258         0.757        -0.333         1.616
 R03            0.300        -0.175         0.461        -0.301         0.895
 B04           -0.507         0.455        -0.593         0.758        -0.462
 R04            0.452        -0.246         0.561        -0.347         0.407
 B05           -0.397         0.469        -0.509         0.606        -0.406
 R05            0.543        -0.373         0.607        -0.521         0.432
 N01            0.277        -0.165         0.235        -0.305         0.250
 P01           -0.165         0.399        -0.125         0.398        -0.140
 N02            0.299        -0.216         0.308        -0.345         0.235
 P02           -0.314         0.319        -0.304         0.342        -0.249
 N03            0.119         0.043         0.063        -0.022         0.099
 P03           -0.087         0.171        -0.138         0.113        -0.131
 N04            0.266        -0.121         0.323        -0.252         0.305
 P04           -0.331         0.408        -0.367         0.452        -0.338
 N05            0.265        -0.295         0.340        -0.407         0.264
 P05           -0.187         0.229        -0.224         0.263        -0.239
 N06            0.274        -0.230         0.251        -0.330         0.176
 N07            0.153        -0.156         0.145        -0.237         0.157
 P07           -0.285         0.352        -0.371         0.448        -0.257
 N08            0.284        -0.086         0.275        -0.213         0.237
 P08           -0.136         0.248        -0.176         0.179        -0.151
 N09            0.213        -0.145         0.192        -0.236         0.139
 P09           -0.090         0.203        -0.068         0.288        -0.049
 N10            0.317        -0.146         0.362        -0.297         0.316
 P10           -0.125         0.178        -0.152         0.120        -0.137
 TRUST01       -0.370         0.356        -0.274         0.293        -0.455
 TRUST02       -0.227         0.440        -0.182         0.420        -0.388
 TRUST03       -0.456         0.318        -0.252         0.374        -0.281
 TRUST04       -0.340         0.240        -0.275         0.175        -0.448
 TRUST05       -0.325         0.305        -0.259         0.213        -0.405
 TRUST06       -0.378         0.526        -0.336         0.496        -0.406
 TRUST07       -0.530         0.610        -0.358         0.688        -0.446
 HED01         -0.498         0.606        -0.543         0.736        -0.361
 HED03         -0.359         0.226        -0.164         0.304        -0.053
 HED04         -0.494         0.627        -0.545         0.762        -0.327
 HED05         -0.273         0.379        -0.310         0.442        -0.142
 HED06         -0.321         0.493        -0.365         0.505        -0.246
 HED07         -0.505         0.485        -0.452         0.585        -0.293
 HED08         -0.398         0.418        -0.311         0.485        -0.199
 HED09         -0.504         0.530        -0.518         0.669        -0.372
 UTI01         -0.286         0.464        -0.417         0.594        -0.185
 UTI02         -0.382         0.573        -0.437         0.678        -0.204
 UTI03         -0.377         0.535        -0.450         0.692        -0.245
 UTI04         -0.425         0.571        -0.527         0.804        -0.300
 UTI05         -0.420         0.561        -0.439         0.773        -0.206
 UTI06         -0.386         0.533        -0.445         0.717        -0.205
 UTI07         -0.329         0.563        -0.423         0.859        -0.224
 UTI08         -0.396         0.541        -0.442         0.813        -0.226
 UTI09         -0.485         0.642        -0.654         0.870        -0.385
 CON01         -0.468         0.516        -0.511         0.693        -0.330
 CON02         -0.405         0.488        -0.503         0.637        -0.337
 CON03         -0.421         0.422        -0.451         0.596        -0.219
 CON04         -0.406         0.485        -0.364         0.682        -0.206
 CON05         -0.327         0.402        -0.400         0.513        -0.300
 CON06         -0.481         0.522        -0.558         0.751        -0.346
 DEO01         -0.288         0.382        -0.329         0.454        -0.207
 DEO02         -0.352         0.405        -0.402         0.417        -0.285
 DEO03         -0.390         0.450        -0.420         0.552        -0.196
 DEO04         -0.508         0.614        -0.566         0.813        -0.375
 DEO05         -0.543         0.613        -0.523         0.820        -0.290
 DEO06         -0.533         0.525        -0.554         0.677        -0.369
 DEO07         -0.570         0.580        -0.542         0.726        -0.381
 DEO08         -0.443         0.485        -0.384         0.566        -0.302
 REL01         -0.435         0.550        -0.501         0.701        -0.288
 REL02         -0.499         0.557        -0.589         0.826        -0.393
 REL03         -0.474         0.584        -0.547         0.712        -0.308
 REL04         -0.677         0.700        -0.828         0.991        -0.524
 REL05         -0.558         0.474        -0.545         0.655        -0.385


           Covariances
              B04           R04           B05           R05           N01
              ________      ________      ________      ________      ________
 B04            1.495
 R04           -0.500         1.120
 B05            0.874        -0.542         1.450
 R05           -0.753         0.548        -0.611         1.147
 N01           -0.316         0.233        -0.334         0.397         1.138
 P01            0.360        -0.188         0.250        -0.339        -0.079
 N02           -0.390         0.269        -0.340         0.440         0.851
 P02            0.464        -0.271         0.396        -0.436        -0.150
 N03           -0.088         0.025        -0.102         0.085         0.501
 P03            0.239        -0.111         0.246        -0.163         0.020
 N04           -0.346         0.278        -0.327         0.407         0.865
 P04            0.584        -0.366         0.543        -0.536        -0.188
 N05           -0.451         0.307        -0.384         0.464         0.591
 P05            0.380        -0.213         0.339        -0.308        -0.094
 N06           -0.375         0.241        -0.320         0.359         0.634
 N07           -0.273         0.162        -0.283         0.251         0.651
 P07            0.531        -0.287         0.443        -0.441        -0.118
 N08           -0.283         0.262        -0.249         0.335         0.756
 P08            0.316        -0.140         0.276        -0.258         0.071
 N09           -0.213         0.186        -0.239         0.291         0.643
 P09            0.183        -0.090         0.133        -0.170         0.043
 N10           -0.348         0.334        -0.344         0.431         0.870
 P10            0.233        -0.104         0.200        -0.195        -0.011
 TRUST01        0.374        -0.315         0.374        -0.372        -0.257
 TRUST02        0.238        -0.277         0.343        -0.285        -0.311
 TRUST03        0.328        -0.420         0.530        -0.368        -0.482
 TRUST04        0.262        -0.331         0.281        -0.288        -0.208
 TRUST05        0.321        -0.351         0.317        -0.317        -0.210
 TRUST06        0.471        -0.350         0.449        -0.515        -0.135
 TRUST07        0.591        -0.420         0.548        -0.640        -0.246
 HED01          0.843        -0.522         0.734        -0.713        -0.344
 HED03          0.310        -0.249         0.187        -0.364        -0.212
 HED04          0.825        -0.548         0.726        -0.799        -0.292
 HED05          0.488        -0.226         0.381        -0.415        -0.133
 HED06          0.633        -0.334         0.527        -0.596        -0.205
 HED07          0.776        -0.491         0.603        -0.727        -0.283
 HED08          0.559        -0.320         0.420        -0.499        -0.177
 HED09          0.845        -0.533         0.638        -0.830        -0.301
 UTI01          0.612        -0.389         0.555        -0.539        -0.217
 UTI02          0.668        -0.438         0.613        -0.609        -0.182
 UTI03          0.720        -0.484         0.559        -0.673        -0.293
 UTI04          0.863        -0.573         0.692        -0.760        -0.330
 UTI05          0.743        -0.452         0.598        -0.673        -0.233
 UTI06          0.700        -0.422         0.587        -0.655        -0.294
 UTI07          0.709        -0.442         0.662        -0.653        -0.318
 UTI08          0.761        -0.423         0.683        -0.629        -0.303
 UTI09          0.928        -0.676         0.776        -0.852        -0.331
 CON01          0.784        -0.596         0.645        -0.677        -0.316
 CON02          0.800        -0.589         0.669        -0.626        -0.313
 CON03          0.707        -0.464         0.511        -0.575        -0.255
 CON04          0.756        -0.438         0.577        -0.548        -0.288
 CON05          0.651        -0.586         0.628        -0.522        -0.306
 CON06          0.884        -0.575         0.719        -0.754        -0.311
 DEO01          0.635        -0.321         0.461        -0.434        -0.148
 DEO02          0.624        -0.365         0.561        -0.512        -0.260
 DEO03          0.728        -0.428         0.584        -0.580        -0.233
 DEO04          0.973        -0.597         0.792        -0.831        -0.347
 DEO05          0.866        -0.531         0.668        -0.825        -0.331
 DEO06          0.925        -0.576         0.769        -0.810        -0.258
 DEO07          1.007        -0.579         0.789        -0.813        -0.369
 DEO08          0.734        -0.405         0.610        -0.619        -0.219
 REL01          0.719        -0.547         0.599        -0.762        -0.384
 REL02          0.907        -0.618         0.830        -0.892        -0.460
 REL03          0.683        -0.561         0.630        -0.810        -0.371
 REL04          1.150        -0.777         1.035        -1.090        -0.549
 REL05          0.784        -0.581         0.708        -0.812        -0.432


           Covariances
              P01           N02           P02           N03           P03
              ________      ________      ________      ________      ________
 P01            1.355
 N02           -0.092         1.134
 P02            0.608        -0.190         1.086
 N03            0.134         0.467         0.025         1.027
 P03            0.488         0.042         0.542         0.066         1.088
 N04            0.004         0.835        -0.121         0.542         0.044
 P04            0.761        -0.219         0.845         0.039         0.584
 N05           -0.173         0.608        -0.197         0.290         0.032
 P05            0.386        -0.123         0.589        -0.018         0.468
 N06           -0.184         0.682        -0.161         0.286         0.077
 N07           -0.022         0.671        -0.137         0.682         0.034
 P07            0.808        -0.181         0.838         0.086         0.604
 N08            0.081         0.694        -0.085         0.489         0.080
 P08            0.710         0.024         0.626         0.150         0.720
 N09            0.022         0.589        -0.047         0.418         0.123
 P09            0.786         0.044         0.400         0.147         0.426
 N10            0.065         0.864        -0.145         0.545         0.030
 P10            0.563         0.009         0.521         0.084         0.646
 TRUST01        0.283        -0.326         0.446         0.020         0.443
 TRUST02        0.304        -0.364         0.278         0.051         0.133
 TRUST03        0.165        -0.484         0.267         0.059         0.127
 TRUST04        0.120        -0.256         0.352         0.102         0.239
 TRUST05        0.166        -0.219         0.402         0.106         0.314
 TRUST06        0.660        -0.306         0.530         0.256         0.286
 TRUST07        0.571        -0.378         0.484         0.279         0.337
 HED01          0.409        -0.349         0.485        -0.109         0.319
 HED03          0.093        -0.214         0.091        -0.055         0.113
 HED04          0.477        -0.325         0.537        -0.018         0.312
 HED05          0.284        -0.154         0.310         0.031         0.251
 HED06          0.364        -0.236         0.450        -0.031         0.291
 HED07          0.452        -0.257         0.542        -0.007         0.310
 HED08          0.372        -0.214         0.376         0.046         0.261
 HED09          0.457        -0.324         0.562         0.043         0.320
 UTI01          0.363        -0.228         0.388        -0.015         0.226
 UTI02          0.394        -0.177         0.409        -0.077         0.240
 UTI03          0.459        -0.287         0.460        -0.061         0.253
 UTI04          0.484        -0.323         0.493        -0.035         0.270
 UTI05          0.493        -0.259         0.461         0.021         0.230
 UTI06          0.499        -0.306         0.445        -0.017         0.234
 UTI07          0.482        -0.300         0.428        -0.066         0.243
 UTI08          0.421        -0.293         0.474        -0.101         0.260
 UTI09          0.471        -0.356         0.542         0.017         0.288
 CON01          0.456        -0.376         0.444        -0.059         0.141
 CON02          0.439        -0.361         0.420        -0.042         0.198
 CON03          0.409        -0.288         0.375        -0.066         0.136
 CON04          0.411        -0.309         0.320        -0.070         0.194
 CON05          0.329        -0.278         0.349        -0.044         0.169
 CON06          0.488        -0.402         0.446        -0.095         0.203
 DEO01          0.408        -0.169         0.343        -0.001         0.124
 DEO02          0.291        -0.232         0.418        -0.046         0.274
 DEO03          0.450        -0.233         0.421        -0.033         0.201
 DEO04          0.557        -0.350         0.582        -0.121         0.305
 DEO05          0.531        -0.378         0.510        -0.043         0.239
 DEO06          0.489        -0.287         0.550        -0.024         0.282
 DEO07          0.553        -0.398         0.581        -0.107         0.292
 DEO08          0.480        -0.227         0.446        -0.089         0.237
 REL01          0.519        -0.417         0.435        -0.065         0.130
 REL02          0.528        -0.402         0.544        -0.074         0.202
 REL03          0.547        -0.386         0.446        -0.054         0.117
 REL04          0.613        -0.575         0.699        -0.146         0.301
 REL05          0.421        -0.417         0.463        -0.110         0.218


           Covariances
              N04           P04           N05           P05           N06
              ________      ________      ________      ________      ________
 N04            1.410
 P04           -0.178         1.294
 N05            0.577        -0.332         1.078
 P05           -0.060         0.609        -0.134         0.820
 N06            0.616        -0.179         0.627        -0.076         0.963
 N07            0.618        -0.135         0.460        -0.081         0.470
 P07           -0.072         0.937        -0.264         0.631        -0.178
 N08            1.024        -0.162         0.559        -0.047         0.528
 P08            0.054         0.753        -0.044         0.498         0.016
 N09            0.800        -0.124         0.508        -0.008         0.519
 P09            0.054         0.546        -0.015         0.319         0.015
 N10            1.163        -0.150         0.586        -0.077         0.617
 P10            0.043         0.613        -0.032         0.445        -0.004
 TRUST01       -0.179         0.466        -0.146         0.383        -0.185
 TRUST02       -0.249         0.317        -0.218         0.354        -0.301
 TRUST03       -0.409         0.271        -0.239         0.314        -0.384
 TRUST04       -0.155         0.285        -0.065         0.264        -0.114
 TRUST05       -0.173         0.364        -0.070         0.315        -0.132
 TRUST06       -0.038         0.586        -0.282         0.432        -0.395
 TRUST07       -0.124         0.564        -0.303         0.381        -0.417
 HED01         -0.354         0.568        -0.444         0.350        -0.402
 HED03         -0.229         0.093        -0.111         0.017        -0.176
 HED04         -0.259         0.638        -0.491         0.407        -0.395
 HED05         -0.215         0.300        -0.244         0.287        -0.205
 HED06         -0.190         0.469        -0.336         0.329        -0.296
 HED07         -0.279         0.604        -0.421         0.367        -0.323
 HED08         -0.163         0.403        -0.257         0.292        -0.274
 HED09         -0.338         0.635        -0.465         0.355        -0.373
 UTI01         -0.235         0.431        -0.324         0.319        -0.273
 UTI02         -0.200         0.485        -0.360         0.336        -0.312
 UTI03         -0.266         0.497        -0.375         0.335        -0.355
 UTI04         -0.313         0.580        -0.407         0.374        -0.383
 UTI05         -0.183         0.530        -0.413         0.305        -0.351
 UTI06         -0.264         0.507        -0.428         0.273        -0.367
 UTI07         -0.264         0.503        -0.438         0.341        -0.355
 UTI08         -0.256         0.583        -0.359         0.353        -0.322
 UTI09         -0.327         0.636        -0.462         0.357        -0.382
 CON01         -0.306         0.579        -0.535         0.361        -0.427
 CON02         -0.308         0.561        -0.449         0.365        -0.355
 CON03         -0.242         0.427        -0.494         0.341        -0.377
 CON04         -0.310         0.446        -0.418         0.316        -0.375
 CON05         -0.246         0.401        -0.331         0.343        -0.329
 CON06         -0.346         0.599        -0.530         0.390        -0.372
 DEO01         -0.165         0.435        -0.280         0.291        -0.267
 DEO02         -0.296         0.411        -0.336         0.334        -0.290
 DEO03         -0.275         0.520        -0.372         0.351        -0.310
 DEO04         -0.380         0.703        -0.531         0.506        -0.400
 DEO05         -0.412         0.632        -0.508         0.375        -0.385
 DEO06         -0.311         0.663        -0.416         0.459        -0.324
 DEO07         -0.430         0.722        -0.516         0.433        -0.371
 DEO08         -0.267         0.531        -0.315         0.401        -0.245
 REL01         -0.349         0.546        -0.500         0.312        -0.442
 REL02         -0.430         0.684        -0.575         0.399        -0.482
 REL03         -0.386         0.581        -0.546         0.316        -0.429
 REL04         -0.556         0.865        -0.749         0.472        -0.630
 REL05         -0.446         0.583        -0.529         0.362        -0.422


           Covariances
              N07           P07           N08           P08           N09
              ________      ________      ________      ________      ________
 N07            1.118
 P07           -0.082         1.312
 N08            0.539        -0.053         1.402
 P08            0.084         0.736         0.104         1.301
 N09            0.456        -0.016         0.829         0.121         1.140
 P09            0.076         0.591         0.099         0.660         0.100
 N10            0.642        -0.050         1.001         0.060         0.796
 P10            0.059         0.636         0.044         0.745         0.127
 TRUST01       -0.111         0.450         0.068         0.391         0.026
 TRUST02       -0.042         0.321        -0.067         0.190        -0.163
 TRUST03       -0.086         0.293        -0.284         0.101        -0.296
 TRUST04       -0.106         0.294         0.050         0.184        -0.001
 TRUST05       -0.059         0.342         0.016         0.278         0.027
 TRUST06        0.030         0.731         0.169         0.358        -0.022
 TRUST07        0.006         0.595         0.039         0.317        -0.148
 HED01         -0.251         0.511        -0.362         0.408        -0.229
 HED03         -0.084         0.044        -0.192         0.106        -0.153
 HED04         -0.170         0.582        -0.202         0.420        -0.179
 HED05         -0.065         0.329        -0.127         0.302        -0.114
 HED06         -0.150         0.438        -0.170         0.387        -0.102
 HED07         -0.155         0.539        -0.261         0.404        -0.183
 HED08         -0.076         0.404        -0.187         0.339        -0.088
 HED09         -0.123         0.559        -0.270         0.403        -0.177
 UTI01         -0.158         0.418        -0.142         0.275        -0.128
 UTI02         -0.181         0.430        -0.175         0.334        -0.144
 UTI03         -0.182         0.490        -0.209         0.315        -0.183
 UTI04         -0.216         0.531        -0.270         0.284        -0.230
 UTI05         -0.176         0.514        -0.151         0.334        -0.167
 UTI06         -0.218         0.488        -0.144         0.291        -0.199
 UTI07         -0.235         0.479        -0.216         0.301        -0.165
 UTI08         -0.235         0.537        -0.183         0.256        -0.206
 UTI09         -0.217         0.566        -0.269         0.349        -0.220
 CON01         -0.284         0.541        -0.225         0.324        -0.237
 CON02         -0.225         0.544        -0.195         0.334        -0.219
 CON03         -0.156         0.456        -0.182         0.272        -0.237
 CON04         -0.223         0.414        -0.226         0.270        -0.234
 CON05         -0.197         0.390        -0.198         0.271        -0.172
 CON06         -0.232         0.628        -0.281         0.319        -0.253
 DEO01         -0.106         0.468        -0.043         0.293        -0.084
 DEO02         -0.134         0.420        -0.229         0.329        -0.209
 DEO03         -0.117         0.501        -0.189         0.265        -0.130
 DEO04         -0.245         0.643        -0.317         0.395        -0.230
 DEO05         -0.212         0.568        -0.320         0.272        -0.238
 DEO06         -0.174         0.665        -0.245         0.314        -0.104
 DEO07         -0.290         0.634        -0.354         0.357        -0.273
 DEO08         -0.157         0.529        -0.159         0.246        -0.135
 REL01         -0.244         0.453        -0.301         0.249        -0.292
 REL02         -0.249         0.574        -0.416         0.319        -0.331
 REL03         -0.272         0.496        -0.347         0.274        -0.327
 REL04         -0.345         0.728        -0.485         0.360        -0.402
 REL05         -0.220         0.500        -0.379         0.228        -0.295


           Covariances
              P09           N10           P10           TRUST01       TRUST02
              ________      ________      ________      ________      ________
 P09            1.449
 N10            0.101         1.424
 P10            0.668         0.043         1.114
 TRUST01        0.113        -0.143         0.414         5.297
 TRUST02        0.266        -0.206         0.339         3.111         6.117
 TRUST03        0.168        -0.472         0.253         2.833         4.128
 TRUST04        0.061        -0.112         0.230         3.779         2.479
 TRUST05        0.159        -0.118         0.288         3.693         2.493
 TRUST06        0.345         0.123         0.403         3.179         3.088
 TRUST07        0.397        -0.053         0.410         2.960         3.535
 HED01          0.255        -0.413         0.293         0.501         0.410
 HED03          0.120        -0.253         0.035         0.420         0.134
 HED04          0.266        -0.287         0.287         0.487         0.296
 HED05          0.207        -0.222         0.177         0.405         0.195
 HED06          0.236        -0.231         0.261         0.402         0.214
 HED07          0.279        -0.301         0.312         0.610         0.257
 HED08          0.279        -0.192         0.285         0.371         0.375
 HED09          0.296        -0.345         0.311         0.738         0.412
 UTI01          0.227        -0.227         0.258         0.242         0.362
 UTI02          0.212        -0.214         0.304         0.307         0.296
 UTI03          0.266        -0.258         0.291         0.351         0.259
 UTI04          0.282        -0.339         0.295         0.353         0.486
 UTI05          0.286        -0.202         0.255         0.277         0.407
 UTI06          0.336        -0.257         0.299         0.336         0.609
 UTI07          0.323        -0.291         0.326         0.289         0.338
 UTI08          0.259        -0.286         0.302         0.346         0.443
 UTI09          0.317        -0.368         0.276         0.310         0.405
 CON01          0.276        -0.339         0.243         0.576         0.678
 CON02          0.280        -0.338         0.245         0.526         0.615
 CON03          0.265        -0.277         0.221         0.340         0.451
 CON04          0.286        -0.290         0.242         0.367         0.301
 CON05          0.233        -0.305         0.222         0.474         0.611
 CON06          0.278        -0.338         0.273         0.528         0.603
 DEO01          0.214        -0.176         0.275         0.382         0.503
 DEO02          0.232        -0.320         0.265         0.428         0.352
 DEO03          0.252        -0.294         0.254         0.319         0.509
 DEO04          0.280        -0.443         0.341         0.613         0.589
 DEO05          0.254        -0.453         0.208         0.440         0.300
 DEO06          0.214        -0.307         0.256         0.568         0.479
 DEO07          0.272        -0.434         0.273         0.383         0.218
 DEO08          0.270        -0.275         0.253         0.342         0.381
 REL01          0.312        -0.386         0.258         0.323         0.492
 REL02          0.273        -0.444         0.233         0.384         0.525
 REL03          0.272        -0.368         0.224         0.485         0.514
 REL04          0.286        -0.609         0.313         0.449         0.462
 REL05          0.191        -0.468         0.229         0.381         0.439


           Covariances
              TRUST03       TRUST04       TRUST05       TRUST06       TRUST07
              ________      ________      ________      ________      ________
 TRUST03        6.813
 TRUST04        2.545         4.135
 TRUST05        2.409         3.503         4.007
 TRUST06        2.116         2.792         2.846         6.330
 TRUST07        2.864         2.517         2.547         4.411         6.483
 HED01          0.382         0.234         0.404         0.481         0.704
 HED03          0.263         0.327         0.371         0.438         0.537
 HED04          0.344         0.299         0.491         0.684         0.877
 HED05          0.156         0.265         0.412         0.499         0.622
 HED06          0.166         0.225         0.329         0.399         0.596
 HED07          0.385         0.421         0.562         0.650         0.893
 HED08          0.291         0.259         0.465         0.609         0.796
 HED09          0.429         0.565         0.689         0.770         1.052
 UTI01          0.300         0.140         0.278         0.412         0.602
 UTI02          0.442         0.126         0.291         0.471         0.724
 UTI03          0.415         0.148         0.317         0.513         0.698
 UTI04          0.657         0.178         0.348         0.575         0.907
 UTI05          0.428         0.109         0.222         0.537         0.777
 UTI06          0.480         0.257         0.355         0.691         0.854
 UTI07          0.403         0.156         0.304         0.507         0.601
 UTI08          0.559         0.166         0.289         0.476         0.708
 UTI09          0.566         0.253         0.404         0.530         0.872
 CON01          0.650         0.342         0.396         0.593         0.935
 CON02          0.595         0.347         0.443         0.629         0.843
 CON03          0.477         0.152         0.288         0.620         0.593
 CON04          0.363         0.137         0.286         0.525         0.660
 CON05          0.449         0.298         0.455         0.596         0.786
 CON06          0.619         0.324         0.436         0.778         0.831
 DEO01          0.516         0.134         0.293         0.697         0.696
 DEO02          0.355         0.221         0.387         0.345         0.591
 DEO03          0.488         0.125         0.287         0.720         0.815
 DEO04          0.556         0.285         0.509         0.812         0.840
 DEO05          0.503         0.333         0.394         0.714         0.700
 DEO06          0.584         0.385         0.565         0.745         0.792
 DEO07          0.362         0.189         0.341         0.521         0.555
 DEO08          0.440         0.162         0.313         0.375         0.619
 REL01          0.539         0.190         0.271         0.651         0.821
 REL02          0.556         0.224         0.347         0.609         0.742
 REL03          0.444         0.342         0.422         0.782         0.875
 REL04          0.587         0.245         0.318         0.720         0.777
 REL05          0.602         0.260         0.338         0.590         0.754


           Covariances
              HED01         HED03         HED04         HED05         HED06
              ________      ________      ________      ________      ________
 HED01          2.701
 HED03          1.154         2.842
 HED04          2.025         1.121         2.683
 HED05          1.493         1.060         1.372         2.033
 HED06          1.697         1.149         1.769         1.383         2.105
 HED07          1.706         1.081         1.745         1.320         1.485
 HED08          1.530         1.079         1.613         1.368         1.419
 HED09          1.741         1.159         1.905         1.372         1.550
 UTI01          1.253         0.729         1.318         0.886         1.090
 UTI02          1.372         0.735         1.395         0.933         1.128
 UTI03          1.394         0.788         1.519         0.968         1.117
 UTI04          1.566         0.868         1.570         0.970         1.222
 UTI05          1.301         0.748         1.410         0.810         1.035
 UTI06          1.364         0.744         1.445         0.825         1.056
 UTI07          1.288         0.781         1.406         0.832         1.029
 UTI08          1.314         0.862         1.375         0.814         1.052
 UTI09          1.635         0.965         1.713         0.993         1.311
 CON01          1.286         0.599         1.334         0.842         0.989
 CON02          1.181         0.630         1.242         0.814         0.923
 CON03          1.214         0.645         1.281         0.867         0.915
 CON04          1.202         0.809         1.270         0.834         0.910
 CON05          1.008         0.669         1.094         0.622         0.810
 CON06          1.281         0.666         1.347         0.814         0.961
 DEO01          0.903         0.382         1.024         0.630         0.690
 DEO02          1.241         0.673         1.217         0.919         1.101
 DEO03          1.165         0.451         1.173         0.777         0.856
 DEO04          1.563         0.590         1.559         1.016         1.219
 DEO05          1.520         0.654         1.537         0.950         1.138
 DEO06          1.489         0.626         1.584         0.957         1.193
 DEO07          1.525         0.634         1.603         0.919         1.239
 DEO08          1.230         0.477         1.299         0.835         0.972
 REL01          1.151         0.609         1.255         0.766         0.950
 REL02          1.468         0.631         1.540         0.853         1.092
 REL03          1.207         0.594         1.304         0.802         0.924
 REL04          1.742         0.665         1.712         0.907         1.222
 REL05          1.275         0.538         1.285         0.738         0.953


           Covariances
              HED07         HED08         HED09         UTI01         UTI02
              ________      ________      ________      ________      ________
 HED07          2.290
 HED08          1.409         2.068
 HED09          1.950         1.497         2.561
 UTI01          1.077         1.024         1.178         1.803
 UTI02          1.148         1.042         1.275         1.466         1.981
 UTI03          1.267         1.057         1.467         1.405         1.544
 UTI04          1.352         1.136         1.546         1.624         1.771
 UTI05          1.204         0.965         1.283         1.442         1.602
 UTI06          1.232         1.026         1.360         1.473         1.495
 UTI07          1.169         0.975         1.272         1.397         1.501
 UTI08          1.218         1.017         1.357         1.382         1.519
 UTI09          1.525         1.198         1.704         1.657         1.863
 CON01          1.129         0.979         1.204         1.000         1.102
 CON02          1.119         0.911         1.132         0.991         0.992
 CON03          1.075         0.967         1.150         0.972         1.099
 CON04          1.083         1.010         1.127         1.016         1.072
 CON05          0.971         0.828         1.097         0.754         0.864
 CON06          1.229         1.017         1.292         1.072         1.215
 DEO01          0.777         0.700         0.889         0.702         0.830
 DEO02          1.144         1.103         1.232         0.916         1.016
 DEO03          1.081         0.879         1.156         0.895         1.074
 DEO04          1.451         1.170         1.479         1.143         1.382
 DEO05          1.330         1.139         1.415         1.142         1.343
 DEO06          1.450         1.188         1.538         1.139         1.330
 DEO07          1.480         1.152         1.544         1.201         1.312
 DEO08          1.112         0.989         1.236         1.009         1.149
 REL01          1.123         0.925         1.232         0.969         1.084
 REL02          1.317         1.009         1.502         1.065         1.225
 REL03          1.110         0.920         1.294         0.913         1.146
 REL04          1.423         1.086         1.583         1.276         1.457
 REL05          1.174         0.841         1.289         0.907         1.069


           Covariances
              UTI03         UTI04         UTI05         UTI06         UTI07
              ________      ________      ________      ________      ________
 UTI03          2.200
 UTI04          1.830         2.525
 UTI05          1.551         1.842         2.173
 UTI06          1.624         1.837         1.616         2.179
 UTI07          1.466         1.726         1.535         1.458         2.245
 UTI08          1.580         1.815         1.573         1.548         1.686
 UTI09          1.869         2.332         1.976         1.880         1.820
 CON01          1.157         1.299         1.144         1.161         1.029
 CON02          1.105         1.229         1.047         1.115         0.954
 CON03          1.211         1.289         1.150         1.167         1.023
 CON04          1.187         1.266         1.100         1.147         1.028
 CON05          0.993         1.034         0.895         0.903         0.858
 CON06          1.259         1.431         1.239         1.310         1.201
 DEO01          0.767         0.979         0.848         0.832         0.744
 DEO02          1.018         1.093         0.937         0.952         0.949
 DEO03          1.022         1.220         1.067         1.056         0.993
 DEO04          1.335         1.563         1.332         1.278         1.295
 DEO05          1.305         1.518         1.340         1.331         1.192
 DEO06          1.297         1.486         1.252         1.233         1.153
 DEO07          1.383         1.558         1.307         1.331         1.244
 DEO08          1.165         1.260         1.077         1.112         1.008
 REL01          1.130         1.300         1.150         1.129         1.115
 REL02          1.285         1.519         1.326         1.262         1.269
 REL03          1.128         1.369         1.139         1.152         1.147
 REL04          1.440         1.741         1.555         1.473         1.492
 REL05          1.063         1.320         1.108         1.124         1.075


           Covariances
              UTI08         UTI09         CON01         CON02         CON03
              ________      ________      ________      ________      ________
 UTI08          2.346
 UTI09          1.915         3.054
 CON01          1.136         1.436         2.241
 CON02          1.075         1.311         1.914         2.219
 CON03          1.089         1.370         1.741         1.655         2.353
 CON04          1.092         1.246         1.772         1.791         1.790
 CON05          0.916         1.108         1.488         1.507         1.422
 CON06          1.238         1.548         1.940         1.955         1.840
 DEO01          0.763         1.028         0.909         0.905         0.945
 DEO02          1.004         1.264         1.040         0.989         1.026
 DEO03          1.078         1.394         1.201         1.105         1.254
 DEO04          1.396         1.705         1.467         1.368         1.475
 DEO05          1.308         1.684         1.442         1.346         1.454
 DEO06          1.330         1.746         1.404         1.346         1.500
 DEO07          1.371         1.758         1.420         1.382         1.449
 DEO08          1.182         1.391         1.189         1.136         1.230
 REL01          1.112         1.354         1.073         1.028         1.039
 REL02          1.349         1.625         1.310         1.227         1.286
 REL03          1.134         1.380         1.163         1.071         1.135
 REL04          1.565         1.941         1.510         1.451         1.452
 REL05          1.112         1.451         1.181         1.143         1.107


           Covariances
              CON04         CON05         CON06         DEO01         DEO02
              ________      ________      ________      ________      ________
 CON04          2.450
 CON05          1.453         2.448
 CON06          1.926         1.558         2.765
 DEO01          0.801         0.800         0.898         2.316
 DEO02          0.992         0.880         1.037         0.899         1.924
 DEO03          1.095         0.952         1.229         1.431         1.129
 DEO04          1.372         1.145         1.529         1.348         1.429
 DEO05          1.391         1.039         1.622         1.184         1.334
 DEO06          1.286         1.130         1.564         1.398         1.439
 DEO07          1.367         1.176         1.593         1.307         1.377
 DEO08          1.170         0.984         1.254         1.178         1.139
 REL01          1.108         0.870         1.193         0.855         0.820
 REL02          1.207         1.008         1.360         0.886         1.038
 REL03          1.098         0.925         1.261         0.863         0.813
 REL04          1.424         1.198         1.641         1.032         1.231
 REL05          1.090         0.919         1.279         0.886         0.906


           Covariances
              DEO03         DEO04         DEO05         DEO06         DEO07
              ________      ________      ________      ________      ________
 DEO03          2.143
 DEO04          1.758         2.543
 DEO05          1.599         1.975         2.747
 DEO06          1.692         2.077         1.977         2.816
 DEO07          1.602         2.036         2.000         2.321         2.855
 DEO08          1.465         1.753         1.682         1.857         1.853
 REL01          0.969         1.293         1.381         1.237         1.344
 REL02          1.166         1.587         1.617         1.529         1.573
 REL03          0.984         1.328         1.515         1.301         1.366
 REL04          1.306         1.819         1.930         1.780         1.855
 REL05          1.060         1.385         1.482         1.363         1.459


           Covariances
              DEO08         REL01         REL02         REL03         REL04
              ________      ________      ________      ________      ________
 DEO08          2.235
 REL01          1.115         2.213
 REL02          1.239         1.824         2.442
 REL03          1.132         1.902         1.902         2.319
 REL04          1.353         1.932         2.378         2.029         3.173
 REL05          1.165         1.659         1.898         1.715         2.122


           Covariances
              REL05
              ________
 REL05          2.142


           Correlations
              BI01          GEN01         BI02          GENR02        BIR03
              ________      ________      ________      ________      ________
 BI01           1.000
 GEN01          0.811         1.000
 BI02           0.747         0.791         1.000
 GENR02         0.631         0.687         0.600         1.000
 BIR03          0.587         0.642         0.525         0.666         1.000
 GEN03          0.830         0.881         0.760         0.697         0.668
 BIR04          0.476         0.530         0.427         0.541         0.578
 GENR04         0.721         0.726         0.647         0.738         0.684
 BI05           0.824         0.858         0.763         0.703         0.667
 GEN05          0.743         0.808         0.712         0.660         0.618
 BIR06          0.761         0.770         0.685         0.760         0.716
 BI07           0.785         0.828         0.751         0.651         0.623
 BIR08          0.626         0.666         0.614         0.682         0.610
 BI09           0.580         0.654         0.643         0.498         0.428
 B01            0.542         0.594         0.490         0.462         0.430
 R01           -0.354        -0.377        -0.376        -0.337        -0.340
 B02            0.409         0.456         0.406         0.345         0.321
 R02           -0.504        -0.510        -0.448        -0.460        -0.405
 B03            0.432         0.491         0.406         0.396         0.380
 R03           -0.391        -0.405        -0.366        -0.320        -0.277
 B04            0.586         0.610         0.542         0.504         0.459
 R04           -0.423        -0.443        -0.374        -0.407        -0.331
 B05            0.544         0.562         0.514         0.463         0.399
 R05           -0.578        -0.654        -0.554        -0.548        -0.513
 N01           -0.263        -0.301        -0.218        -0.320        -0.339
 P01            0.345         0.397         0.415         0.263         0.218
 N02           -0.290        -0.336        -0.277        -0.330        -0.332
 P02            0.437         0.505         0.502         0.385         0.305
 N03           -0.043        -0.082        -0.044        -0.115        -0.126
 P03            0.234         0.238         0.304         0.162         0.087
 N04           -0.242        -0.294        -0.239        -0.286        -0.286
 P04            0.520         0.547         0.557         0.427         0.340
 N05           -0.419        -0.480        -0.400        -0.476        -0.427
 P05            0.404         0.427         0.433         0.317         0.219
 N06           -0.361        -0.401        -0.349        -0.356        -0.394
 N07           -0.180        -0.217        -0.180        -0.243        -0.273
 P07            0.465         0.508         0.554         0.365         0.297
 N08           -0.194        -0.210        -0.160        -0.266        -0.259
 P08            0.286         0.305         0.366         0.171         0.138
 N09           -0.214        -0.245        -0.185        -0.265        -0.315
 P09            0.152         0.200         0.229         0.096         0.061
 N10           -0.260        -0.284        -0.217        -0.335        -0.325
 P10            0.228         0.238         0.289         0.150         0.108
 TRUST01        0.107         0.139         0.179         0.103         0.027
 TRUST02        0.068         0.101         0.102         0.007         0.018
 TRUST03        0.042         0.077         0.108         0.074         0.043
 TRUST04        0.054         0.110         0.135         0.051         0.008
 TRUST05        0.080         0.149         0.167         0.058         0.021
 TRUST06        0.180         0.226         0.216         0.135         0.095
 TRUST07        0.211         0.237         0.222         0.148         0.098
 HED01          0.496         0.521         0.458         0.456         0.400
 HED03          0.134         0.177         0.157         0.161         0.108
 HED04          0.482         0.550         0.486         0.461         0.392
 HED05          0.296         0.341         0.309         0.248         0.249
 HED06          0.398         0.458         0.404         0.369         0.305
 HED07          0.447         0.524         0.452         0.435         0.395
 HED08          0.368         0.407         0.355         0.314         0.276
 HED09          0.453         0.551         0.460         0.439         0.419
 UTI01          0.411         0.474         0.394         0.388         0.373
 UTI02          0.439         0.488         0.435         0.408         0.403
 UTI03          0.399         0.482         0.397         0.405         0.390
 UTI04          0.457         0.550         0.451         0.467         0.448
 UTI05          0.428         0.499         0.417         0.434         0.401
 UTI06          0.394         0.498         0.413         0.401         0.408
 UTI07          0.444         0.510         0.415         0.431         0.404
 UTI08          0.440         0.511         0.438         0.401         0.406
 UTI09          0.433         0.531         0.436         0.455         0.442
 CON01          0.460         0.541         0.474         0.409         0.387
 CON02          0.435         0.514         0.465         0.387         0.335
 CON03          0.380         0.470         0.405         0.372         0.355
 CON04          0.355         0.427         0.383         0.351         0.294
 CON05          0.339         0.393         0.350         0.298         0.232
 CON06          0.451         0.536         0.467         0.423         0.362
 DEO01          0.326         0.364         0.332         0.292         0.263
 DEO02          0.408         0.479         0.373         0.377         0.355
 DEO03          0.409         0.470         0.377         0.377         0.357
 DEO04          0.518         0.597         0.509         0.505         0.452
 DEO05          0.460         0.527         0.465         0.458         0.424
 DEO06          0.467         0.524         0.436         0.441         0.371
 DEO07          0.460         0.532         0.455         0.454         0.424
 DEO08          0.372         0.435         0.356         0.333         0.318
 REL01          0.432         0.521         0.417         0.459         0.421
 REL02          0.525         0.603         0.515         0.505         0.500
 REL03          0.479         0.555         0.463         0.453         0.462
 REL04          0.600         0.660         0.578         0.563         0.530
 REL05          0.481         0.567         0.491         0.464         0.470


           Correlations
              GEN03         BIR04         GENR04        BI05          GEN05
              ________      ________      ________      ________      ________
 GEN03          1.000
 BIR04          0.549         1.000
 GENR04         0.771         0.560         1.000
 BI05           0.897         0.553         0.746         1.000
 GEN05          0.811         0.558         0.719         0.795         1.000
 BIR06          0.802         0.612         0.800         0.828         0.746
 BI07           0.847         0.520         0.711         0.839         0.765
 BIR08          0.677         0.523         0.701         0.695         0.657
 BI09           0.635         0.353         0.496         0.654         0.606
 B01            0.570         0.348         0.477         0.553         0.564
 R01           -0.413        -0.333        -0.354        -0.406        -0.375
 B02            0.468         0.275         0.391         0.433         0.501
 R02           -0.530        -0.361        -0.478        -0.498        -0.556
 B03            0.494         0.328         0.413         0.483         0.519
 R03           -0.397        -0.317        -0.359        -0.387        -0.401
 B04            0.626         0.475         0.544         0.593         0.643
 R04           -0.475        -0.318        -0.413        -0.463        -0.474
 B05            0.549         0.402         0.502         0.543         0.568
 R05           -0.651        -0.469        -0.567        -0.646        -0.639
 N01           -0.316        -0.351        -0.280        -0.332        -0.300
 P01            0.351         0.176         0.265         0.346         0.358
 N02           -0.354        -0.337        -0.306        -0.355        -0.353
 P02            0.470         0.301         0.379         0.443         0.458
 N03           -0.090        -0.077        -0.102        -0.078        -0.081
 P03            0.206         0.115         0.173         0.177         0.211
 N04           -0.309        -0.265        -0.251        -0.297        -0.268
 P04            0.512         0.323         0.439         0.496         0.519
 N05           -0.493        -0.424        -0.424        -0.491        -0.461
 P05            0.385         0.228         0.318         0.349         0.389
 N06           -0.416        -0.328        -0.358        -0.410        -0.394
 N07           -0.263        -0.236        -0.242        -0.235        -0.247
 P07            0.462         0.292         0.379         0.453         0.499
 N08           -0.239        -0.248        -0.212        -0.250        -0.216
 P08            0.263         0.130         0.205         0.255         0.275
 N09           -0.255        -0.238        -0.216        -0.253        -0.235
 P09            0.167         0.072         0.095         0.158         0.196
 N10           -0.320        -0.304        -0.299        -0.311        -0.288
 P10            0.188         0.094         0.149         0.189         0.222
 TRUST01        0.125         0.091         0.090         0.137         0.152
 TRUST02        0.093         0.098         0.046         0.119         0.129
 TRUST03        0.102         0.112         0.068         0.105         0.122
 TRUST04        0.109         0.076         0.031         0.100         0.108
 TRUST05        0.131         0.068         0.061         0.122         0.136
 TRUST06        0.188         0.109         0.160         0.206         0.226
 TRUST07        0.218         0.146         0.168         0.239         0.239
 HED01          0.528         0.351         0.476         0.541         0.546
 HED03          0.173         0.155         0.147         0.171         0.175
 HED04          0.545         0.354         0.516         0.550         0.557
 HED05          0.306         0.209         0.269         0.315         0.344
 HED06          0.442         0.248         0.391         0.447         0.454
 HED07          0.497         0.348         0.422         0.520         0.488
 HED08          0.392         0.227         0.306         0.401         0.385
 HED09          0.529         0.361         0.461         0.550         0.519
 UTI01          0.456         0.282         0.411         0.464         0.500
 UTI02          0.499         0.298         0.461         0.504         0.519
 UTI03          0.476         0.328         0.430         0.485         0.508
 UTI04          0.528         0.370         0.485         0.536         0.555
 UTI05          0.497         0.348         0.437         0.517         0.513
 UTI06          0.476         0.331         0.427         0.493         0.488
 UTI07          0.488         0.322         0.451         0.522         0.498
 UTI08          0.505         0.307         0.425         0.520         0.492
 UTI09          0.527         0.371         0.482         0.541         0.545
 CON01          0.526         0.341         0.488         0.529         0.570
 CON02          0.492         0.323         0.450         0.492         0.541
 CON03          0.480         0.303         0.421         0.470         0.492
 CON04          0.412         0.255         0.377         0.406         0.456
 CON05          0.382         0.258         0.345         0.385         0.423
 CON06          0.513         0.325         0.443         0.504         0.531
 DEO01          0.349         0.283         0.338         0.357         0.385
 DEO02          0.438         0.296         0.407         0.443         0.440
 DEO03          0.454         0.316         0.407         0.457         0.486
 DEO04          0.588         0.378         0.509         0.584         0.607
 DEO05          0.549         0.340         0.483         0.541         0.546
 DEO06          0.533         0.344         0.472         0.531         0.528
 DEO07          0.543         0.362         0.487         0.523         0.549
 DEO08          0.431         0.296         0.380         0.407         0.467
 REL01          0.530         0.363         0.447         0.525         0.519
 REL02          0.619         0.459         0.533         0.637         0.593
 REL03          0.572         0.387         0.483         0.560         0.530
 REL04          0.675         0.459         0.608         0.685         0.661
 REL05          0.564         0.436         0.487         0.579         0.547


           Correlations
              BIR06         BI07          BIR08         BI09          B01
              ________      ________      ________      ________      ________
 BIR06          1.000
 BI07           0.774         1.000
 BIR08          0.732         0.720         1.000
 BI09           0.568         0.633         0.470         1.000
 B01            0.525         0.563         0.437         0.387         1.000
 R01           -0.388        -0.391        -0.369        -0.291        -0.352
 B02            0.431         0.451         0.360         0.388         0.404
 R02           -0.505        -0.473        -0.448        -0.367        -0.444
 B03            0.443         0.488         0.416         0.405         0.463
 R03           -0.355        -0.391        -0.342        -0.299        -0.389
 B04            0.565         0.578         0.495         0.399         0.539
 R04           -0.445        -0.423        -0.410        -0.343        -0.409
 B05            0.545         0.524         0.426         0.378         0.509
 R05           -0.607        -0.604        -0.540        -0.446        -0.521
 N01           -0.324        -0.297        -0.265        -0.167        -0.247
 P01            0.293         0.333         0.227         0.353         0.231
 N02           -0.335        -0.329        -0.270        -0.180        -0.304
 P02            0.384         0.416         0.306         0.374         0.302
 N03           -0.090        -0.034        -0.073         0.022        -0.040
 P03            0.152         0.183         0.131         0.196         0.114
 N04           -0.273        -0.266        -0.267        -0.153        -0.253
 P04            0.442         0.466         0.394         0.398         0.351
 N05           -0.475        -0.448        -0.423        -0.335        -0.337
 P05            0.329         0.365         0.265         0.280         0.283
 N06           -0.387        -0.366        -0.312        -0.253        -0.307
 N07           -0.249        -0.190        -0.206        -0.091        -0.147
 P07            0.416         0.437         0.319         0.428         0.331
 N08           -0.257        -0.215        -0.247        -0.116        -0.195
 P08            0.205         0.231         0.129         0.283         0.146
 N09           -0.262        -0.200        -0.239        -0.111        -0.212
 P09            0.135         0.190         0.122         0.191         0.134
 N10           -0.302        -0.276        -0.280        -0.139        -0.241
 P10            0.159         0.179         0.123         0.201         0.148
 TRUST01        0.089         0.133         0.108         0.219         0.128
 TRUST02        0.068         0.098         0.077         0.157         0.132
 TRUST03        0.106         0.090         0.050         0.101         0.137
 TRUST04        0.056         0.106         0.067         0.192         0.118
 TRUST05        0.072         0.135         0.098         0.205         0.168
 TRUST06        0.156         0.223         0.159         0.281         0.172
 TRUST07        0.193         0.227         0.152         0.271         0.190
 HED01          0.515         0.497         0.427         0.396         0.362
 HED03          0.145         0.163         0.149         0.182         0.129
 HED04          0.517         0.520         0.455         0.435         0.374
 HED05          0.290         0.308         0.244         0.304         0.235
 HED06          0.409         0.424         0.305         0.368         0.314
 HED07          0.473         0.487         0.385         0.422         0.358
 HED08          0.366         0.397         0.313         0.375         0.277
 HED09          0.490         0.513         0.434         0.452         0.355
 UTI01          0.432         0.448         0.402         0.374         0.302
 UTI02          0.485         0.476         0.430         0.428         0.335
 UTI03          0.458         0.451         0.434         0.406         0.314
 UTI04          0.514         0.506         0.491         0.410         0.343
 UTI05          0.488         0.480         0.467         0.417         0.322
 UTI06          0.463         0.451         0.419         0.385         0.324
 UTI07          0.474         0.470         0.435         0.433         0.369
 UTI08          0.468         0.471         0.460         0.403         0.326
 UTI09          0.513         0.490         0.469         0.434         0.375
 CON01          0.482         0.517         0.420         0.383         0.391
 CON02          0.449         0.494         0.394         0.365         0.376
 CON03          0.426         0.434         0.355         0.334         0.326
 CON04          0.375         0.407         0.333         0.290         0.315
 CON05          0.371         0.382         0.308         0.304         0.284
 CON06          0.458         0.496         0.417         0.396         0.400
 DEO01          0.354         0.364         0.335         0.288         0.254
 DEO02          0.431         0.445         0.393         0.344         0.352
 DEO03          0.423         0.435         0.383         0.327         0.316
 DEO04          0.542         0.566         0.474         0.462         0.405
 DEO05          0.499         0.524         0.461         0.397         0.352
 DEO06          0.504         0.520         0.425         0.447         0.367
 DEO07          0.511         0.524         0.453         0.402         0.388
 DEO08          0.388         0.420         0.341         0.336         0.317
 REL01          0.483         0.491         0.425         0.423         0.379
 REL02          0.587         0.592         0.509         0.467         0.406
 REL03          0.516         0.530         0.470         0.461         0.387
 REL04          0.644         0.640         0.559         0.503         0.470
 REL05          0.554         0.548         0.467         0.428         0.410


           Correlations
              R01           B02           R02           B03           R03
              ________      ________      ________      ________      ________
 R01            1.000
 B02           -0.182         1.000
 R02            0.399        -0.234         1.000
 B03           -0.197         0.582        -0.256         1.000
 R03            0.307        -0.181         0.475        -0.250         1.000
 B04           -0.402         0.363        -0.473         0.488        -0.400
 R04            0.414        -0.227         0.517        -0.258         0.406
 B05           -0.320         0.380        -0.412         0.396        -0.356
 R05            0.491        -0.340         0.553        -0.383         0.426
 N01            0.251        -0.151         0.215        -0.225         0.248
 P01           -0.137         0.335        -0.104         0.269        -0.127
 N02            0.272        -0.198         0.282        -0.255         0.233
 P02           -0.292         0.299        -0.285         0.258        -0.252
 N03            0.114         0.041         0.061        -0.017         0.103
 P03           -0.081         0.160        -0.129         0.085        -0.133
 N04            0.217        -0.099         0.265        -0.167         0.271
 P04           -0.282         0.350        -0.315         0.312        -0.314
 N05            0.247        -0.278         0.319        -0.309         0.269
 P05           -0.200         0.247        -0.241         0.228        -0.279
 N06            0.271        -0.229         0.250        -0.264         0.189
 N07            0.141        -0.144         0.134        -0.177         0.157
 P07           -0.241         0.300        -0.316         0.308        -0.237
 N08            0.233        -0.071         0.227        -0.142         0.211
 P08           -0.115         0.212        -0.150         0.123        -0.140
 N09            0.194        -0.133         0.175        -0.174         0.137
 P09           -0.073         0.165        -0.055         0.188        -0.043
 N10            0.257        -0.120         0.296        -0.196         0.280
 P10           -0.115         0.165        -0.141         0.089        -0.138
 TRUST01       -0.156         0.151        -0.116         0.100        -0.209
 TRUST02       -0.089         0.174        -0.072         0.133        -0.166
 TRUST03       -0.169         0.119        -0.094         0.113        -0.114
 TRUST04       -0.162         0.115        -0.132         0.068        -0.233
 TRUST05       -0.157         0.149        -0.126         0.084        -0.214
 TRUST06       -0.145         0.204        -0.130         0.155        -0.170
 TRUST07       -0.202         0.234        -0.137         0.212        -0.185
 HED01         -0.294         0.360        -0.323         0.352        -0.232
 HED03         -0.207         0.131        -0.095         0.142        -0.033
 HED04         -0.292         0.374        -0.324         0.366        -0.211
 HED05         -0.186         0.259        -0.212         0.244        -0.105
 HED06         -0.215         0.332        -0.246         0.274        -0.179
 HED07         -0.323         0.313        -0.291         0.304        -0.205
 HED08         -0.268         0.284        -0.211         0.265        -0.147
 HED09         -0.305         0.323        -0.316         0.329        -0.246
 UTI01         -0.206         0.337        -0.303         0.348        -0.146
 UTI02         -0.263         0.398        -0.303         0.379        -0.153
 UTI03         -0.246         0.352        -0.296         0.367        -0.174
 UTI04         -0.259         0.351        -0.324         0.398        -0.199
 UTI05         -0.276         0.372        -0.291         0.413        -0.148
 UTI06         -0.253         0.352        -0.294         0.382        -0.147
 UTI07         -0.213         0.367        -0.275         0.451        -0.158
 UTI08         -0.251         0.345        -0.282         0.418        -0.156
 UTI09         -0.269         0.359        -0.365         0.392        -0.233
 CON01         -0.303         0.337        -0.333         0.364        -0.233
 CON02         -0.263         0.320        -0.329         0.337        -0.239
 CON03         -0.266         0.268        -0.287         0.306        -0.151
 CON04         -0.252         0.303        -0.227         0.343        -0.139
 CON05         -0.202         0.251        -0.249         0.258        -0.203
 CON06         -0.280         0.307        -0.327         0.355        -0.220
 DEO01         -0.184         0.245        -0.211         0.235        -0.144
 DEO02         -0.246         0.285        -0.283         0.237        -0.217
 DEO03         -0.258         0.300        -0.280         0.297        -0.141
 DEO04         -0.308         0.376        -0.346         0.401        -0.248
 DEO05         -0.317         0.361        -0.308         0.389        -0.185
 DEO06         -0.308         0.305        -0.322         0.317        -0.233
 DEO07         -0.327         0.335        -0.313         0.338        -0.238
 DEO08         -0.287         0.317        -0.251         0.298        -0.214
 REL01         -0.284         0.361        -0.329         0.371        -0.205
 REL02         -0.310         0.348        -0.368         0.416        -0.266
 REL03         -0.302         0.375        -0.351         0.368        -0.214
 REL04         -0.369         0.384        -0.453         0.438        -0.311
 REL05         -0.369         0.317        -0.364         0.352        -0.278


           Correlations
              B04           R04           B05           R05           N01
              ________      ________      ________      ________      ________
 B04            1.000
 R04           -0.386         1.000
 B05            0.594        -0.425         1.000
 R05           -0.575         0.483        -0.474         1.000
 N01           -0.242         0.206        -0.260         0.348         1.000
 P01            0.253        -0.153         0.179        -0.272        -0.064
 N02           -0.299         0.239        -0.265         0.386         0.749
 P02            0.364        -0.246         0.315        -0.390        -0.135
 N03           -0.071         0.023        -0.083         0.078         0.464
 P03            0.187        -0.100         0.196        -0.146         0.018
 N04           -0.238         0.221        -0.229         0.320         0.683
 P04            0.420        -0.304         0.396        -0.440        -0.155
 N05           -0.355         0.280        -0.307         0.418         0.533
 P05            0.343        -0.223         0.310        -0.317        -0.097
 N06           -0.313         0.232        -0.271         0.341         0.605
 N07           -0.211         0.145        -0.222         0.222         0.577
 P07            0.379        -0.237         0.321        -0.359        -0.096
 N08           -0.195         0.209        -0.175         0.264         0.599
 P08            0.226        -0.116         0.201        -0.211         0.058
 N09           -0.163         0.164        -0.186         0.254         0.565
 P09            0.124        -0.071         0.092        -0.132         0.033
 N10           -0.239         0.264        -0.239         0.337         0.684
 P10            0.180        -0.093         0.157        -0.172        -0.010
 TRUST01        0.133        -0.129         0.135        -0.151        -0.105
 TRUST02        0.079        -0.106         0.115        -0.108        -0.118
 TRUST03        0.103        -0.152         0.169        -0.132        -0.173
 TRUST04        0.105        -0.154         0.115        -0.132        -0.096
 TRUST05        0.131        -0.165         0.132        -0.148        -0.098
 TRUST06        0.153        -0.131         0.148        -0.191        -0.050
 TRUST07        0.190        -0.156         0.179        -0.235        -0.090
 HED01          0.420        -0.300         0.371        -0.405        -0.196
 HED03          0.150        -0.140         0.092        -0.202        -0.118
 HED04          0.412        -0.316         0.368        -0.455        -0.167
 HED05          0.280        -0.149         0.222        -0.271        -0.087
 HED06          0.357        -0.218         0.301        -0.383        -0.132
 HED07          0.419        -0.307         0.331        -0.448        -0.175
 HED08          0.318        -0.211         0.242        -0.324        -0.115
 HED09          0.432        -0.315         0.331        -0.484        -0.177
 UTI01          0.373        -0.274         0.343        -0.375        -0.152
 UTI02          0.388        -0.294         0.362        -0.404        -0.121
 UTI03          0.397        -0.308         0.313        -0.423        -0.185
 UTI04          0.444        -0.341         0.362        -0.446        -0.195
 UTI05          0.412        -0.290         0.337        -0.426        -0.148
 UTI06          0.388        -0.270         0.330        -0.414        -0.187
 UTI07          0.387        -0.279         0.367        -0.407        -0.199
 UTI08          0.406        -0.261         0.370        -0.384        -0.185
 UTI09          0.434        -0.365         0.369        -0.455        -0.177
 CON01          0.428        -0.376         0.358        -0.422        -0.198
 CON02          0.439        -0.374         0.373        -0.392        -0.197
 CON03          0.377        -0.286         0.277        -0.350        -0.156
 CON04          0.395        -0.264         0.306        -0.327        -0.172
 CON05          0.340        -0.354         0.333        -0.311        -0.183
 CON06          0.435        -0.327         0.359        -0.423        -0.175
 DEO01          0.341        -0.199         0.252        -0.266        -0.091
 DEO02          0.368        -0.249         0.336        -0.345        -0.176
 DEO03          0.407        -0.276         0.331        -0.370        -0.149
 DEO04          0.499        -0.354         0.412        -0.487        -0.204
 DEO05          0.428        -0.303         0.335        -0.465        -0.187
 DEO06          0.451        -0.324         0.380        -0.451        -0.144
 DEO07          0.488        -0.324         0.388        -0.449        -0.205
 DEO08          0.401        -0.256         0.339        -0.386        -0.137
 REL01          0.395        -0.347         0.334        -0.478        -0.242
 REL02          0.475        -0.374         0.441        -0.533        -0.276
 REL03          0.367        -0.348         0.343        -0.497        -0.228
 REL04          0.528        -0.412         0.482        -0.571        -0.289
 REL05          0.438        -0.375         0.402        -0.518        -0.277


           Correlations
              P01           N02           P02           N03           P03
              ________      ________      ________      ________      ________
 P01            1.000
 N02           -0.074         1.000
 P02            0.502        -0.171         1.000
 N03            0.114         0.433         0.024         1.000
 P03            0.401         0.038         0.499         0.062         1.000
 N04            0.003         0.660        -0.098         0.450         0.036
 P04            0.574        -0.181         0.712         0.034         0.492
 N05           -0.143         0.550        -0.182         0.276         0.030
 P05            0.366        -0.127         0.624        -0.020         0.495
 N06           -0.161         0.652        -0.157         0.288         0.075
 N07           -0.018         0.596        -0.124         0.637         0.031
 P07            0.606        -0.148         0.702         0.074         0.505
 N08            0.059         0.550        -0.069         0.407         0.065
 P08            0.535         0.020         0.527         0.129         0.605
 N09            0.018         0.518        -0.043         0.386         0.111
 P09            0.561         0.034         0.318         0.121         0.339
 N10            0.047         0.679        -0.116         0.451         0.024
 P10            0.459         0.008         0.474         0.079         0.587
 TRUST01        0.106        -0.133         0.186         0.009         0.185
 TRUST02        0.105        -0.138         0.108         0.020         0.052
 TRUST03        0.054        -0.174         0.098         0.022         0.047
 TRUST04        0.051        -0.118         0.166         0.049         0.113
 TRUST05        0.071        -0.103         0.193         0.052         0.150
 TRUST06        0.225        -0.114         0.202         0.100         0.109
 TRUST07        0.193        -0.139         0.183         0.108         0.127
 HED01          0.214        -0.199         0.283        -0.065         0.186
 HED03          0.047        -0.119         0.052        -0.032         0.064
 HED04          0.250        -0.187         0.314        -0.011         0.183
 HED05          0.171        -0.102         0.209         0.021         0.169
 HED06          0.215        -0.153         0.298        -0.021         0.192
 HED07          0.256        -0.159         0.344        -0.004         0.196
 HED08          0.222        -0.140         0.251         0.032         0.174
 HED09          0.245        -0.190         0.337         0.026         0.191
 UTI01          0.232        -0.160         0.278        -0.011         0.161
 UTI02          0.241        -0.118         0.279        -0.054         0.163
 UTI03          0.266        -0.182         0.298        -0.041         0.163
 UTI04          0.261        -0.191         0.298        -0.022         0.163
 UTI05          0.287        -0.165         0.300         0.014         0.150
 UTI06          0.290        -0.195         0.289        -0.011         0.152
 UTI07          0.276        -0.188         0.274        -0.044         0.155
 UTI08          0.236        -0.179         0.297        -0.065         0.163
 UTI09          0.231        -0.191         0.297         0.009         0.158
 CON01          0.262        -0.236         0.285        -0.039         0.090
 CON02          0.253        -0.227         0.271        -0.028         0.127
 CON03          0.229        -0.177         0.235        -0.042         0.085
 CON04          0.226        -0.185         0.196        -0.044         0.119
 CON05          0.181        -0.167         0.214        -0.028         0.104
 CON06          0.252        -0.227         0.258        -0.056         0.117
 DEO01          0.230        -0.104         0.216        -0.001         0.078
 DEO02          0.180        -0.157         0.289        -0.032         0.190
 DEO03          0.264        -0.149         0.276        -0.022         0.132
 DEO04          0.300        -0.206         0.350        -0.075         0.184
 DEO05          0.275        -0.214         0.295        -0.026         0.138
 DEO06          0.250        -0.161         0.315        -0.014         0.161
 DEO07          0.281        -0.221         0.330        -0.063         0.165
 DEO08          0.276        -0.143         0.286        -0.059         0.152
 REL01          0.300        -0.263         0.280        -0.043         0.084
 REL02          0.290        -0.241         0.334        -0.046         0.124
 REL03          0.309        -0.238         0.281        -0.035         0.074
 REL04          0.296        -0.303         0.377        -0.081         0.162
 REL05          0.247        -0.268         0.304        -0.074         0.143


           Correlations
              N04           P04           N05           P05           N06
              ________      ________      ________      ________      ________
 N04            1.000
 P04           -0.132         1.000
 N05            0.468        -0.281         1.000
 P05           -0.056         0.591        -0.143         1.000
 N06            0.529        -0.160         0.615        -0.086         1.000
 N07            0.492        -0.112         0.419        -0.084         0.453
 P07           -0.053         0.719        -0.222         0.608        -0.158
 N08            0.728        -0.121         0.455        -0.044         0.455
 P08            0.040         0.580        -0.037         0.482         0.014
 N09            0.631        -0.102         0.459        -0.008         0.495
 P09            0.038         0.399        -0.012         0.293         0.013
 N10            0.820        -0.111         0.473        -0.071         0.527
 P10            0.034         0.511        -0.030         0.466        -0.004
 TRUST01       -0.065         0.178        -0.061         0.184        -0.082
 TRUST02       -0.085         0.113        -0.085         0.158        -0.124
 TRUST03       -0.132         0.091        -0.088         0.133        -0.150
 TRUST04       -0.064         0.123        -0.031         0.144        -0.057
 TRUST05       -0.073         0.160        -0.034         0.174        -0.067
 TRUST06       -0.013         0.205        -0.108         0.190        -0.160
 TRUST07       -0.041         0.195        -0.115         0.165        -0.167
 HED01         -0.182         0.304        -0.260         0.235        -0.249
 HED03         -0.114         0.049        -0.063         0.011        -0.107
 HED04         -0.133         0.342        -0.289         0.275        -0.246
 HED05         -0.127         0.185        -0.165         0.222        -0.146
 HED06         -0.110         0.284        -0.223         0.250        -0.208
 HED07         -0.155         0.351        -0.268         0.268        -0.217
 HED08         -0.095         0.246        -0.172         0.224        -0.194
 HED09         -0.178         0.348        -0.280         0.245        -0.238
 UTI01         -0.148         0.282        -0.232         0.262        -0.207
 UTI02         -0.119         0.303        -0.246         0.263        -0.226
 UTI03         -0.151         0.295        -0.243         0.250        -0.244
 UTI04         -0.166         0.321        -0.247         0.260        -0.246
 UTI05         -0.105         0.316        -0.270         0.228        -0.243
 UTI06         -0.151         0.302        -0.279         0.204        -0.253
 UTI07         -0.148         0.295        -0.282         0.251        -0.241
 UTI08         -0.141         0.335        -0.226         0.254        -0.214
 UTI09         -0.158         0.320        -0.255         0.225        -0.223
 CON01         -0.172         0.340        -0.344         0.266        -0.291
 CON02         -0.174         0.331        -0.290         0.270        -0.243
 CON03         -0.133         0.245        -0.310         0.246        -0.250
 CON04         -0.167         0.251        -0.257         0.223        -0.244
 CON05         -0.132         0.225        -0.204         0.242        -0.214
 CON06         -0.175         0.317        -0.307         0.259        -0.228
 DEO01         -0.091         0.251        -0.177         0.211        -0.179
 DEO02         -0.180         0.260        -0.233         0.266        -0.213
 DEO03         -0.158         0.313        -0.245         0.265        -0.216
 DEO04         -0.201         0.388        -0.321         0.350        -0.256
 DEO05         -0.209         0.335        -0.295         0.250        -0.237
 DEO06         -0.156         0.347        -0.239         0.302        -0.197
 DEO07         -0.214         0.376        -0.294         0.283        -0.224
 DEO08         -0.150         0.312        -0.203         0.296        -0.167
 REL01         -0.198         0.323        -0.324         0.232        -0.303
 REL02         -0.232         0.385        -0.354         0.282        -0.314
 REL03         -0.214         0.335        -0.345         0.229        -0.287
 REL04         -0.263         0.427        -0.405         0.293        -0.360
 REL05         -0.256         0.350        -0.348         0.273        -0.293


           Correlations
              N07           P07           N08           P08           N09
              ________      ________      ________      ________      ________
 N07            1.000
 P07           -0.067         1.000
 N08            0.430        -0.039         1.000
 P08            0.070         0.563         0.077         1.000
 N09            0.404        -0.013         0.656         0.099         1.000
 P09            0.060         0.429         0.069         0.480         0.078
 N10            0.509        -0.037         0.709         0.044         0.625
 P10            0.053         0.526         0.035         0.618         0.112
 TRUST01       -0.046         0.171         0.025         0.149         0.011
 TRUST02       -0.016         0.113        -0.023         0.067        -0.062
 TRUST03       -0.031         0.098        -0.092         0.034        -0.106
 TRUST04       -0.049         0.126         0.021         0.079        -0.001
 TRUST05       -0.028         0.149         0.007         0.122         0.012
 TRUST06        0.011         0.254         0.057         0.125        -0.008
 TRUST07        0.002         0.204         0.013         0.109        -0.054
 HED01         -0.145         0.271        -0.186         0.218        -0.130
 HED03         -0.047         0.023        -0.096         0.055        -0.085
 HED04         -0.098         0.310        -0.104         0.225        -0.102
 HED05         -0.043         0.202        -0.075         0.186        -0.075
 HED06         -0.098         0.263        -0.099         0.234        -0.066
 HED07         -0.097         0.311        -0.146         0.234        -0.113
 HED08         -0.050         0.245        -0.110         0.207        -0.057
 HED09         -0.073         0.305        -0.142         0.221        -0.104
 UTI01         -0.111         0.271        -0.089         0.180        -0.089
 UTI02         -0.121         0.267        -0.105         0.208        -0.096
 UTI03         -0.116         0.288        -0.119         0.186        -0.115
 UTI04         -0.129         0.292        -0.143         0.157        -0.136
 UTI05         -0.113         0.304        -0.087         0.199        -0.106
 UTI06         -0.140         0.289        -0.083         0.173        -0.126
 UTI07         -0.149         0.279        -0.122         0.176        -0.103
 UTI08         -0.145         0.306        -0.101         0.146        -0.126
 UTI09         -0.117         0.283        -0.130         0.175        -0.118
 CON01         -0.179         0.315        -0.127         0.190        -0.148
 CON02         -0.143         0.319        -0.110         0.197        -0.138
 CON03         -0.096         0.260        -0.100         0.155        -0.145
 CON04         -0.135         0.231        -0.122         0.151        -0.140
 CON05         -0.119         0.218        -0.107         0.152        -0.103
 CON06         -0.132         0.330        -0.143         0.168        -0.143
 DEO01         -0.066         0.268        -0.024         0.169        -0.051
 DEO02         -0.091         0.264        -0.139         0.208        -0.141
 DEO03         -0.076         0.299        -0.109         0.159        -0.083
 DEO04         -0.145         0.352        -0.168         0.217        -0.135
 DEO05         -0.121         0.299        -0.163         0.144        -0.134
 DEO06         -0.098         0.346        -0.123         0.164        -0.058
 DEO07         -0.163         0.327        -0.177         0.185        -0.151
 DEO08         -0.099         0.309        -0.090         0.144        -0.085
 REL01         -0.155         0.266        -0.171         0.147        -0.184
 REL02         -0.151         0.321        -0.225         0.179        -0.198
 REL03         -0.169         0.285        -0.192         0.158        -0.201
 REL04         -0.183         0.357        -0.230         0.177        -0.211
 REL05         -0.142         0.298        -0.219         0.137        -0.189


           Correlations
              P09           N10           P10           TRUST01       TRUST02
              ________      ________      ________      ________      ________
 P09            1.000
 N10            0.070         1.000
 P10            0.525         0.034         1.000
 TRUST01        0.041        -0.052         0.171         1.000
 TRUST02        0.089        -0.070         0.130         0.547         1.000
 TRUST03        0.053        -0.151         0.092         0.472         0.639
 TRUST04        0.025        -0.046         0.107         0.808         0.493
 TRUST05        0.066        -0.049         0.137         0.802         0.504
 TRUST06        0.114         0.041         0.152         0.549         0.496
 TRUST07        0.129        -0.017         0.153         0.505         0.561
 HED01          0.129        -0.210         0.169         0.132         0.101
 HED03          0.059        -0.126         0.020         0.108         0.032
 HED04          0.135        -0.147         0.166         0.129         0.073
 HED05          0.120        -0.130         0.117         0.123         0.055
 HED06          0.135        -0.134         0.171         0.120         0.060
 HED07          0.153        -0.167         0.195         0.175         0.069
 HED08          0.161        -0.112         0.188         0.112         0.106
 HED09          0.154        -0.180         0.184         0.200         0.104
 UTI01          0.140        -0.142         0.182         0.078         0.109
 UTI02          0.125        -0.127         0.205         0.095         0.085
 UTI03          0.149        -0.146         0.186         0.103         0.071
 UTI04          0.147        -0.179         0.176         0.097         0.124
 UTI05          0.161        -0.115         0.164         0.082         0.112
 UTI06          0.189        -0.146         0.192         0.099         0.167
 UTI07          0.179        -0.163         0.206         0.084         0.091
 UTI08          0.140        -0.157         0.187         0.098         0.117
 UTI09          0.151        -0.177         0.150         0.077         0.094
 CON01          0.153        -0.190         0.154         0.167         0.183
 CON02          0.156        -0.190         0.156         0.153         0.167
 CON03          0.143        -0.151         0.136         0.096         0.119
 CON04          0.152        -0.155         0.147         0.102         0.078
 CON05          0.124        -0.163         0.134         0.132         0.158
 CON06          0.139        -0.170         0.156         0.138         0.147
 DEO01          0.117        -0.097         0.171         0.109         0.134
 DEO02          0.139        -0.194         0.181         0.134         0.103
 DEO03          0.143        -0.168         0.165         0.095         0.141
 DEO04          0.146        -0.233         0.202         0.167         0.149
 DEO05          0.127        -0.229         0.119         0.115         0.073
 DEO06          0.106        -0.153         0.144         0.147         0.115
 DEO07          0.134        -0.215         0.153         0.099         0.052
 DEO08          0.150        -0.154         0.160         0.099         0.103
 REL01          0.174        -0.217         0.164         0.094         0.134
 REL02          0.145        -0.238         0.141         0.107         0.136
 REL03          0.148        -0.203         0.139         0.138         0.137
 REL04          0.133        -0.286         0.167         0.110         0.105
 REL05          0.109        -0.268         0.148         0.113         0.121


           Correlations
              TRUST03       TRUST04       TRUST05       TRUST06       TRUST07
              ________      ________      ________      ________      ________
 TRUST03        1.000
 TRUST04        0.480         1.000
 TRUST05        0.461         0.861         1.000
 TRUST06        0.322         0.546         0.565         1.000
 TRUST07        0.431         0.486         0.500         0.689         1.000
 HED01          0.089         0.070         0.123         0.116         0.168
 HED03          0.060         0.095         0.110         0.103         0.125
 HED04          0.080         0.090         0.150         0.166         0.210
 HED05          0.042         0.091         0.144         0.139         0.171
 HED06          0.044         0.076         0.113         0.109         0.161
 HED07          0.098         0.137         0.186         0.171         0.232
 HED08          0.077         0.088         0.162         0.168         0.217
 HED09          0.103         0.174         0.215         0.191         0.258
 UTI01          0.086         0.051         0.103         0.122         0.176
 UTI02          0.120         0.044         0.103         0.133         0.202
 UTI03          0.107         0.049         0.107         0.137         0.185
 UTI04          0.159         0.055         0.109         0.144         0.224
 UTI05          0.111         0.036         0.075         0.145         0.207
 UTI06          0.124         0.086         0.120         0.186         0.227
 UTI07          0.103         0.051         0.101         0.135         0.157
 UTI08          0.140         0.053         0.094         0.124         0.181
 UTI09          0.124         0.071         0.115         0.120         0.196
 CON01          0.166         0.112         0.132         0.158         0.245
 CON02          0.153         0.114         0.148         0.168         0.222
 CON03          0.119         0.049         0.094         0.161         0.152
 CON04          0.089         0.043         0.091         0.133         0.166
 CON05          0.110         0.094         0.145         0.151         0.197
 CON06          0.143         0.096         0.131         0.186         0.196
 DEO01          0.130         0.043         0.096         0.182         0.180
 DEO02          0.098         0.078         0.139         0.099         0.167
 DEO03          0.128         0.042         0.098         0.196         0.219
 DEO04          0.134         0.088         0.159         0.202         0.207
 DEO05          0.116         0.099         0.119         0.171         0.166
 DEO06          0.133         0.113         0.168         0.176         0.185
 DEO07          0.082         0.055         0.101         0.123         0.129
 DEO08          0.113         0.053         0.105         0.100         0.163
 REL01          0.139         0.063         0.091         0.174         0.217
 REL02          0.136         0.070         0.111         0.155         0.186
 REL03          0.112         0.110         0.138         0.204         0.226
 REL04          0.126         0.068         0.089         0.161         0.171
 REL05          0.157         0.087         0.115         0.160         0.202


           Correlations
              HED01         HED03         HED04         HED05         HED06
              ________      ________      ________      ________      ________
 HED01          1.000
 HED03          0.416         1.000
 HED04          0.752         0.406         1.000
 HED05          0.637         0.441         0.588         1.000
 HED06          0.712         0.470         0.744         0.668         1.000
 HED07          0.686         0.424         0.704         0.612         0.677
 HED08          0.647         0.445         0.685         0.667         0.680
 HED09          0.662         0.430         0.727         0.601         0.667
 UTI01          0.568         0.322         0.599         0.463         0.560
 UTI02          0.593         0.310         0.605         0.465         0.552
 UTI03          0.572         0.315         0.625         0.457         0.519
 UTI04          0.600         0.324         0.603         0.428         0.530
 UTI05          0.537         0.301         0.584         0.385         0.484
 UTI06          0.562         0.299         0.598         0.392         0.493
 UTI07          0.523         0.309         0.573         0.389         0.473
 UTI08          0.522         0.334         0.548         0.373         0.474
 UTI09          0.569         0.328         0.598         0.398         0.517
 CON01          0.523         0.237         0.544         0.395         0.455
 CON02          0.482         0.251         0.509         0.383         0.427
 CON03          0.482         0.249         0.510         0.396         0.411
 CON04          0.467         0.307         0.495         0.374         0.401
 CON05          0.392         0.254         0.427         0.279         0.357
 CON06          0.469         0.238         0.495         0.343         0.399
 DEO01          0.361         0.149         0.411         0.290         0.312
 DEO02          0.544         0.288         0.536         0.465         0.547
 DEO03          0.484         0.183         0.489         0.372         0.403
 DEO04          0.596         0.220         0.597         0.447         0.527
 DEO05          0.558         0.234         0.566         0.402         0.473
 DEO06          0.540         0.221         0.576         0.400         0.490
 DEO07          0.549         0.223         0.579         0.382         0.506
 DEO08          0.501         0.189         0.531         0.392         0.448
 REL01          0.471         0.243         0.515         0.361         0.440
 REL02          0.571         0.240         0.602         0.383         0.482
 REL03          0.482         0.231         0.523         0.369         0.418
 REL04          0.595         0.221         0.587         0.357         0.473
 REL05          0.530         0.218         0.536         0.354         0.449


           Correlations
              HED07         HED08         HED09         UTI01         UTI02
              ________      ________      ________      ________      ________
 HED07          1.000
 HED08          0.647         1.000
 HED09          0.805         0.651         1.000
 UTI01          0.530         0.531         0.548         1.000
 UTI02          0.539         0.515         0.566         0.776         1.000
 UTI03          0.564         0.495         0.618         0.705         0.739
 UTI04          0.562         0.497         0.608         0.761         0.792
 UTI05          0.540         0.455         0.544         0.729         0.772
 UTI06          0.552         0.483         0.576         0.743         0.719
 UTI07          0.515         0.453         0.530         0.695         0.712
 UTI08          0.525         0.462         0.554         0.672         0.704
 UTI09          0.577         0.477         0.609         0.706         0.757
 CON01          0.498         0.455         0.503         0.498         0.523
 CON02          0.496         0.426         0.475         0.495         0.473
 CON03          0.463         0.438         0.468         0.472         0.509
 CON04          0.457         0.449         0.450         0.483         0.487
 CON05          0.410         0.368         0.438         0.359         0.392
 CON06          0.488         0.425         0.486         0.480         0.519
 DEO01          0.337         0.320         0.365         0.344         0.388
 DEO02          0.545         0.553         0.555         0.492         0.520
 DEO03          0.488         0.417         0.493         0.456         0.521
 DEO04          0.601         0.510         0.580         0.534         0.616
 DEO05          0.530         0.478         0.533         0.513         0.576
 DEO06          0.571         0.492         0.572         0.506         0.563
 DEO07          0.579         0.474         0.571         0.529         0.552
 DEO08          0.491         0.460         0.517         0.503         0.546
 REL01          0.499         0.433         0.517         0.485         0.518
 REL02          0.557         0.449         0.601         0.508         0.557
 REL03          0.482         0.420         0.531         0.447         0.535
 REL04          0.528         0.424         0.555         0.534         0.581
 REL05          0.530         0.400         0.550         0.461         0.519


           Correlations
              UTI03         UTI04         UTI05         UTI06         UTI07
              ________      ________      ________      ________      ________
 UTI03          1.000
 UTI04          0.776         1.000
 UTI05          0.710         0.786         1.000
 UTI06          0.742         0.783         0.743         1.000
 UTI07          0.660         0.725         0.695         0.659         1.000
 UTI08          0.695         0.746         0.697         0.685         0.735
 UTI09          0.721         0.840         0.767         0.729         0.695
 CON01          0.521         0.546         0.518         0.526         0.459
 CON02          0.500         0.519         0.477         0.507         0.428
 CON03          0.532         0.529         0.508         0.515         0.445
 CON04          0.511         0.509         0.477         0.496         0.438
 CON05          0.428         0.416         0.388         0.391         0.366
 CON06          0.510         0.542         0.505         0.534         0.482
 DEO01          0.340         0.405         0.378         0.370         0.326
 DEO02          0.495         0.496         0.458         0.465         0.457
 DEO03          0.471         0.524         0.495         0.489         0.452
 DEO04          0.564         0.617         0.567         0.543         0.542
 DEO05          0.531         0.576         0.549         0.544         0.480
 DEO06          0.521         0.557         0.506         0.498         0.458
 DEO07          0.552         0.580         0.525         0.533         0.491
 DEO08          0.525         0.531         0.489         0.504         0.450
 REL01          0.512         0.550         0.524         0.514         0.500
 REL02          0.554         0.612         0.576         0.547         0.542
 REL03          0.499         0.566         0.507         0.512         0.502
 REL04          0.545         0.615         0.592         0.560         0.559
 REL05          0.490         0.567         0.513         0.520         0.490


           Correlations
              UTI08         UTI09         CON01         CON02         CON03
              ________      ________      ________      ________      ________
 UTI08          1.000
 UTI09          0.715         1.000
 CON01          0.495         0.549         1.000
 CON02          0.471         0.504         0.858         1.000
 CON03          0.463         0.511         0.758         0.724         1.000
 CON04          0.455         0.456         0.756         0.768         0.745
 CON05          0.382         0.405         0.635         0.646         0.592
 CON06          0.486         0.533         0.779         0.789         0.721
 DEO01          0.327         0.387         0.399         0.399         0.405
 DEO02          0.472         0.522         0.501         0.478         0.482
 DEO03          0.481         0.545         0.548         0.507         0.558
 DEO04          0.572         0.612         0.615         0.576         0.603
 DEO05          0.515         0.581         0.581         0.545         0.572
 DEO06          0.517         0.596         0.559         0.538         0.583
 DEO07          0.530         0.595         0.561         0.549         0.559
 DEO08          0.516         0.532         0.531         0.510         0.536
 REL01          0.488         0.521         0.482         0.464         0.455
 REL02          0.564         0.595         0.560         0.527         0.536
 REL03          0.486         0.518         0.510         0.472         0.486
 REL04          0.573         0.623         0.566         0.547         0.531
 REL05          0.496         0.567         0.539         0.524         0.493


           Correlations
              CON04         CON05         CON06         DEO01         DEO02
              ________      ________      ________      ________      ________
 CON04          1.000
 CON05          0.593         1.000
 CON06          0.740         0.599         1.000
 DEO01          0.336         0.336         0.355         1.000
 DEO02          0.457         0.406         0.450         0.426         1.000
 DEO03          0.478         0.415         0.505         0.642         0.556
 DEO04          0.550         0.459         0.577         0.555         0.646
 DEO05          0.536         0.401         0.589         0.469         0.580
 DEO06          0.490         0.430         0.560         0.548         0.618
 DEO07          0.517         0.445         0.567         0.508         0.588
 DEO08          0.500         0.421         0.504         0.518         0.549
 REL01          0.476         0.374         0.483         0.378         0.397
 REL02          0.493         0.412         0.523         0.372         0.479
 REL03          0.461         0.388         0.498         0.372         0.385
 REL04          0.511         0.430         0.554         0.381         0.498
 REL05          0.476         0.401         0.526         0.398         0.446


           Correlations
              DEO03         DEO04         DEO05         DEO06         DEO07
              ________      ________      ________      ________      ________
 DEO03          1.000
 DEO04          0.753         1.000
 DEO05          0.659         0.747         1.000
 DEO06          0.689         0.776         0.711         1.000
 DEO07          0.648         0.756         0.714         0.819         1.000
 DEO08          0.669         0.735         0.679         0.740         0.734
 REL01          0.445         0.545         0.560         0.495         0.535
 REL02          0.510         0.637         0.624         0.583         0.596
 REL03          0.442         0.547         0.600         0.509         0.531
 REL04          0.501         0.640         0.653         0.595         0.616
 REL05          0.495         0.593         0.611         0.555         0.590


           Correlations
              DEO08         REL01         REL02         REL03         REL04
              ________      ________      ________      ________      ________
 DEO08          1.000
 REL01          0.501         1.000
 REL02          0.530         0.785         1.000
 REL03          0.497         0.840         0.799         1.000
 REL04          0.508         0.729         0.854         0.748         1.000
 REL05          0.532         0.762         0.830         0.769         0.814


           Correlations
              REL05
              ________
 REL05          1.000


UNIVARIATE SAMPLE STATISTICS


     UNIVARIATE HIGHER-ORDER MOMENT DESCRIPTIVE STATISTICS

         Variable/         Mean/     Skewness/   Minimum/ % with                Percentiles
        Sample Size      Variance    Kurtosis    Maximum  Min/Max      20%/60%    40%/80%    Median

     BI01                  3.185      -0.175       1.000   12.78%       2.000      3.000      3.000
             579.000       1.546      -0.591       6.000    2.07%       4.000      4.000
     GEN01                 3.238      -0.321       1.000   11.40%       2.000      3.000      3.000
             579.000       1.429      -0.509       6.000    1.38%       4.000      4.000
     BI02                  3.104      -0.122       1.000   12.44%       2.000      3.000      3.000
             579.000       1.443      -0.544       6.000    1.73%       4.000      4.000
     GENR02                3.779      -0.261       1.000    6.04%       3.000      4.000      4.000
             579.000       1.768      -0.544       6.000    9.67%       4.000      5.000
     BIR03                 3.632      -0.262       1.000    8.98%       3.000      3.000      4.000
             579.000       1.787      -0.433       6.000    8.12%       4.000      5.000
     GEN03                 3.221      -0.226       1.000   12.61%       2.000      3.000      3.000
             579.000       1.561      -0.590       6.000    2.25%       4.000      4.000
     BIR04                 3.679      -0.032       1.000    3.11%       3.000      3.000      4.000
             579.000       1.365      -0.303       6.000    6.56%       4.000      5.000
     GENR04                3.520      -0.164       1.000    9.15%       2.000      3.000      4.000
             579.000       1.825      -0.632       6.000    6.91%       4.000      5.000
     BI05                  3.155      -0.201       1.000   13.64%       2.000      3.000      3.000
             579.000       1.582      -0.744       6.000    1.55%       4.000      4.000
     GEN05                 3.371      -0.321       1.000    8.98%       2.000      3.000      4.000
             579.000       1.415      -0.315       6.000    2.59%       4.000      4.000
     BIR06                 3.411      -0.221       1.000   11.40%       2.000      3.000      4.000
             579.000       1.790      -0.667       6.000    4.49%       4.000      5.000
     BI07                  3.192      -0.358       1.000   10.88%       2.000      3.000      3.000
             579.000       1.326      -0.515       6.000    0.86%       4.000      4.000
     BIR08                 3.617      -0.229       1.000    7.94%       3.000      3.000      4.000
             579.000       1.725      -0.455       6.000    7.43%       4.000      5.000
     BI09                  3.012      -0.197       1.000   12.95%       2.000      3.000      3.000
             579.000       1.307      -0.590       6.000    0.86%       3.000      4.000
     B01                   3.131      -0.103       1.000    9.33%       2.000      3.000      3.000
             579.000       1.288      -0.399       6.000    1.55%       4.000      4.000
     R01                   3.782      -0.188       1.000    1.73%       3.000      4.000      4.000
             579.000       1.065       0.021       6.000    4.15%       4.000      5.000
     B02                   4.111      -0.734       1.000    2.59%       4.000      4.000      4.000
             579.000       1.048       1.098       6.000    6.04%       4.000      5.000
     R02                   4.608      -0.355       1.000    0.52%       4.000      4.000      5.000
             579.000       1.050      -0.005       6.000   23.32%       5.000      6.000
     B03                   3.934      -0.457       1.000    5.01%       3.000      4.000      4.000
             579.000       1.616      -0.243       6.000    9.50%       4.000      5.000
     R03                   5.131      -1.097       1.000    0.35%       4.000      5.000      5.000
             579.000       0.895       1.325       6.000   43.18%       6.000      6.000
     B04                   3.154       0.079       1.000   10.19%       2.000      3.000      3.000
             579.000       1.495      -0.395       6.000    3.28%       3.000      4.000
     R04                   4.206      -0.154       1.000    0.69%       3.000      4.000      4.000
             579.000       1.120      -0.166       6.000   12.44%       4.000      5.000
     B05                   2.896       0.199       1.000   14.16%       2.000      3.000      3.000
             579.000       1.450      -0.468       6.000    1.73%       3.000      4.000
     R05                   3.933      -0.136       1.000    1.90%       3.000      4.000      4.000
             579.000       1.147       0.115       6.000    7.94%       4.000      5.000
     N01                   1.978       0.941       1.000   42.14%       1.000      1.000      2.000
             579.000       1.138       0.054       5.000    2.25%       2.000      3.000
     P01                   3.250      -0.300       1.000    8.98%       2.000      3.000      3.000
             579.000       1.355      -0.738       5.000   14.16%       4.000      4.000
     N02                   1.817       1.262       1.000   52.33%       1.000      1.000      1.000
             579.000       1.134       0.789       5.000    2.76%       2.000      3.000
     P02                   1.867       1.027       1.000   49.40%       1.000      1.000      2.000
             579.000       1.086       0.208       5.000    1.90%       2.000      3.000
     N03                   1.720       1.357       1.000   57.51%       1.000      1.000      1.000
             579.000       1.027       1.009       5.000    1.73%       2.000      2.000
     P03                   1.908       0.904       1.000   47.32%       1.000      1.000      2.000
             579.000       1.088      -0.106       5.000    1.55%       2.000      3.000
     N04                   2.295       0.615       1.000   31.09%       1.000      2.000      2.000
             579.000       1.410      -0.670       5.000    4.49%       2.000      3.000
     P04                   2.169       0.615       1.000   37.13%       1.000      2.000      2.000
             579.000       1.294      -0.644       5.000    2.76%       2.000      3.000
     N05                   1.765       1.305       1.000   55.27%       1.000      1.000      1.000
             579.000       1.078       0.898       5.000    2.25%       2.000      3.000
     P05                   1.584       1.502       1.000   64.08%       1.000      1.000      1.000
             579.000       0.820       1.530       5.000    0.86%       1.000      2.000
     N06                   1.610       1.599       1.000   65.11%       1.000      1.000      1.000
             579.000       0.963       1.760       5.000    1.73%       1.000      2.000
     N07                   1.674       1.591       1.000   62.87%       1.000      1.000      1.000
             579.000       1.118       1.718       5.000    3.28%       1.000      2.000
     P07                   2.221       0.588       1.000   34.72%       1.000      2.000      2.000
             579.000       1.312      -0.613       5.000    3.45%       2.000      3.000
     N08                   2.592       0.310       1.000   20.55%       1.000      2.000      2.000
             579.000       1.402      -0.866       5.000    6.22%       3.000      4.000
     P08                   2.226       0.534       1.000   34.89%       1.000      2.000      2.000
             579.000       1.301      -0.720       5.000    2.94%       2.000      3.000
     N09                   1.877       1.147       1.000   48.36%       1.000      1.000      2.000
             579.000       1.140       0.535       5.000    2.76%       2.000      3.000
     P09                   3.069      -0.145       1.000   12.44%       2.000      3.000      3.000
             579.000       1.449      -0.894       5.000   12.09%       3.000      4.000
     N10                   2.368       0.616       1.000   27.46%       1.000      2.000      2.000
             579.000       1.424      -0.566       5.000    6.22%       2.000      3.000
     P10                   2.060       0.664       1.000   39.21%       1.000      2.000      2.000
             579.000       1.114      -0.450       5.000    1.73%       2.000      3.000
     TRUST01               3.862       0.473       1.000   19.34%       2.000      3.000      3.000
             579.000       5.297      -0.797      10.000    0.35%       4.000      6.000
     TRUST02               6.078      -0.344       1.000    5.18%       4.000      6.000      6.000
             579.000       6.117      -0.767      11.000    1.04%       7.000      8.000
     TRUST03               5.667      -0.237       1.000    8.46%       3.000      5.000      6.000
             579.000       6.813      -0.913      11.000    1.04%       7.000      8.000
     TRUST04               3.216       0.767       1.000   25.73%       1.000      2.000      3.000
             579.000       4.135      -0.260      10.000    0.17%       3.000      5.000
     TRUST05               3.428       0.579       1.000   20.38%       1.000      3.000      3.000
             579.000       4.007      -0.553      10.000    0.17%       4.000      5.000
     TRUST06               5.130      -0.085       1.000   10.71%       3.000      4.000      5.000
             579.000       6.330      -1.036      11.000    0.35%       6.000      8.000
     TRUST07               6.135      -0.469       1.000    7.25%       4.000      6.000      6.000
             579.000       6.483      -0.611      11.000    1.38%       7.000      8.000
     HED01                 4.235      -0.285       1.000    8.12%       3.000      4.000      4.000
             579.000       2.701      -0.577       7.000    8.46%       5.000      6.000
     HED03                 4.389      -0.168       1.000    4.49%       3.000      4.000      5.000
             579.000       2.842      -0.912       7.000   11.92%       5.000      6.000
     HED04                 4.373      -0.306       1.000    5.70%       3.000      4.000      5.000
             579.000       2.683      -0.654       7.000   10.02%       5.000      6.000
     HED05                 4.307       0.028       1.000    3.97%       3.000      4.000      4.000
             579.000       2.033      -0.024       7.000    9.33%       4.000      6.000
     HED06                 4.333      -0.185       1.000    3.97%       3.000      4.000      4.000
             579.000       2.105      -0.226       7.000    7.43%       5.000      6.000
     HED07                 4.155      -0.043       1.000    4.66%       3.000      4.000      4.000
             579.000       2.290      -0.447       7.000    7.60%       4.000      5.000
     HED08                 4.282      -0.228       1.000    5.70%       3.000      4.000      4.000
             579.000       2.068       0.048       7.000    7.08%       5.000      5.000
     HED09                 4.190      -0.112       1.000    5.70%       3.000      4.000      4.000
             579.000       2.561      -0.643       7.000    8.46%       5.000      6.000
     UTI01                 4.791      -0.318       1.000    0.86%       4.000      4.000      5.000
             579.000       1.803      -0.288       7.000   10.19%       5.000      6.000
     UTI02                 4.881      -0.498       1.000    2.07%       4.000      5.000      5.000
             579.000       1.981      -0.067       7.000   12.61%       5.000      6.000
     UTI03                 4.706      -0.409       1.000    2.76%       3.000      4.000      5.000
             579.000       2.200      -0.315       7.000   11.57%       5.000      6.000
     UTI04                 4.744      -0.385       1.000    3.28%       3.000      4.000      5.000
             579.000       2.525      -0.609       7.000   15.03%       5.000      6.000
     UTI05                 4.990      -0.597       1.000    2.25%       4.000      5.000      5.000
             579.000       2.173      -0.168       7.000   15.54%       6.000      6.000
     UTI06                 4.760      -0.343       1.000    2.07%       4.000      4.000      5.000
             579.000       2.179      -0.458       7.000   12.78%       5.000      6.000
     UTI07                 4.670      -0.376       1.000    2.59%       3.000      4.000      5.000
             579.000       2.245      -0.444       7.000   11.05%       5.000      6.000
     UTI08                 4.656      -0.446       1.000    2.76%       3.000      4.000      5.000
             579.000       2.346      -0.543       7.000    9.67%       5.000      6.000
     UTI09                 4.658      -0.421       1.000    5.18%       3.000      4.000      5.000
             579.000       3.054      -0.816       7.000   16.23%       5.000      6.000
     CON01                 4.406      -0.209       1.000    3.80%       3.000      4.000      4.000
             579.000       2.241      -0.393       7.000    8.98%       5.000      6.000
     CON02                 4.370      -0.165       1.000    3.45%       3.000      4.000      4.000
             579.000       2.219      -0.501       7.000    7.77%       5.000      6.000
     CON03                 4.264      -0.144       1.000    3.63%       3.000      4.000      4.000
             579.000       2.353      -0.711       7.000    6.56%       5.000      6.000
     CON04                 4.332      -0.007       1.000    2.94%       3.000      4.000      4.000
             579.000       2.450      -0.787       7.000   10.19%       5.000      6.000
     CON05                 4.078      -0.150       1.000    6.39%       3.000      4.000      4.000
             579.000       2.448      -0.646       7.000    5.70%       5.000      5.000
     CON06                 4.370      -0.169       1.000    4.84%       3.000      4.000      4.000
             579.000       2.765      -0.833       7.000   11.05%       5.000      6.000
     DEO01                 4.501      -0.346       1.000    3.97%       3.000      4.000      5.000
             579.000       2.316      -0.386       7.000    9.50%       5.000      6.000
     DEO02                 3.960      -0.076       1.000    5.01%       3.000      4.000      4.000
             579.000       1.924      -0.210       7.000    3.45%       4.000      5.000
     DEO03                 4.333      -0.113       1.000    3.45%       3.000      4.000      4.000
             579.000       2.143      -0.409       7.000    7.60%       5.000      6.000
     DEO04                 4.223      -0.127       1.000    5.70%       3.000      4.000      4.000
             579.000       2.543      -0.549       7.000    9.50%       5.000      6.000
     DEO05                 4.499      -0.254       1.000    5.18%       3.000      4.000      5.000
             579.000       2.747      -0.671       7.000   13.82%       5.000      6.000
     DEO06                 3.971      -0.024       1.000    8.29%       2.000      4.000      4.000
             579.000       2.816      -0.861       7.000    6.91%       4.000      6.000
     DEO07                 4.111      -0.171       1.000    8.64%       3.000      4.000      4.000
             579.000       2.855      -0.811       7.000    7.94%       5.000      6.000
     DEO08                 4.249      -0.107       1.000    3.63%       3.000      4.000      4.000
             579.000       2.235      -0.554       7.000    6.91%       5.000      6.000
     REL01                 4.762      -0.633       1.000    3.63%       4.000      5.000      5.000
             579.000       2.213      -0.057       7.000    9.67%       5.000      6.000
     REL02                 4.428      -0.350       1.000    4.49%       3.000      4.000      5.000
             579.000       2.442      -0.574       7.000    7.77%       5.000      6.000
     REL03                 4.560      -0.374       1.000    3.80%       3.000      4.000      5.000
             579.000       2.319      -0.365       7.000    9.84%       5.000      6.000
     REL04                 4.387      -0.381       1.000    8.12%       3.000      4.000      5.000
             579.000       3.173      -0.871       7.000   11.23%       5.000      6.000
     REL05                 4.380      -0.331       1.000    3.63%       3.000      4.000      4.000
             579.000       2.142      -0.381       7.000    5.87%       5.000      6.000


THE MODEL ESTIMATION TERMINATED NORMALLY



MODEL FIT INFORMATION

Number of Free Parameters                      292

Loglikelihood

          H0 Value                      -66226.192
          H0 Scaling Correction Factor      1.3583
            for MLR
          H1 Value                      -62921.956
          H1 Scaling Correction Factor      1.1094
            for MLR

Information Criteria

          Akaike (AIC)                  133036.385
          Bayesian (BIC)                134309.885
          Sample-Size Adjusted BIC      133382.900
            (n* = (n + 2) / 24)

Chi-Square Test of Model Fit

          Value                           6069.218*
          Degrees of Freedom                  3535
          P-Value                           0.0000
          Scaling Correction Factor         1.0889
            for MLR

*   The chi-square value for MLM, MLMV, MLR, ULSMV, WLSM and WLSMV cannot be used
    for chi-square difference testing in the regular way.  MLM, MLR and WLSM
    chi-square difference testing is described on the Mplus website.  MLMV, WLSMV,
    and ULSMV difference testing is done using the DIFFTEST option.

RMSEA (Root Mean Square Error Of Approximation)

          Estimate                           0.035
          90 Percent C.I.                    0.034  0.037
          Probability RMSEA <= .05           1.000

CFI/TLI

          CFI                                0.934
          TLI                                0.931

Chi-Square Test of Model Fit for the Baseline Model

          Value                          41848.574
          Degrees of Freedom                  3655
          P-Value                           0.0000

SRMR (Standardized Root Mean Square Residual)

          Value                              0.058

Wald Test of Parameter Constraints

          Value                             34.045
          Degrees of Freedom                     1
          P-Value                           0.0000



MODEL RESULTS

                                                    Two-Tailed
                    Estimate       S.E.  Est./S.E.    P-Value

 ACCEPT   BY
    BI01               0.481      0.033     14.563      0.000
    GEN01              0.489      0.031     15.859      0.000
    BI02               0.438      0.031     14.118      0.000
    GENR02             0.457      0.035     13.161      0.000
    BIR03              0.431      0.036     12.091      0.000
    GEN03              0.522      0.034     15.554      0.000
    BIR04              0.318      0.028     11.281      0.000
    GENR04             0.497      0.036     13.655      0.000
    BI05               0.522      0.034     15.311      0.000
    GEN05              0.459      0.029     15.890      0.000
    BIR06              0.523      0.035     14.979      0.000
    BI07               0.457      0.031     14.727      0.000
    BIR08              0.445      0.035     12.830      0.000
    BI09               0.346      0.027     12.813      0.000

 RISK     BY
    R01                0.389      0.032     12.013      0.000
    R02                0.469      0.032     14.597      0.000
    R03                0.351      0.029     12.292      0.000
    R04                0.440      0.035     12.736      0.000
    R05                0.565      0.028     20.316      0.000

 BENF     BY
    B01                0.498      0.034     14.690      0.000
    B02                0.331      0.031     10.821      0.000
    B03                0.467      0.036     12.956      0.000
    B04                0.590      0.038     15.552      0.000
    B05                0.527      0.036     14.539      0.000

 NEGEMO   BY
    N01                0.853      0.039     22.108      0.000
    N02                0.839      0.044     19.264      0.000
    N03                0.500      0.049     10.178      0.000
    N04                0.931      0.041     22.679      0.000
    N05                0.619      0.045     13.626      0.000
    N06                0.646      0.045     14.427      0.000
    N07                0.641      0.054     11.780      0.000
    N08                0.852      0.044     19.547      0.000
    N09                0.720      0.048     14.874      0.000
    N10                0.942      0.039     23.871      0.000

 POSEMO   BY
    P01                0.671      0.034     19.872      0.000
    P02                0.737      0.034     21.774      0.000
    P03                0.562      0.039     14.358      0.000
    P04                0.837      0.028     29.749      0.000
    P05                0.557      0.035     15.920      0.000
    P07                0.843      0.031     26.784      0.000
    P08                0.691      0.037     18.857      0.000
    P09                0.498      0.041     12.080      0.000
    P10                0.577      0.037     15.492      0.000

 TRUST    BY
    TRUST01            2.052      0.062     33.320      0.000
    TRUST02            1.469      0.091     16.080      0.000
    TRUST03            1.367      0.094     14.578      0.000
    TRUST04            1.753      0.068     25.960      0.000
    TRUST05            1.725      0.062     27.816      0.000
    TRUST06            1.557      0.087     17.850      0.000
    TRUST07            1.460      0.093     15.631      0.000

 HEDO     BY
    HED01              0.760      0.040     19.112      0.000
    HED03              0.472      0.046     10.279      0.000
    HED04              0.785      0.040     19.668      0.000
    HED05              0.579      0.040     14.317      0.000
    HED06              0.667      0.041     16.451      0.000
    HED07              0.707      0.036     19.475      0.000
    HED08              0.627      0.040     15.817      0.000
    HED09              0.750      0.038     19.659      0.000

 UTIL     BY
    UTI01              0.599      0.038     15.731      0.000
    UTI02              0.652      0.041     15.767      0.000
    UTI03              0.661      0.044     15.137      0.000
    UTI04              0.773      0.047     16.335      0.000
    UTI05              0.674      0.044     15.169      0.000
    UTI06              0.663      0.041     16.238      0.000
    UTI07              0.640      0.044     14.590      0.000
    UTI08              0.665      0.043     15.585      0.000
    UTI09              0.813      0.050     16.292      0.000

 CONT     BY
    CON01              0.844      0.052     16.332      0.000
    CON02              0.834      0.052     16.010      0.000
    CON03              0.784      0.047     16.564      0.000
    CON04              0.813      0.052     15.651      0.000
    CON05              0.674      0.050     13.420      0.000
    CON06              0.882      0.053     16.684      0.000

 DEON     BY
    DEO01              0.450      0.043     10.538      0.000
    DEO02              0.465      0.036     12.814      0.000
    DEO03              0.558      0.044     12.581      0.000
    DEO04              0.682      0.048     14.269      0.000
    DEO05              0.652      0.047     13.747      0.000
    DEO06              0.704      0.051     13.688      0.000
    DEO07              0.697      0.051     13.625      0.000
    DEO08              0.586      0.045     12.916      0.000

 RELA     BY
    REL01              0.690      0.059     11.763      0.000
    REL02              0.789      0.060     13.066      0.000
    REL03              0.717      0.060     12.030      0.000
    REL04              0.870      0.064     13.644      0.000
    REL05              0.708      0.057     12.496      0.000

 ESTA     BY
    HEDO               1.508      0.112     13.416      0.000
    UTIL               1.600      0.140     11.455      0.000
    CONT               1.284      0.120     10.715      0.000
    DEON               1.847      0.168     10.995      0.000
    RELA               1.549      0.159      9.738      0.000

 ACCEPT   ON
    RISK              -0.301      0.105     -2.860      0.004
    BENF               0.544      0.112      4.850      0.000
    NEGEMO            -0.144      0.063     -2.294      0.022
    POSEMO             0.238      0.071      3.355      0.001
    ESTA               0.584      0.126      4.649      0.000

 RISK     ON
    NEGEMO             0.446      0.069      6.478      0.000
    POSEMO            -0.292      0.065     -4.459      0.000
    TRUST             -0.122      0.063     -1.940      0.052
    ESTA              -0.703      0.089     -7.938      0.000

 BENF     ON
    NEGEMO            -0.330      0.067     -4.935      0.000
    POSEMO             0.350      0.067      5.202      0.000
    TRUST              0.028      0.060      0.471      0.638
    ESTA               0.888      0.108      8.192      0.000

 NEGEMO   ON
    TRUST             -0.036      0.048     -0.760      0.447
    ESTA              -0.325      0.058     -5.594      0.000

 POSEMO   ON
    TRUST              0.165      0.049      3.367      0.001
    ESTA               0.523      0.053      9.943      0.000

 TRUST    ON
    ESTA               0.193      0.052      3.718      0.000

 RISK     WITH
    BENF              -0.611      0.067     -9.149      0.000

 B02      WITH
    B03                0.345      0.046      7.562      0.000

 N03      WITH
    N07                0.326      0.049      6.661      0.000

 N05      WITH
    N06                0.182      0.034      5.351      0.000

 N04      WITH
    N10                0.187      0.040      4.670      0.000

 P01      WITH
    P09                0.318      0.041      7.733      0.000

 P09      WITH
    P10                0.246      0.039      6.267      0.000

 P03      WITH
    P10                0.198      0.034      5.876      0.000

 TRUST02  WITH
    TRUST03            2.045      0.216      9.471      0.000

 TRUST04  WITH
    TRUST05            0.367      0.094      3.897      0.000

 TRUST06  WITH
    TRUST07            2.052      0.213      9.649      0.000

 Intercepts
    BI01               3.185      0.052     61.630      0.000
    GEN01              3.238      0.050     65.196      0.000
    BI02               3.104      0.050     62.159      0.000
    GENR02             3.779      0.055     68.385      0.000
    BIR03              3.632      0.056     65.380      0.000
    GEN03              3.221      0.052     62.039      0.000
    BIR04              3.679      0.049     75.770      0.000
    GENR04             3.520      0.056     62.700      0.000
    BI05               3.155      0.052     60.365      0.000
    GEN05              3.371      0.049     68.202      0.000
    BIR06              3.411      0.056     61.355      0.000
    BI07               3.192      0.048     66.696      0.000
    BIR08              3.617      0.055     66.255      0.000
    BI09               3.012      0.048     63.390      0.000
    B01                3.131      0.047     66.378      0.000
    R01                3.782      0.043     88.196      0.000
    B02                4.111      0.043     96.607      0.000
    R02                4.608      0.043    108.201      0.000
    B03                3.934      0.053     74.478      0.000
    R03                5.131      0.039    130.535      0.000
    B04                3.154      0.051     62.074      0.000
    R04                4.206      0.044     95.616      0.000
    B05                2.896      0.050     57.869      0.000
    R05                3.933      0.045     88.340      0.000
    N01                1.978      0.044     44.613      0.000
    P01                3.250      0.048     67.185      0.000
    N02                1.817      0.044     41.055      0.000
    P02                1.867      0.043     43.111      0.000
    N03                1.720      0.042     40.843      0.000
    P03                1.908      0.043     44.019      0.000
    N04                2.295      0.049     46.510      0.000
    P04                2.169      0.047     45.881      0.000
    N05                1.765      0.043     40.911      0.000
    P05                1.584      0.038     42.089      0.000
    N06                1.610      0.041     39.462      0.000
    N07                1.674      0.044     38.086      0.000
    P07                2.221      0.048     46.657      0.000
    N08                2.592      0.049     52.681      0.000
    P08                2.226      0.047     46.963      0.000
    N09                1.877      0.044     42.302      0.000
    P09                3.069      0.050     61.340      0.000
    N10                2.368      0.050     47.742      0.000
    P10                2.060      0.044     46.979      0.000
    TRUST01            3.862      0.096     40.376      0.000
    TRUST02            6.078      0.103     59.132      0.000
    TRUST03            5.667      0.108     52.240      0.000
    TRUST04            3.216      0.085     38.055      0.000
    TRUST05            3.428      0.083     41.213      0.000
    TRUST06            5.130      0.105     49.057      0.000
    TRUST07            6.135      0.106     57.977      0.000
    HED01              4.235      0.068     62.000      0.000
    HED03              4.389      0.070     62.639      0.000
    HED04              4.373      0.068     64.242      0.000
    HED05              4.307      0.059     72.687      0.000
    HED06              4.333      0.060     71.872      0.000
    HED07              4.155      0.063     66.073      0.000
    HED08              4.282      0.060     71.649      0.000
    HED09              4.190      0.067     62.995      0.000
    UTI01              4.791      0.056     85.865      0.000
    UTI02              4.881      0.058     83.451      0.000
    UTI03              4.706      0.062     76.343      0.000
    UTI04              4.744      0.066     71.839      0.000
    UTI05              4.990      0.061     81.455      0.000
    UTI06              4.760      0.061     77.591      0.000
    UTI07              4.670      0.062     74.996      0.000
    UTI08              4.656      0.064     73.143      0.000
    UTI09              4.658      0.073     64.136      0.000
    CON01              4.406      0.062     70.817      0.000
    CON02              4.370      0.062     70.581      0.000
    CON03              4.264      0.064     66.887      0.000
    CON04              4.332      0.065     66.595      0.000
    CON05              4.078      0.065     62.710      0.000
    CON06              4.370      0.069     63.232      0.000
    DEO01              4.501      0.063     71.171      0.000
    DEO02              3.960      0.058     68.698      0.000
    DEO03              4.333      0.061     71.232      0.000
    DEO04              4.223      0.066     63.722      0.000
    DEO05              4.499      0.069     65.314      0.000
    DEO06              3.971      0.070     56.935      0.000
    DEO07              4.111      0.070     58.540      0.000
    DEO08              4.249      0.062     68.381      0.000
    REL01              4.762      0.062     77.027      0.000
    REL02              4.428      0.065     68.191      0.000
    REL03              4.560      0.063     72.047      0.000
    REL04              4.387      0.074     59.257      0.000
    REL05              4.380      0.061     72.006      0.000

 Variances
    ESTA               1.000      0.000    999.000    999.000

 Residual Variances
    BI01               0.377      0.042      8.961      0.000
    GEN01              0.220      0.032      6.992      0.000
    BI02               0.474      0.061      7.713      0.000
    GENR02             0.712      0.079      9.036      0.000
    BIR03              0.846      0.092      9.193      0.000
    GEN03              0.185      0.020      9.313      0.000
    BIR04              0.855      0.082     10.476      0.000
    GENR04             0.575      0.089      6.491      0.000
    BI05               0.204      0.024      8.500      0.000
    GEN05              0.349      0.047      7.375      0.000
    BIR06              0.406      0.055      7.348      0.000
    BI07               0.269      0.031      8.679      0.000
    BIR08              0.722      0.086      8.368      0.000
    BI09               0.701      0.053     13.349      0.000
    B01                0.628      0.054     11.631      0.000
    R01                0.705      0.062     11.375      0.000
    B02                0.756      0.053     14.311      0.000
    R02                0.525      0.059      8.900      0.000
    B03                1.033      0.065     15.995      0.000
    R03                0.600      0.067      8.979      0.000
    B04                0.568      0.058      9.708      0.000
    R04                0.658      0.065     10.080      0.000
    B05                0.711      0.058     12.298      0.000
    R05                0.386      0.047      8.292      0.000
    N01                0.329      0.031     10.580      0.000
    P01                0.754      0.042     17.968      0.000
    N02                0.352      0.035     10.031      0.000
    P02                0.362      0.031     11.750      0.000
    N03                0.750      0.055     13.521      0.000
    P03                0.667      0.064     10.488      0.000
    N04                0.446      0.046      9.673      0.000
    P04                0.358      0.036      9.902      0.000
    N05                0.652      0.048     13.641      0.000
    P05                0.405      0.032     12.604      0.000
    N06                0.499      0.049     10.114      0.000
    N07                0.661      0.056     11.716      0.000
    P07                0.362      0.031     11.610      0.000
    N08                0.596      0.054     11.048      0.000
    P08                0.664      0.056     11.849      0.000
    N09                0.563      0.043     12.959      0.000
    P09                1.100      0.056     19.526      0.000
    N10                0.438      0.044      9.907      0.000
    P10                0.660      0.051     12.950      0.000
    TRUST01            0.929      0.114      8.160      0.000
    TRUST02            3.878      0.227     17.093      0.000
    TRUST03            4.874      0.261     18.681      0.000
    TRUST04            0.948      0.113      8.404      0.000
    TRUST05            0.919      0.123      7.486      0.000
    TRUST06            3.816      0.254     15.006      0.000
    TRUST07            4.271      0.250     17.107      0.000
    HED01              0.809      0.067     12.082      0.000
    HED03              2.114      0.121     17.459      0.000
    HED04              0.663      0.069      9.646      0.000
    HED05              0.936      0.068     13.705      0.000
    HED06              0.648      0.063     10.257      0.000
    HED07              0.651      0.064     10.186      0.000
    HED08              0.779      0.058     13.500      0.000
    HED09              0.720      0.070     10.302      0.000
    UTI01              0.526      0.040     13.122      0.000
    UTI02              0.465      0.050      9.295      0.000
    UTI03              0.645      0.070      9.151      0.000
    UTI04              0.398      0.033     12.212      0.000
    UTI05              0.554      0.059      9.472      0.000
    UTI06              0.612      0.051     11.933      0.000
    UTI07              0.788      0.061     12.986      0.000
    UTI08              0.772      0.058     13.210      0.000
    UTI09              0.698      0.059     11.816      0.000
    CON01              0.355      0.041      8.634      0.000
    CON02              0.375      0.038      9.951      0.000
    CON03              0.726      0.086      8.475      0.000
    CON04              0.699      0.064     10.934      0.000
    CON05              1.244      0.106     11.719      0.000
    CON06              0.703      0.079      8.870      0.000
    DEO01              1.421      0.100     14.174      0.000
    DEO02              0.970      0.056     17.369      0.000
    DEO03              0.769      0.066     11.657      0.000
    DEO04              0.490      0.057      8.633      0.000
    DEO05              0.870      0.069     12.619      0.000
    DEO06              0.629      0.055     11.374      0.000
    DEO07              0.711      0.068     10.444      0.000
    DEO08              0.720      0.053     13.530      0.000
    REL01              0.593      0.053     11.115      0.000
    REL02              0.323      0.032     10.065      0.000
    REL03              0.570      0.051     11.181      0.000
    REL04              0.600      0.065      9.229      0.000
    REL05              0.439      0.042     10.489      0.000
    ACCEPT             1.000      0.000    999.000    999.000
    RISK               1.000      0.000    999.000    999.000
    BENF               1.000      0.000    999.000    999.000
    NEGEMO             1.000      0.000    999.000    999.000
    POSEMO             1.000      0.000    999.000    999.000
    TRUST              1.000      0.000    999.000    999.000
    HEDO               1.000      0.000    999.000    999.000
    UTIL               1.000      0.000    999.000    999.000
    CONT               1.000      0.000    999.000    999.000
    DEON               1.000      0.000    999.000    999.000
    RELA               1.000      0.000    999.000    999.000


QUALITY OF NUMERICAL RESULTS

     Condition Number for the Information Matrix              0.113E-02
       (ratio of smallest to largest eigenvalue)


STANDARDIZED MODEL RESULTS


STDYX Standardization

                                                    Two-Tailed
                    Estimate       S.E.  Est./S.E.    P-Value

 ACCEPT   BY
    BI01               0.870      0.016     53.829      0.000
    GEN01              0.920      0.012     76.095      0.000
    BI02               0.820      0.025     33.206      0.000
    GENR02             0.774      0.029     27.038      0.000
    BIR03              0.726      0.034     21.308      0.000
    GEN03              0.939      0.007    134.362      0.000
    BIR04              0.612      0.041     14.935      0.000
    GENR04             0.828      0.029     29.012      0.000
    BI05               0.934      0.009    109.486      0.000
    GEN05              0.868      0.019     46.391      0.000
    BIR06              0.880      0.017     50.444      0.000
    BI07               0.893      0.014     64.849      0.000
    BIR08              0.763      0.032     24.052      0.000
    BI09               0.682      0.027     25.064      0.000

 RISK     BY
    R01                0.583      0.042     13.880      0.000
    R02                0.708      0.032     21.984      0.000
    R03                0.574      0.039     14.549      0.000
    R04                0.643      0.039     16.447      0.000
    R05                0.815      0.024     33.825      0.000

 BENF     BY
    B01                0.717      0.027     26.646      0.000
    B02                0.528      0.039     13.717      0.000
    B03                0.601      0.034     17.841      0.000
    B04                0.788      0.025     31.397      0.000
    B05                0.715      0.027     26.254      0.000

 NEGEMO   BY
    N01                0.843      0.018     46.098      0.000
    N02                0.831      0.020     40.744      0.000
    N03                0.520      0.039     13.427      0.000
    N04                0.827      0.021     40.239      0.000
    N05                0.629      0.034     18.495      0.000
    N06                0.694      0.033     20.973      0.000
    N07                0.639      0.037     17.411      0.000
    N08                0.758      0.026     28.678      0.000
    N09                0.711      0.029     24.397      0.000
    N10                0.832      0.019     43.156      0.000

 POSEMO   BY
    P01                0.666      0.022     29.685      0.000
    P02                0.817      0.019     42.939      0.000
    P03                0.622      0.039     16.047      0.000
    P04                0.851      0.016     54.243      0.000
    P05                0.711      0.028     25.196      0.000
    P07                0.851      0.015     56.496      0.000
    P08                0.700      0.028     24.806      0.000
    P09                0.481      0.034     14.216      0.000
    P10                0.635      0.033     19.117      0.000

 TRUST    BY
    TRUST01            0.908      0.012     74.860      0.000
    TRUST02            0.605      0.030     19.858      0.000
    TRUST03            0.533      0.032     16.679      0.000
    TRUST04            0.878      0.016     55.288      0.000
    TRUST05            0.878      0.018     49.933      0.000
    TRUST06            0.630      0.030     20.718      0.000
    TRUST07            0.584      0.031     18.876      0.000

 HEDO     BY
    HED01              0.837      0.015     55.260      0.000
    HED03              0.506      0.037     13.554      0.000
    HED04              0.868      0.015     57.463      0.000
    HED05              0.735      0.025     29.822      0.000
    HED06              0.832      0.019     43.600      0.000
    HED07              0.846      0.018     48.020      0.000
    HED08              0.789      0.020     39.841      0.000
    HED09              0.848      0.017     49.136      0.000

 UTIL     BY
    UTI01              0.842      0.015     56.090      0.000
    UTI02              0.875      0.014     61.916      0.000
    UTI03              0.841      0.019     43.423      0.000
    UTI04              0.918      0.008    116.255      0.000
    UTI05              0.863      0.016     52.678      0.000
    UTI06              0.848      0.015     56.141      0.000
    UTI07              0.806      0.019     43.158      0.000
    UTI08              0.819      0.017     49.042      0.000
    UTI09              0.878      0.012     75.947      0.000

 CONT     BY
    CON01              0.917      0.011     84.101      0.000
    CON02              0.912      0.010     87.373      0.000
    CON03              0.832      0.022     37.332      0.000
    CON04              0.845      0.017     51.069      0.000
    CON05              0.701      0.030     23.117      0.000
    CON06              0.864      0.017     50.751      0.000

 DEON     BY
    DEO01              0.622      0.033     18.980      0.000
    DEO02              0.704      0.024     29.742      0.000
    DEO03              0.801      0.021     38.741      0.000
    DEO04              0.899      0.013     69.604      0.000
    DEO05              0.827      0.016     50.218      0.000
    DEO06              0.881      0.012     71.018      0.000
    DEO07              0.867      0.015     57.357      0.000
    DEO08              0.823      0.017     49.093      0.000

 RELA     BY
    REL01              0.855      0.016     54.988      0.000
    REL02              0.931      0.008    118.691      0.000
    REL03              0.868      0.014     60.159      0.000
    REL04              0.901      0.012     77.788      0.000
    REL05              0.892      0.012     72.846      0.000

 ESTA     BY
    HEDO               0.833      0.019     43.942      0.000
    UTIL               0.848      0.021     40.798      0.000
    CONT               0.789      0.028     28.394      0.000
    DEON               0.879      0.018     48.524      0.000
    RELA               0.840      0.025     33.114      0.000

 ACCEPT   ON
    RISK              -0.207      0.070     -2.938      0.003
    BENF               0.395      0.079      4.988      0.000
    NEGEMO            -0.067      0.029     -2.335      0.020
    POSEMO             0.122      0.034      3.617      0.000
    ESTA               0.259      0.053      4.852      0.000

 RISK     ON
    NEGEMO             0.304      0.042      7.244      0.000
    POSEMO            -0.218      0.047     -4.657      0.000
    TRUST             -0.080      0.041     -1.939      0.052
    ESTA              -0.455      0.048     -9.418      0.000

 BENF     ON
    NEGEMO            -0.213      0.041     -5.177      0.000
    POSEMO             0.247      0.046      5.342      0.000
    TRUST              0.017      0.037      0.471      0.638
    ESTA               0.543      0.048     11.267      0.000

 NEGEMO   ON
    TRUST             -0.035      0.046     -0.760      0.447
    ESTA              -0.308      0.050     -6.169      0.000

 POSEMO   ON
    TRUST              0.145      0.042      3.456      0.001
    ESTA               0.453      0.036     12.574      0.000

 TRUST    ON
    ESTA               0.189      0.049      3.856      0.000

 RISK     WITH
    BENF              -0.611      0.067     -9.149      0.000

 B02      WITH
    B03                0.390      0.044      8.854      0.000

 N03      WITH
    N07                0.464      0.053      8.743      0.000

 N05      WITH
    N06                0.319      0.054      5.902      0.000

 N04      WITH
    N10                0.424      0.061      6.910      0.000

 P01      WITH
    P09                0.350      0.041      8.593      0.000

 P09      WITH
    P10                0.289      0.039      7.484      0.000

 P03      WITH
    P10                0.299      0.043      6.991      0.000

 TRUST02  WITH
    TRUST03            0.470      0.041     11.503      0.000

 TRUST04  WITH
    TRUST05            0.393      0.072      5.480      0.000

 TRUST06  WITH
    TRUST07            0.508      0.040     12.770      0.000

 Intercepts
    BI01               2.558      0.080     31.937      0.000
    GEN01              2.705      0.089     30.501      0.000
    BI02               2.580      0.080     32.233      0.000
    GENR02             2.839      0.090     31.676      0.000
    BIR03              2.714      0.089     30.573      0.000
    GEN03              2.574      0.082     31.439      0.000
    BIR04              3.147      0.096     32.934      0.000
    GENR04             2.602      0.080     32.480      0.000
    BI05               2.505      0.077     32.501      0.000
    GEN05              2.830      0.095     29.764      0.000
    BIR06              2.546      0.080     31.936      0.000
    BI07               2.768      0.091     30.443      0.000
    BIR08              2.751      0.088     31.145      0.000
    BI09               2.632      0.083     31.851      0.000
    B01                2.756      0.086     31.912      0.000
    R01                3.663      0.121     30.284      0.000
    B02                4.013      0.168     23.842      0.000
    R02                4.492      0.148     30.390      0.000
    B03                3.093      0.107     28.944      0.000
    R03                5.421      0.232     23.329      0.000
    B04                2.577      0.077     33.361      0.000
    R04                3.970      0.123     32.211      0.000
    B05                2.403      0.069     35.043      0.000
    R05                3.666      0.122     30.022      0.000
    N01                1.854      0.042     44.182      0.000
    P01                2.792      0.086     32.414      0.000
    N02                1.706      0.039     43.835      0.000
    P02                1.792      0.040     44.684      0.000
    N03                1.697      0.039     43.947      0.000
    P03                1.829      0.040     45.633      0.000
    N04                1.933      0.043     45.335      0.000
    P04                1.907      0.043     44.577      0.000
    N05                1.700      0.039     43.708      0.000
    P05                1.749      0.043     40.631      0.000
    N06                1.640      0.040     41.476      0.000
    N07                1.583      0.037     42.308      0.000
    P07                1.939      0.045     43.266      0.000
    N08                2.189      0.054     40.646      0.000
    P08                1.952      0.045     43.298      0.000
    N09                1.758      0.040     43.585      0.000
    P09                2.565      0.075     34.356      0.000
    N10                1.984      0.045     43.773      0.000
    P10                1.960      0.045     43.119      0.000
    TRUST01            1.678      0.043     39.347      0.000
    TRUST02            2.457      0.080     30.713      0.000
    TRUST03            2.171      0.069     31.245      0.000
    TRUST04            1.582      0.039     40.691      0.000
    TRUST05            1.713      0.043     39.850      0.000
    TRUST06            2.039      0.061     33.267      0.000
    TRUST07            2.409      0.085     28.475      0.000
    HED01              2.577      0.084     30.629      0.000
    HED03              2.603      0.075     34.581      0.000
    HED04              2.670      0.085     31.286      0.000
    HED05              3.021      0.097     31.211      0.000
    HED06              2.987      0.098     30.620      0.000
    HED07              2.746      0.084     32.848      0.000
    HED08              2.978      0.104     28.729      0.000
    HED09              2.618      0.079     33.117      0.000
    UTI01              3.568      0.114     31.180      0.000
    UTI02              3.468      0.121     28.556      0.000
    UTI03              3.173      0.106     29.855      0.000
    UTI04              2.985      0.095     31.353      0.000
    UTI05              3.385      0.120     28.327      0.000
    UTI06              3.225      0.103     31.381      0.000
    UTI07              3.117      0.101     30.743      0.000
    UTI08              3.040      0.099     30.580      0.000
    UTI09              2.665      0.085     31.206      0.000
    CON01              2.943      0.094     31.376      0.000
    CON02              2.933      0.090     32.523      0.000
    CON03              2.780      0.082     33.905      0.000
    CON04              2.768      0.076     36.424      0.000
    CON05              2.606      0.080     32.639      0.000
    CON06              2.628      0.077     34.000      0.000
    DEO01              2.958      0.098     30.202      0.000
    DEO02              2.855      0.092     31.141      0.000
    DEO03              2.960      0.091     32.445      0.000
    DEO04              2.648      0.082     32.355      0.000
    DEO05              2.714      0.085     32.108      0.000
    DEO06              2.366      0.068     34.967      0.000
    DEO07              2.433      0.074     32.844      0.000
    DEO08              2.842      0.085     33.273      0.000
    REL01              3.201      0.118     27.228      0.000
    REL02              2.834      0.092     30.944      0.000
    REL03              2.994      0.100     29.951      0.000
    REL04              2.463      0.079     31.020      0.000
    REL05              2.992      0.098     30.383      0.000

 Variances
    ESTA               1.000      0.000    999.000    999.000

 Residual Variances
    BI01               0.243      0.028      8.660      0.000
    GEN01              0.154      0.022      6.914      0.000
    BI02               0.327      0.041      8.078      0.000
    GENR02             0.402      0.044      9.073      0.000
    BIR03              0.473      0.049      9.551      0.000
    GEN03              0.118      0.013      8.998      0.000
    BIR04              0.625      0.050     12.467      0.000
    GENR04             0.314      0.047      6.648      0.000
    BI05               0.128      0.016      8.061      0.000
    GEN05              0.246      0.033      7.563      0.000
    BIR06              0.226      0.031      7.379      0.000
    BI07               0.202      0.025      8.226      0.000
    BIR08              0.418      0.048      8.633      0.000
    BI09               0.535      0.037     14.432      0.000
    B01                0.486      0.039     12.613      0.000
    R01                0.661      0.049     13.513      0.000
    B02                0.721      0.041     17.718      0.000
    R02                0.499      0.046     10.952      0.000
    B03                0.639      0.041     15.769      0.000
    R03                0.670      0.045     14.784      0.000
    B04                0.379      0.040      9.581      0.000
    R04                0.586      0.050     11.651      0.000
    B05                0.489      0.039     12.580      0.000
    R05                0.335      0.039      8.533      0.000
    N01                0.290      0.031      9.395      0.000
    P01                0.557      0.030     18.633      0.000
    N02                0.310      0.034      9.161      0.000
    P02                0.333      0.031     10.716      0.000
    N03                0.730      0.040     18.134      0.000
    P03                0.613      0.048     12.698      0.000
    N04                0.316      0.034      9.296      0.000
    P04                0.277      0.027     10.370      0.000
    N05                0.605      0.043     14.137      0.000
    P05                0.494      0.040     12.322      0.000
    N06                0.518      0.046     11.270      0.000
    N07                0.591      0.047     12.593      0.000
    P07                0.276      0.026     10.776      0.000
    N08                0.425      0.040     10.599      0.000
    P08                0.510      0.039     12.918      0.000
    N09                0.494      0.041     11.913      0.000
    P09                0.768      0.033     23.573      0.000
    N10                0.308      0.032      9.593      0.000
    P10                0.597      0.042     14.171      0.000
    TRUST01            0.175      0.022      7.956      0.000
    TRUST02            0.634      0.037     17.200      0.000
    TRUST03            0.715      0.034     20.970      0.000
    TRUST04            0.229      0.028      8.224      0.000
    TRUST05            0.229      0.031      7.429      0.000
    TRUST06            0.603      0.038     15.720      0.000
    TRUST07            0.659      0.036     18.221      0.000
    HED01              0.299      0.025     11.808      0.000
    HED03              0.744      0.038     19.670      0.000
    HED04              0.247      0.026      9.430      0.000
    HED05              0.460      0.036     12.719      0.000
    HED06              0.308      0.032      9.707      0.000
    HED07              0.284      0.030      9.545      0.000
    HED08              0.377      0.031     12.051      0.000
    HED09              0.281      0.029      9.611      0.000
    UTI01              0.292      0.025     11.552      0.000
    UTI02              0.235      0.025      9.493      0.000
    UTI03              0.293      0.033      8.998      0.000
    UTI04              0.158      0.014     10.884      0.000
    UTI05              0.255      0.028      9.017      0.000
    UTI06              0.281      0.026     10.965      0.000
    UTI07              0.351      0.030     11.668      0.000
    UTI08              0.329      0.027     12.015      0.000
    UTI09              0.229      0.020     11.260      0.000
    CON01              0.158      0.020      7.914      0.000
    CON02              0.169      0.019      8.887      0.000
    CON03              0.308      0.037      8.326      0.000
    CON04              0.286      0.028     10.205      0.000
    CON05              0.508      0.043     11.940      0.000
    CON06              0.254      0.029      8.653      0.000
    DEO01              0.614      0.041     15.078      0.000
    DEO02              0.504      0.033     15.118      0.000
    DEO03              0.359      0.033     10.836      0.000
    DEO04              0.193      0.023      8.297      0.000
    DEO05              0.317      0.027     11.642      0.000
    DEO06              0.223      0.022     10.210      0.000
    DEO07              0.249      0.026      9.512      0.000
    DEO08              0.322      0.028     11.670      0.000
    REL01              0.268      0.027     10.074      0.000
    REL02              0.132      0.015      9.056      0.000
    REL03              0.246      0.025      9.808      0.000
    REL04              0.189      0.021      9.060      0.000
    REL05              0.205      0.022      9.376      0.000
    ACCEPT             0.197      0.026      7.692      0.000
    RISK               0.418      0.037     11.292      0.000
    BENF               0.374      0.039      9.679      0.000
    NEGEMO             0.900      0.031     28.943      0.000
    POSEMO             0.749      0.036     20.585      0.000
    TRUST              0.964      0.019     51.925      0.000
    HEDO               0.305      0.032      9.656      0.000
    UTIL               0.281      0.035      7.964      0.000
    CONT               0.377      0.044      8.605      0.000
    DEON               0.227      0.032      7.108      0.000
    RELA               0.294      0.043      6.897      0.000


R-SQUARE

    Observed                                        Two-Tailed
    Variable        Estimate       S.E.  Est./S.E.    P-Value

    BI01               0.757      0.028     26.915      0.000
    GEN01              0.846      0.022     38.047      0.000
    BI02               0.673      0.041     16.603      0.000
    GENR02             0.598      0.044     13.519      0.000
    BIR03              0.527      0.049     10.654      0.000
    GEN03              0.882      0.013     67.181      0.000
    BIR04              0.375      0.050      7.467      0.000
    GENR04             0.686      0.047     14.506      0.000
    BI05               0.872      0.016     54.743      0.000
    GEN05              0.754      0.033     23.195      0.000
    BIR06              0.774      0.031     25.222      0.000
    BI07               0.798      0.025     32.424      0.000
    BIR08              0.582      0.048     12.026      0.000
    BI09               0.465      0.037     12.532      0.000
    B01                0.514      0.039     13.323      0.000
    R01                0.339      0.049      6.940      0.000
    B02                0.279      0.041      6.859      0.000
    R02                0.501      0.046     10.992      0.000
    B03                0.361      0.041      8.920      0.000
    R03                0.330      0.045      7.274      0.000
    B04                0.621      0.040     15.699      0.000
    R04                0.414      0.050      8.224      0.000
    B05                0.511      0.039     13.127      0.000
    R05                0.665      0.039     16.912      0.000
    N01                0.710      0.031     23.049      0.000
    P01                0.443      0.030     14.842      0.000
    N02                0.690      0.034     20.372      0.000
    P02                0.667      0.031     21.470      0.000
    N03                0.270      0.040      6.714      0.000
    P03                0.387      0.048      8.023      0.000
    N04                0.684      0.034     20.120      0.000
    P04                0.723      0.027     27.121      0.000
    N05                0.395      0.043      9.248      0.000
    P05                0.506      0.040     12.598      0.000
    N06                0.482      0.046     10.487      0.000
    N07                0.409      0.047      8.705      0.000
    P07                0.724      0.026     28.248      0.000
    N08                0.575      0.040     14.339      0.000
    P08                0.490      0.039     12.403      0.000
    N09                0.506      0.041     12.199      0.000
    P09                0.232      0.033      7.108      0.000
    N10                0.692      0.032     21.578      0.000
    P10                0.403      0.042      9.559      0.000
    TRUST01            0.825      0.022     37.430      0.000
    TRUST02            0.366      0.037      9.929      0.000
    TRUST03            0.285      0.034      8.340      0.000
    TRUST04            0.771      0.028     27.644      0.000
    TRUST05            0.771      0.031     24.966      0.000
    TRUST06            0.397      0.038     10.359      0.000
    TRUST07            0.341      0.036      9.438      0.000
    HED01              0.701      0.025     27.630      0.000
    HED03              0.256      0.038      6.777      0.000
    HED04              0.753      0.026     28.731      0.000
    HED05              0.540      0.036     14.911      0.000
    HED06              0.692      0.032     21.800      0.000
    HED07              0.716      0.030     24.010      0.000
    HED08              0.623      0.031     19.920      0.000
    HED09              0.719      0.029     24.568      0.000
    UTI01              0.708      0.025     28.045      0.000
    UTI02              0.765      0.025     30.958      0.000
    UTI03              0.707      0.033     21.712      0.000
    UTI04              0.842      0.014     58.128      0.000
    UTI05              0.745      0.028     26.339      0.000
    UTI06              0.719      0.026     28.070      0.000
    UTI07              0.649      0.030     21.579      0.000
    UTI08              0.671      0.027     24.521      0.000
    UTI09              0.771      0.020     37.973      0.000
    CON01              0.842      0.020     42.051      0.000
    CON02              0.831      0.019     43.686      0.000
    CON03              0.692      0.037     18.666      0.000
    CON04              0.714      0.028     25.534      0.000
    CON05              0.492      0.043     11.559      0.000
    CON06              0.746      0.029     25.376      0.000
    DEO01              0.386      0.041      9.490      0.000
    DEO02              0.496      0.033     14.871      0.000
    DEO03              0.641      0.033     19.371      0.000
    DEO04              0.807      0.023     34.802      0.000
    DEO05              0.683      0.027     25.109      0.000
    DEO06              0.777      0.022     35.509      0.000
    DEO07              0.751      0.026     28.679      0.000
    DEO08              0.678      0.028     24.546      0.000
    REL01              0.732      0.027     27.494      0.000
    REL02              0.868      0.015     59.346      0.000
    REL03              0.754      0.025     30.080      0.000
    REL04              0.811      0.021     38.894      0.000
    REL05              0.795      0.022     36.423      0.000

     Latent                                         Two-Tailed
    Variable        Estimate       S.E.  Est./S.E.    P-Value

    ACCEPT             0.803      0.026     31.317      0.000
    RISK               0.582      0.037     15.736      0.000
    BENF               0.626      0.039     16.206      0.000
    NEGEMO             0.100      0.031      3.232      0.001
    POSEMO             0.251      0.036      6.894      0.000
    TRUST              0.036      0.019      1.928      0.054
    HEDO               0.695      0.032     21.971      0.000
    UTIL               0.719      0.035     20.399      0.000
    CONT               0.623      0.044     14.197      0.000
    DEON               0.773      0.032     24.262      0.000
    RELA               0.706      0.043     16.557      0.000


RESIDUAL OUTPUT


     ESTIMATED MODEL AND RESIDUALS (OBSERVED - ESTIMATED)


           Model Estimated Means
              BI01          GEN01         BI02          GENR02        BIR03
              ________      ________      ________      ________      ________
                3.185         3.238         3.104         3.779         3.632


           Model Estimated Means
              GEN03         BIR04         GENR04        BI05          GEN05
              ________      ________      ________      ________      ________
                3.221         3.679         3.520         3.155         3.371


           Model Estimated Means
              BIR06         BI07          BIR08         BI09          B01
              ________      ________      ________      ________      ________
                3.411         3.192         3.617         3.012         3.131


           Model Estimated Means
              R01           B02           R02           B03           R03
              ________      ________      ________      ________      ________
                3.782         4.111         4.608         3.934         5.131


           Model Estimated Means
              B04           R04           B05           R05           N01
              ________      ________      ________      ________      ________
                3.154         4.206         2.896         3.933         1.978


           Model Estimated Means
              P01           N02           P02           N03           P03
              ________      ________      ________      ________      ________
                3.250         1.817         1.867         1.720         1.908


           Model Estimated Means
              N04           P04           N05           P05           N06
              ________      ________      ________      ________      ________
                2.295         2.169         1.765         1.584         1.610


           Model Estimated Means
              N07           P07           N08           P08           N09
              ________      ________      ________      ________      ________
                1.674         2.221         2.592         2.226         1.877


           Model Estimated Means
              P09           N10           P10           TRUST01       TRUST02
              ________      ________      ________      ________      ________
                3.069         2.368         2.060         3.862         6.078


           Model Estimated Means
              TRUST03       TRUST04       TRUST05       TRUST06       TRUST07
              ________      ________      ________      ________      ________
                5.667         3.216         3.428         5.130         6.135


           Model Estimated Means
              HED01         HED03         HED04         HED05         HED06
              ________      ________      ________      ________      ________
                4.235         4.389         4.373         4.307         4.333


           Model Estimated Means
              HED07         HED08         HED09         UTI01         UTI02
              ________      ________      ________      ________      ________
                4.155         4.282         4.190         4.791         4.881


           Model Estimated Means
              UTI03         UTI04         UTI05         UTI06         UTI07
              ________      ________      ________      ________      ________
                4.706         4.744         4.990         4.760         4.670


           Model Estimated Means
              UTI08         UTI09         CON01         CON02         CON03
              ________      ________      ________      ________      ________
                4.656         4.658         4.406         4.370         4.264


           Model Estimated Means
              CON04         CON05         CON06         DEO01         DEO02
              ________      ________      ________      ________      ________
                4.332         4.078         4.370         4.501         3.960


           Model Estimated Means
              DEO03         DEO04         DEO05         DEO06         DEO07
              ________      ________      ________      ________      ________
                4.333         4.223         4.499         3.971         4.111


           Model Estimated Means
              DEO08         REL01         REL02         REL03         REL04
              ________      ________      ________      ________      ________
                4.249         4.762         4.428         4.560         4.387


           Model Estimated Means
              REL05
              ________
                4.380


           Residuals for Means
              BI01          GEN01         BI02          GENR02        BIR03
              ________      ________      ________      ________      ________
                0.000         0.000         0.000         0.000         0.000


           Residuals for Means
              GEN03         BIR04         GENR04        BI05          GEN05
              ________      ________      ________      ________      ________
                0.000         0.000         0.000         0.000         0.000


           Residuals for Means
              BIR06         BI07          BIR08         BI09          B01
              ________      ________      ________      ________      ________
                0.000         0.000         0.000         0.000         0.000


           Residuals for Means
              R01           B02           R02           B03           R03
              ________      ________      ________      ________      ________
                0.000         0.000         0.000         0.000         0.000


           Residuals for Means
              B04           R04           B05           R05           N01
              ________      ________      ________      ________      ________
                0.000         0.000         0.000         0.000         0.000


           Residuals for Means
              P01           N02           P02           N03           P03
              ________      ________      ________      ________      ________
                0.000         0.000         0.000         0.000         0.000


           Residuals for Means
              N04           P04           N05           P05           N06
              ________      ________      ________      ________      ________
                0.000         0.000         0.000         0.000         0.000


           Residuals for Means
              N07           P07           N08           P08           N09
              ________      ________      ________      ________      ________
                0.000         0.000         0.000         0.000         0.000


           Residuals for Means
              P09           N10           P10           TRUST01       TRUST02
              ________      ________      ________      ________      ________
                0.000         0.000         0.000         0.000         0.000


           Residuals for Means
              TRUST03       TRUST04       TRUST05       TRUST06       TRUST07
              ________      ________      ________      ________      ________
                0.000         0.000         0.000         0.000         0.000


           Residuals for Means
              HED01         HED03         HED04         HED05         HED06
              ________      ________      ________      ________      ________
                0.000         0.000         0.000         0.000         0.000


           Residuals for Means
              HED07         HED08         HED09         UTI01         UTI02
              ________      ________      ________      ________      ________
                0.000         0.000         0.000         0.000         0.000


           Residuals for Means
              UTI03         UTI04         UTI05         UTI06         UTI07
              ________      ________      ________      ________      ________
                0.000         0.000         0.000         0.000         0.000


           Residuals for Means
              UTI08         UTI09         CON01         CON02         CON03
              ________      ________      ________      ________      ________
                0.000         0.000         0.000         0.000         0.000


           Residuals for Means
              CON04         CON05         CON06         DEO01         DEO02
              ________      ________      ________      ________      ________
                0.000         0.000         0.000         0.000         0.000


           Residuals for Means
              DEO03         DEO04         DEO05         DEO06         DEO07
              ________      ________      ________      ________      ________
                0.000         0.000         0.000         0.000         0.000


           Residuals for Means
              DEO08         REL01         REL02         REL03         REL04
              ________      ________      ________      ________      ________
                0.000         0.000         0.000         0.000         0.000


           Residuals for Means
              REL05
              ________
                0.000


           Standardized Residuals (z-scores) for Means
              BI01          GEN01         BI02          GENR02        BIR03
              ________      ________      ________      ________      ________
                0.000         0.000         0.000         0.000         0.000


           Standardized Residuals (z-scores) for Means
              GEN03         BIR04         GENR04        BI05          GEN05
              ________      ________      ________      ________      ________
                0.000         0.000         0.000         0.000         0.000


           Standardized Residuals (z-scores) for Means
              BIR06         BI07          BIR08         BI09          B01
              ________      ________      ________      ________      ________
                0.000         0.000         0.000         0.000         0.000


           Standardized Residuals (z-scores) for Means
              R01           B02           R02           B03           R03
              ________      ________      ________      ________      ________
                0.000         0.000         0.000         0.000         0.000


           Standardized Residuals (z-scores) for Means
              B04           R04           B05           R05           N01
              ________      ________      ________      ________      ________
                0.000         0.000         0.000         0.000         0.000


           Standardized Residuals (z-scores) for Means
              P01           N02           P02           N03           P03
              ________      ________      ________      ________      ________
                0.000         0.000         0.000         0.000         0.000


           Standardized Residuals (z-scores) for Means
              N04           P04           N05           P05           N06
              ________      ________      ________      ________      ________
                0.000         0.000         0.000         0.000         0.000


           Standardized Residuals (z-scores) for Means
              N07           P07           N08           P08           N09
              ________      ________      ________      ________      ________
                0.000         0.000         0.000         0.000         0.000


           Standardized Residuals (z-scores) for Means
              P09           N10           P10           TRUST01       TRUST02
              ________      ________      ________      ________      ________
                0.000         0.000         0.000         0.000         0.000


           Standardized Residuals (z-scores) for Means
              TRUST03       TRUST04       TRUST05       TRUST06       TRUST07
              ________      ________      ________      ________      ________
                0.000         0.000         0.000         0.000         0.000


           Standardized Residuals (z-scores) for Means
              HED01         HED03         HED04         HED05         HED06
              ________      ________      ________      ________      ________
                0.000         0.000         0.000         0.000         0.000


           Standardized Residuals (z-scores) for Means
              HED07         HED08         HED09         UTI01         UTI02
              ________      ________      ________      ________      ________
                0.000         0.000         0.000         0.000         0.000


           Standardized Residuals (z-scores) for Means
              UTI03         UTI04         UTI05         UTI06         UTI07
              ________      ________      ________      ________      ________
                0.000         0.000         0.000         0.000         0.000


           Standardized Residuals (z-scores) for Means
              UTI08         UTI09         CON01         CON02         CON03
              ________      ________      ________      ________      ________
                0.000         0.000         0.000         0.000         0.000


           Standardized Residuals (z-scores) for Means
              CON04         CON05         CON06         DEO01         DEO02
              ________      ________      ________      ________      ________
                0.000         0.000         0.000         0.000         0.000


           Standardized Residuals (z-scores) for Means
              DEO03         DEO04         DEO05         DEO06         DEO07
              ________      ________      ________      ________      ________
                0.000         0.000         0.000         0.000         0.000


           Standardized Residuals (z-scores) for Means
              DEO08         REL01         REL02         REL03         REL04
              ________      ________      ________      ________      ________
                0.000         0.000         0.000         0.000         0.000


           Standardized Residuals (z-scores) for Means
              REL05
              ________
                0.000


           Normalized Residuals for Means
              BI01          GEN01         BI02          GENR02        BIR03
              ________      ________      ________      ________      ________
                0.000         0.000         0.000         0.000         0.000


           Normalized Residuals for Means
              GEN03         BIR04         GENR04        BI05          GEN05
              ________      ________      ________      ________      ________
                0.000         0.000         0.000         0.000         0.000


           Normalized Residuals for Means
              BIR06         BI07          BIR08         BI09          B01
              ________      ________      ________      ________      ________
                0.000         0.000         0.000         0.000         0.000


           Normalized Residuals for Means
              R01           B02           R02           B03           R03
              ________      ________      ________      ________      ________
                0.000         0.000         0.000         0.000         0.000


           Normalized Residuals for Means
              B04           R04           B05           R05           N01
              ________      ________      ________      ________      ________
                0.000         0.000         0.000         0.000         0.000


           Normalized Residuals for Means
              P01           N02           P02           N03           P03
              ________      ________      ________      ________      ________
                0.000         0.000         0.000         0.000         0.000


           Normalized Residuals for Means
              N04           P04           N05           P05           N06
              ________      ________      ________      ________      ________
                0.000         0.000         0.000         0.000         0.000


           Normalized Residuals for Means
              N07           P07           N08           P08           N09
              ________      ________      ________      ________      ________
                0.000         0.000         0.000         0.000         0.000


           Normalized Residuals for Means
              P09           N10           P10           TRUST01       TRUST02
              ________      ________      ________      ________      ________
                0.000         0.000         0.000         0.000         0.000


           Normalized Residuals for Means
              TRUST03       TRUST04       TRUST05       TRUST06       TRUST07
              ________      ________      ________      ________      ________
                0.000         0.000         0.000         0.000         0.000


           Normalized Residuals for Means
              HED01         HED03         HED04         HED05         HED06
              ________      ________      ________      ________      ________
                0.000         0.000         0.000         0.000         0.000


           Normalized Residuals for Means
              HED07         HED08         HED09         UTI01         UTI02
              ________      ________      ________      ________      ________
                0.000         0.000         0.000         0.000         0.000


           Normalized Residuals for Means
              UTI03         UTI04         UTI05         UTI06         UTI07
              ________      ________      ________      ________      ________
                0.000         0.000         0.000         0.000         0.000


           Normalized Residuals for Means
              UTI08         UTI09         CON01         CON02         CON03
              ________      ________      ________      ________      ________
                0.000         0.000         0.000         0.000         0.000


           Normalized Residuals for Means
              CON04         CON05         CON06         DEO01         DEO02
              ________      ________      ________      ________      ________
                0.000         0.000         0.000         0.000         0.000


           Normalized Residuals for Means
              DEO03         DEO04         DEO05         DEO06         DEO07
              ________      ________      ________      ________      ________
                0.000         0.000         0.000         0.000         0.000


           Normalized Residuals for Means
              DEO08         REL01         REL02         REL03         REL04
              ________      ________      ________      ________      ________
                0.000         0.000         0.000         0.000         0.000


           Normalized Residuals for Means
              REL05
              ________
                0.000


           Model Estimated Covariances
              BI01          GEN01         BI02          GENR02        BIR03
              ________      ________      ________      ________      ________
 BI01           1.550
 GEN01          1.193         1.433
 BI02           1.069         1.086         1.447
 GENR02         1.115         1.134         1.016         1.772
 BIR03          1.052         1.070         0.959         1.000         1.790
 GEN03          1.273         1.294         1.159         1.210         1.142
 BIR04          0.775         0.788         0.706         0.737         0.695
 GENR04         1.213         1.233         1.105         1.153         1.088
 BI05           1.274         1.295         1.160         1.211         1.143
 GEN05          1.120         1.139         1.020         1.065         1.005
 BIR06          1.276         1.298         1.163         1.213         1.145
 BI07           1.115         1.134         1.016         1.060         1.001
 BIR08          1.086         1.105         0.990         1.033         0.975
 BI09           0.845         0.859         0.770         0.803         0.758
 B01            0.753         0.765         0.686         0.716         0.675
 R01           -0.525        -0.534        -0.478        -0.499        -0.471
 B02            0.500         0.509         0.456         0.476         0.449
 R02           -0.634        -0.644        -0.577        -0.603        -0.569
 B03            0.707         0.719         0.644         0.672         0.634
 R03           -0.474        -0.482        -0.432        -0.451        -0.426
 B04            0.891         0.906         0.812         0.848         0.800
 R04           -0.595        -0.605        -0.542        -0.565        -0.534
 B05            0.796         0.810         0.725         0.757         0.714
 R05           -0.763        -0.776        -0.695        -0.726        -0.685
 N01           -0.425        -0.432        -0.387        -0.404        -0.382
 P01            0.484         0.492         0.441         0.460         0.434
 N02           -0.418        -0.425        -0.381        -0.398        -0.375
 P02            0.531         0.540         0.484         0.505         0.477
 N03           -0.249        -0.253        -0.227        -0.237        -0.224
 P03            0.405         0.412         0.369         0.385         0.364
 N04           -0.465        -0.472        -0.423        -0.442        -0.417
 P04            0.604         0.614         0.550         0.574         0.542
 N05           -0.309        -0.314        -0.281        -0.294        -0.277
 P05            0.402         0.409         0.366         0.382         0.361
 N06           -0.322        -0.328        -0.294        -0.307        -0.289
 N07           -0.320        -0.325        -0.291        -0.304        -0.287
 P07            0.608         0.619         0.554         0.578         0.546
 N08           -0.425        -0.432        -0.387        -0.404        -0.381
 P08            0.498         0.507         0.454         0.474         0.447
 N09           -0.359        -0.365        -0.327        -0.342        -0.322
 P09            0.360         0.366         0.328         0.342         0.323
 N10           -0.470        -0.478        -0.428        -0.447        -0.421
 P10            0.416         0.423         0.379         0.396         0.374
 TRUST01        0.480         0.488         0.437         0.456         0.431
 TRUST02        0.344         0.349         0.313         0.327         0.308
 TRUST03        0.320         0.325         0.291         0.304         0.287
 TRUST04        0.410         0.417         0.374         0.390         0.368
 TRUST05        0.404         0.410         0.368         0.384         0.362
 TRUST06        0.364         0.370         0.332         0.346         0.327
 TRUST07        0.342         0.347         0.311         0.325         0.306
 HED01          0.953         0.969         0.868         0.906         0.855
 HED03          0.591         0.601         0.538         0.562         0.530
 HED04          0.984         1.001         0.897         0.936         0.883
 HED05          0.725         0.738         0.661         0.690         0.651
 HED06          0.836         0.850         0.761         0.795         0.750
 HED07          0.887         0.901         0.808         0.843         0.795
 HED08          0.786         0.799         0.716         0.747         0.705
 HED09          0.940         0.955         0.856         0.893         0.843
 UTI01          0.796         0.810         0.725         0.757         0.714
 UTI02          0.868         0.882         0.790         0.825         0.778
 UTI03          0.879         0.894         0.801         0.836         0.789
 UTI04          1.028         1.045         0.936         0.977         0.922
 UTI05          0.896         0.911         0.817         0.852         0.804
 UTI06          0.882         0.897         0.804         0.839         0.791
 UTI07          0.851         0.865         0.775         0.809         0.763
 UTI08          0.884         0.899         0.806         0.841         0.793
 UTI09          1.082         1.100         0.985         1.028         0.970
 CON01          0.900         0.916         0.820         0.856         0.808
 CON02          0.890         0.905         0.811         0.846         0.799
 CON03          0.836         0.850         0.762         0.795         0.750
 CON04          0.867         0.882         0.790         0.825         0.778
 CON05          0.719         0.732         0.655         0.684         0.645
 CON06          0.941         0.957         0.858         0.895         0.845
 DEO01          0.691         0.703         0.630         0.657         0.620
 DEO02          0.714         0.726         0.650         0.679         0.640
 DEO03          0.857         0.871         0.780         0.814         0.768
 DEO04          1.047         1.065         0.954         0.995         0.939
 DEO05          1.001         1.018         0.912         0.952         0.898
 DEO06          1.081         1.099         0.984         1.027         0.970
 DEO07          1.070         1.088         0.975         1.017         0.960
 DEO08          0.899         0.914         0.819         0.855         0.807
 REL01          0.888         0.903         0.809         0.845         0.797
 REL02          1.016         1.033         0.926         0.966         0.912
 REL03          0.923         0.939         0.841         0.878         0.828
 REL04          1.120         1.139         1.020         1.065         1.005
 REL05          0.911         0.926         0.830         0.866         0.818


           Model Estimated Covariances
              GEN03         BIR04         GENR04        BI05          GEN05
              ________      ________      ________      ________      ________
 GEN03          1.566
 BIR04          0.841         1.367
 GENR04         1.316         0.801         1.829
 BI05           1.382         0.842         1.317         1.587
 GEN05          1.215         0.740         1.158         1.217         1.419
 BIR06          1.385         0.843         1.320         1.386         1.219
 BI07           1.210         0.737         1.153         1.211         1.065
 BIR08          1.179         0.718         1.124         1.180         1.038
 BI09           0.917         0.558         0.874         0.918         0.807
 B01            0.817         0.497         0.778         0.817         0.719
 R01           -0.570        -0.347        -0.543        -0.570        -0.501
 B02            0.543         0.330         0.517         0.543         0.478
 R02           -0.688        -0.419        -0.655        -0.688        -0.605
 B03            0.767         0.467         0.731         0.767         0.675
 R03           -0.515        -0.313        -0.491        -0.515        -0.453
 B04            0.967         0.589         0.922         0.968         0.851
 R04           -0.645        -0.393        -0.615        -0.646        -0.568
 B05            0.864         0.526         0.823         0.865         0.760
 R05           -0.828        -0.504        -0.789        -0.829        -0.729
 N01           -0.461        -0.281        -0.440        -0.462        -0.406
 P01            0.525         0.320         0.500         0.526         0.462
 N02           -0.454        -0.276        -0.433        -0.454        -0.400
 P02            0.576         0.351         0.549         0.577         0.507
 N03           -0.270        -0.165        -0.258        -0.271        -0.238
 P03            0.440         0.268         0.419         0.440         0.387
 N04           -0.504        -0.307        -0.480        -0.505        -0.444
 P04            0.655         0.399         0.625         0.656         0.577
 N05           -0.335        -0.204        -0.319        -0.335        -0.295
 P05            0.436         0.266         0.416         0.436         0.384
 N06           -0.350        -0.213        -0.333        -0.350        -0.308
 N07           -0.347        -0.211        -0.331        -0.347        -0.305
 P07            0.660         0.402         0.629         0.661         0.581
 N08           -0.461        -0.281        -0.439        -0.461        -0.406
 P08            0.541         0.329         0.515         0.541         0.476
 N09           -0.390        -0.237        -0.372        -0.390        -0.343
 P09            0.390         0.238         0.372         0.390         0.343
 N10           -0.510        -0.310        -0.486        -0.510        -0.449
 P10            0.452         0.275         0.431         0.452         0.398
 TRUST01        0.521         0.317         0.496         0.521         0.458
 TRUST02        0.373         0.227         0.355         0.373         0.328
 TRUST03        0.347         0.211         0.331         0.347         0.305
 TRUST04        0.445         0.271         0.424         0.445         0.392
 TRUST05        0.438         0.267         0.417         0.438         0.385
 TRUST06        0.395         0.241         0.377         0.396         0.348
 TRUST07        0.371         0.226         0.353         0.371         0.326
 HED01          1.034         0.629         0.985         1.035         0.910
 HED03          0.641         0.390         0.611         0.642         0.564
 HED04          1.068         0.650         1.018         1.069         0.940
 HED05          0.787         0.479         0.750         0.788         0.693
 HED06          0.907         0.552         0.864         0.908         0.798
 HED07          0.962         0.586         0.917         0.963         0.847
 HED08          0.853         0.519         0.813         0.854         0.751
 HED09          1.020         0.621         0.972         1.021         0.897
 UTI01          0.864         0.526         0.823         0.865         0.760
 UTI02          0.941         0.573         0.897         0.942         0.829
 UTI03          0.954         0.581         0.909         0.955         0.839
 UTI04          1.115         0.679         1.063         1.116         0.982
 UTI05          0.973         0.592         0.927         0.974         0.856
 UTI06          0.957         0.583         0.912         0.958         0.842
 UTI07          0.923         0.562         0.880         0.924         0.812
 UTI08          0.959         0.584         0.914         0.960         0.845
 UTI09          1.173         0.715         1.118         1.175         1.033
 CON01          0.977         0.595         0.931         0.978         0.860
 CON02          0.966         0.588         0.921         0.967         0.850
 CON03          0.907         0.553         0.865         0.908         0.799
 CON04          0.941         0.573         0.897         0.942         0.828
 CON05          0.781         0.475         0.744         0.781         0.687
 CON06          1.021         0.622         0.974         1.022         0.899
 DEO01          0.750         0.457         0.715         0.751         0.660
 DEO02          0.774         0.472         0.738         0.775         0.682
 DEO03          0.929         0.566         0.886         0.930         0.818
 DEO04          1.136         0.692         1.083         1.137         1.000
 DEO05          1.086         0.661         1.035         1.087         0.956
 DEO06          1.173         0.714         1.118         1.174         1.032
 DEO07          1.161         0.707         1.106         1.162         1.022
 DEO08          0.976         0.594         0.930         0.977         0.859
 REL01          0.964         0.587         0.919         0.965         0.848
 REL02          1.102         0.671         1.051         1.103         0.970
 REL03          1.002         0.610         0.955         1.003         0.882
 REL04          1.215         0.740         1.158         1.216         1.070
 REL05          0.989         0.602         0.942         0.990         0.870


           Model Estimated Covariances
              BIR06         BI07          BIR08         BI09          B01
              ________      ________      ________      ________      ________
 BIR06          1.795
 BI07           1.214         1.330
 BIR08          1.182         1.033         1.729
 BI09           0.919         0.803         0.783         1.309
 B01            0.819         0.716         0.697         0.542         1.291
 R01           -0.571        -0.499        -0.486        -0.378        -0.410
 B02            0.544         0.476         0.463         0.360         0.441
 R02           -0.689        -0.603        -0.587        -0.456        -0.495
 B03            0.769         0.672         0.655         0.509         0.623
 R03           -0.516        -0.451        -0.439        -0.342        -0.371
 B04            0.970         0.848         0.826         0.642         0.785
 R04           -0.647        -0.566        -0.551        -0.428        -0.465
 B05            0.866         0.757         0.738         0.574         0.701
 R05           -0.830        -0.726        -0.707        -0.550        -0.596
 N01           -0.463        -0.404        -0.394        -0.306        -0.310
 P01            0.526         0.460         0.448         0.349         0.344
 N02           -0.455        -0.398        -0.388        -0.301        -0.305
 P02            0.578         0.505         0.492         0.383         0.378
 N03           -0.271        -0.237        -0.231        -0.180        -0.182
 P03            0.441         0.385         0.375         0.292         0.288
 N04           -0.505        -0.442        -0.430        -0.335        -0.339
 P04            0.657         0.574         0.560         0.435         0.430
 N05           -0.336        -0.294        -0.286        -0.222        -0.225
 P05            0.437         0.382         0.372         0.289         0.286
 N06           -0.351        -0.307        -0.299        -0.232        -0.235
 N07           -0.348        -0.304        -0.296        -0.230        -0.233
 P07            0.662         0.579         0.564         0.438         0.433
 N08           -0.462        -0.404        -0.393        -0.306        -0.310
 P08            0.542         0.474         0.462         0.359         0.354
 N09           -0.391        -0.342        -0.333        -0.259        -0.262
 P09            0.391         0.342         0.333         0.259         0.256
 N10           -0.511        -0.447        -0.435        -0.338        -0.343
 P10            0.453         0.396         0.386         0.300         0.296
 TRUST01        0.522         0.457         0.445         0.346         0.336
 TRUST02        0.374         0.327         0.318         0.248         0.240
 TRUST03        0.348         0.304         0.296         0.230         0.224
 TRUST04        0.446         0.390         0.380         0.295         0.287
 TRUST05        0.439         0.384         0.374         0.291         0.282
 TRUST06        0.396         0.346         0.337         0.262         0.255
 TRUST07        0.372         0.325         0.316         0.246         0.239
 HED01          1.037         0.906         0.882         0.686         0.684
 HED03          0.643         0.562         0.547         0.426         0.424
 HED04          1.071         0.936         0.912         0.709         0.706
 HED05          0.789         0.690         0.672         0.523         0.520
 HED06          0.909         0.795         0.774         0.602         0.600
 HED07          0.965         0.843         0.821         0.639         0.636
 HED08          0.855         0.747         0.728         0.566         0.564
 HED09          1.022         0.894         0.870         0.677         0.674
 UTI01          0.866         0.757         0.738         0.574         0.571
 UTI02          0.944         0.825         0.804         0.625         0.622
 UTI03          0.956         0.836         0.814         0.633         0.631
 UTI04          1.118         0.977         0.952         0.740         0.737
 UTI05          0.975         0.853         0.830         0.646         0.643
 UTI06          0.960         0.839         0.817         0.635         0.633
 UTI07          0.926         0.809         0.788         0.613         0.610
 UTI08          0.962         0.841         0.819         0.637         0.634
 UTI09          1.177         1.028         1.002         0.779         0.776
 CON01          0.980         0.856         0.834         0.649         0.646
 CON02          0.969         0.847         0.825         0.641         0.639
 CON03          0.910         0.795         0.775         0.602         0.600
 CON04          0.944         0.825         0.803         0.625         0.622
 CON05          0.783         0.684         0.666         0.518         0.516
 CON06          1.024         0.895         0.872         0.678         0.675
 DEO01          0.752         0.657         0.640         0.498         0.496
 DEO02          0.777         0.679         0.661         0.514         0.512
 DEO03          0.932         0.815         0.793         0.617         0.615
 DEO04          1.139         0.996         0.970         0.754         0.751
 DEO05          1.089         0.952         0.927         0.721         0.718
 DEO06          1.176         1.028         1.001         0.778         0.775
 DEO07          1.164         1.017         0.991         0.771         0.768
 DEO08          0.979         0.855         0.833         0.648         0.645
 REL01          0.967         0.845         0.823         0.640         0.637
 REL02          1.106         0.966         0.941         0.732         0.729
 REL03          1.004         0.878         0.855         0.665         0.662
 REL04          1.219         1.065         1.037         0.807         0.804
 REL05          0.991         0.867         0.844         0.656         0.654


           Model Estimated Covariances
              R01           B02           R02           B03           R03
              ________      ________      ________      ________      ________
 R01            1.066
 B02           -0.273         1.049
 R02            0.437        -0.329         1.052
 B03           -0.385         0.758        -0.465         1.618
 R03            0.327        -0.246         0.395        -0.348         0.896
 B04           -0.486         0.522        -0.587         0.737        -0.439
 R04            0.410        -0.309         0.495        -0.436         0.370
 B05           -0.434         0.466        -0.524         0.658        -0.392
 R05            0.526        -0.396         0.635        -0.560         0.475
 N01            0.264        -0.206         0.319        -0.291         0.239
 P01           -0.234         0.229        -0.283         0.323        -0.212
 N02            0.260        -0.203         0.314        -0.287         0.235
 P02           -0.257         0.251        -0.310         0.355        -0.232
 N03            0.155        -0.121         0.187        -0.171         0.140
 P03           -0.196         0.192        -0.237         0.271        -0.177
 N04            0.289        -0.225         0.349        -0.318         0.261
 P04           -0.292         0.285        -0.353         0.403        -0.264
 N05            0.192        -0.150         0.232        -0.212         0.173
 P05           -0.194         0.190        -0.235         0.268        -0.176
 N06            0.200        -0.156         0.242        -0.221         0.181
 N07            0.199        -0.155         0.240        -0.219         0.180
 P07           -0.294         0.288        -0.355         0.406        -0.266
 N08            0.264        -0.206         0.319        -0.291         0.239
 P08           -0.241         0.236        -0.291         0.333        -0.218
 N09            0.223        -0.174         0.270        -0.246         0.202
 P09           -0.174         0.170        -0.210         0.240        -0.157
 N10            0.292        -0.228         0.352        -0.322         0.264
 P10           -0.201         0.197        -0.243         0.278        -0.182
 TRUST01       -0.308         0.223        -0.371         0.315        -0.278
 TRUST02       -0.220         0.160        -0.266         0.226        -0.199
 TRUST03       -0.205         0.149        -0.247         0.210        -0.185
 TRUST04       -0.263         0.190        -0.317         0.269        -0.237
 TRUST05       -0.259         0.187        -0.312         0.265        -0.234
 TRUST06       -0.233         0.169        -0.282         0.239        -0.211
 TRUST07       -0.219         0.159        -0.264         0.224        -0.198
 HED01         -0.462         0.454        -0.558         0.642        -0.418
 HED03         -0.287         0.282        -0.346         0.398        -0.259
 HED04         -0.478         0.469        -0.576         0.663        -0.432
 HED05         -0.352         0.346        -0.425         0.489        -0.318
 HED06         -0.405         0.398        -0.489         0.563        -0.366
 HED07         -0.430         0.423        -0.519         0.597        -0.389
 HED08         -0.381         0.375        -0.460         0.530        -0.345
 HED09         -0.456         0.448        -0.550         0.633        -0.412
 UTI01         -0.386         0.380        -0.466         0.536        -0.349
 UTI02         -0.421         0.414        -0.508         0.584        -0.380
 UTI03         -0.426         0.419        -0.515         0.592        -0.385
 UTI04         -0.499         0.490        -0.602         0.692        -0.451
 UTI05         -0.435         0.427        -0.525         0.604        -0.393
 UTI06         -0.428         0.421        -0.517         0.594        -0.387
 UTI07         -0.413         0.406        -0.498         0.573        -0.373
 UTI08         -0.429         0.422        -0.518         0.596        -0.388
 UTI09         -0.525         0.516        -0.633         0.729        -0.474
 CON01         -0.437         0.429        -0.527         0.607        -0.395
 CON02         -0.432         0.425        -0.521         0.600        -0.390
 CON03         -0.406         0.399        -0.490         0.563        -0.367
 CON04         -0.421         0.414        -0.508         0.584        -0.380
 CON05         -0.349         0.343        -0.421         0.485        -0.315
 CON06         -0.457         0.449        -0.551         0.634        -0.413
 DEO01         -0.335         0.330        -0.405         0.466        -0.303
 DEO02         -0.346         0.340        -0.418         0.481        -0.313
 DEO03         -0.416         0.408        -0.502         0.577        -0.376
 DEO04         -0.508         0.499        -0.613         0.705        -0.459
 DEO05         -0.486         0.477        -0.586         0.674        -0.439
 DEO06         -0.524         0.515        -0.633         0.728        -0.474
 DEO07         -0.519         0.510        -0.626         0.721        -0.469
 DEO08         -0.436         0.429        -0.527         0.606        -0.394
 REL01         -0.431         0.424        -0.520         0.598        -0.389
 REL02         -0.493         0.484        -0.595         0.684        -0.445
 REL03         -0.448         0.440        -0.541         0.622        -0.405
 REL04         -0.543         0.534        -0.656         0.754        -0.491
 REL05         -0.442         0.434        -0.534         0.614        -0.399


           Model Estimated Covariances
              B04           R04           B05           R05           N01
              ________      ________      ________      ________      ________
 B04            1.498
 R04           -0.550         1.122
 B05            0.831        -0.492         1.453
 R05           -0.706         0.596        -0.631         1.151
 N01           -0.368         0.299        -0.328         0.384         1.138
 P01            0.408        -0.265         0.364        -0.340        -0.109
 N02           -0.362         0.295        -0.323         0.378         0.795
 P02            0.448        -0.291         0.400        -0.374        -0.120
 N03           -0.215         0.175        -0.192         0.225         0.474
 P03            0.341        -0.222         0.305        -0.285        -0.091
 N04           -0.402         0.327        -0.359         0.420         0.883
 P04            0.509        -0.331         0.454        -0.425        -0.136
 N05           -0.267         0.217        -0.238         0.279         0.587
 P05            0.339        -0.220         0.302        -0.283        -0.090
 N06           -0.279         0.227        -0.249         0.291         0.613
 N07           -0.276         0.225        -0.247         0.289         0.608
 P07            0.512        -0.333         0.458        -0.428        -0.137
 N08           -0.367         0.299        -0.328         0.384         0.807
 P08            0.420        -0.273         0.375        -0.350        -0.112
 N09           -0.311         0.253        -0.277         0.325         0.683
 P09            0.303        -0.197         0.270        -0.253        -0.081
 N10           -0.406         0.331        -0.363         0.424         0.893
 P10            0.351        -0.228         0.313        -0.293        -0.094
 TRUST01        0.397        -0.349         0.355        -0.447        -0.176
 TRUST02        0.285        -0.249         0.254        -0.320        -0.126
 TRUST03        0.265        -0.232         0.236        -0.298        -0.117
 TRUST04        0.339        -0.298         0.303        -0.382        -0.150
 TRUST05        0.334        -0.293         0.298        -0.376        -0.148
 TRUST06        0.302        -0.264         0.269        -0.339        -0.133
 TRUST07        0.283        -0.248         0.253        -0.318        -0.125
 HED01          0.810        -0.524         0.723        -0.672        -0.325
 HED03          0.502        -0.325         0.449        -0.417        -0.201
 HED04          0.836        -0.541         0.747        -0.694        -0.336
 HED05          0.616        -0.399         0.551        -0.512        -0.247
 HED06          0.710        -0.459         0.634        -0.589        -0.285
 HED07          0.753        -0.487         0.673        -0.625        -0.302
 HED08          0.668        -0.432         0.597        -0.554        -0.268
 HED09          0.799        -0.516         0.713        -0.663        -0.320
 UTI01          0.677        -0.438         0.604        -0.562        -0.271
 UTI02          0.737        -0.477         0.658        -0.612        -0.296
 UTI03          0.747        -0.483         0.667        -0.620        -0.300
 UTI04          0.873        -0.565         0.780        -0.725        -0.350
 UTI05          0.762        -0.493         0.680        -0.632        -0.306
 UTI06          0.750        -0.485         0.669        -0.622        -0.301
 UTI07          0.723        -0.467         0.646        -0.600        -0.290
 UTI08          0.751        -0.486         0.671        -0.624        -0.301
 UTI09          0.919        -0.594         0.821        -0.763        -0.369
 CON01          0.765        -0.495         0.683        -0.635        -0.307
 CON02          0.757        -0.489         0.676        -0.628        -0.304
 CON03          0.711        -0.460         0.635        -0.590        -0.285
 CON04          0.737        -0.477         0.658        -0.612        -0.296
 CON05          0.611        -0.395         0.546        -0.507        -0.245
 CON06          0.800        -0.517         0.715        -0.664        -0.321
 DEO01          0.587        -0.380         0.525        -0.487        -0.236
 DEO02          0.607        -0.392         0.542        -0.503        -0.243
 DEO03          0.728        -0.471         0.650        -0.604        -0.292
 DEO04          0.890        -0.575         0.795        -0.739        -0.357
 DEO05          0.851        -0.550         0.760        -0.706        -0.341
 DEO06          0.918        -0.594         0.820        -0.762        -0.368
 DEO07          0.909        -0.588         0.812        -0.755        -0.365
 DEO08          0.764        -0.494         0.683        -0.634        -0.307
 REL01          0.755        -0.488         0.674        -0.627        -0.303
 REL02          0.863        -0.558         0.771        -0.717        -0.346
 REL03          0.784        -0.507         0.701        -0.651        -0.315
 REL04          0.952        -0.616         0.850        -0.790        -0.382
 REL05          0.774        -0.501         0.692        -0.643        -0.311


           Model Estimated Covariances
              P01           N02           P02           N03           P03
              ________      ________      ________      ________      ________
 P01            1.355
 N02           -0.107         1.134
 P02            0.660        -0.118         1.086
 N03           -0.064         0.466        -0.070         1.027
 P03            0.503        -0.090         0.553        -0.053         1.088
 N04           -0.119         0.869        -0.131         0.517        -0.100
 P04            0.750        -0.134         0.824        -0.080         0.628
 N05           -0.079         0.577        -0.087         0.344        -0.066
 P05            0.499        -0.089         0.548        -0.053         0.418
 N06           -0.083         0.603        -0.091         0.359        -0.069
 N07           -0.082         0.598        -0.090         0.682        -0.069
 P07            0.755        -0.135         0.829        -0.080         0.633
 N08           -0.109         0.794        -0.119         0.473        -0.091
 P08            0.619        -0.110         0.679        -0.066         0.518
 N09           -0.092         0.672        -0.101         0.400        -0.077
 P09            0.765        -0.080         0.490        -0.047         0.374
 N10           -0.120         0.878        -0.132         0.523        -0.101
 P10            0.517        -0.092         0.568        -0.055         0.631
 TRUST01        0.374        -0.173         0.411        -0.103         0.313
 TRUST02        0.268        -0.124         0.294        -0.074         0.224
 TRUST03        0.249        -0.115         0.274        -0.069         0.209
 TRUST04        0.319        -0.148         0.351        -0.088         0.267
 TRUST05        0.314        -0.145         0.345        -0.087         0.263
 TRUST06        0.284        -0.131         0.312        -0.078         0.238
 TRUST07        0.266        -0.123         0.292        -0.073         0.223
 HED01          0.427        -0.320         0.469        -0.190         0.357
 HED03          0.265        -0.198         0.291        -0.118         0.222
 HED04          0.441        -0.330         0.484        -0.197         0.369
 HED05          0.325        -0.243         0.357        -0.145         0.272
 HED06          0.374        -0.280         0.411        -0.167         0.314
 HED07          0.397        -0.297         0.436        -0.177         0.333
 HED08          0.352        -0.264         0.387        -0.157         0.295
 HED09          0.421        -0.315         0.462        -0.188         0.353
 UTI01          0.357        -0.267         0.392        -0.159         0.299
 UTI02          0.389        -0.291         0.427        -0.173         0.325
 UTI03          0.394        -0.295         0.432        -0.176         0.330
 UTI04          0.460        -0.345         0.505        -0.205         0.386
 UTI05          0.402        -0.301         0.441        -0.179         0.336
 UTI06          0.395        -0.296         0.434        -0.176         0.331
 UTI07          0.381        -0.285         0.418        -0.170         0.319
 UTI08          0.396        -0.297         0.435        -0.177         0.332
 UTI09          0.484        -0.363         0.532        -0.216         0.406
 CON01          0.403        -0.302         0.443        -0.180         0.338
 CON02          0.399        -0.299         0.438        -0.178         0.334
 CON03          0.375        -0.281         0.411        -0.167         0.314
 CON04          0.389        -0.291         0.427        -0.173         0.325
 CON05          0.322        -0.241         0.354        -0.144         0.270
 CON06          0.422        -0.316         0.463        -0.188         0.353
 DEO01          0.310        -0.232         0.340        -0.138         0.259
 DEO02          0.320        -0.239         0.351        -0.143         0.268
 DEO03          0.384        -0.287         0.421        -0.171         0.321
 DEO04          0.469        -0.351         0.515        -0.209         0.393
 DEO05          0.448        -0.336         0.492        -0.200         0.376
 DEO06          0.484        -0.362         0.532        -0.216         0.405
 DEO07          0.479        -0.359         0.526        -0.214         0.401
 DEO08          0.403        -0.302         0.442        -0.180         0.337
 REL01          0.398        -0.298         0.437        -0.177         0.333
 REL02          0.455        -0.341         0.500        -0.203         0.381
 REL03          0.414        -0.310         0.454        -0.184         0.346
 REL04          0.502        -0.376         0.551        -0.224         0.420
 REL05          0.408        -0.306         0.448        -0.182         0.342


           Model Estimated Covariances
              N04           P04           N05           P05           N06
              ________      ________      ________      ________      ________
 N04            1.410
 P04           -0.148         1.294
 N05            0.641        -0.099         1.078
 P05           -0.099         0.623        -0.066         0.820
 N06            0.669        -0.103         0.627        -0.069         0.963
 N07            0.664        -0.102         0.441        -0.068         0.461
 P07           -0.150         0.943        -0.099         0.627        -0.104
 N08            0.882        -0.136         0.586        -0.090         0.612
 P08           -0.122         0.772        -0.081         0.514        -0.085
 N09            0.746        -0.115         0.496        -0.076         0.518
 P09           -0.088         0.557        -0.059         0.371        -0.061
 N10            1.163        -0.150         0.648        -0.100         0.677
 P10           -0.102         0.646        -0.068         0.429        -0.071
 TRUST01       -0.192         0.467        -0.128         0.311        -0.133
 TRUST02       -0.137         0.334        -0.091         0.222        -0.095
 TRUST03       -0.128         0.311        -0.085         0.207        -0.089
 TRUST04       -0.164         0.399        -0.109         0.265        -0.114
 TRUST05       -0.161         0.392        -0.107         0.261        -0.112
 TRUST06       -0.146         0.354        -0.097         0.236        -0.101
 TRUST07       -0.137         0.332        -0.091         0.221        -0.095
 HED01         -0.355         0.533        -0.236         0.354        -0.246
 HED03         -0.220         0.330        -0.146         0.220        -0.153
 HED04         -0.367         0.550        -0.244         0.366        -0.254
 HED05         -0.270         0.406        -0.180         0.270        -0.187
 HED06         -0.311         0.467        -0.207         0.311        -0.216
 HED07         -0.330         0.496        -0.219         0.330        -0.229
 HED08         -0.293         0.440        -0.195         0.292        -0.203
 HED09         -0.350         0.525        -0.233         0.350        -0.243
 UTI01         -0.297         0.445        -0.197         0.296        -0.206
 UTI02         -0.323         0.485        -0.215         0.323        -0.224
 UTI03         -0.327         0.492        -0.218         0.327        -0.227
 UTI04         -0.383         0.575        -0.254         0.382        -0.266
 UTI05         -0.334         0.501        -0.222         0.334        -0.232
 UTI06         -0.328         0.493        -0.218         0.328        -0.228
 UTI07         -0.317         0.476        -0.211         0.316        -0.220
 UTI08         -0.329         0.495        -0.219         0.329        -0.228
 UTI09         -0.403         0.605        -0.268         0.402        -0.279
 CON01         -0.335         0.504        -0.223         0.335        -0.233
 CON02         -0.332         0.498        -0.220         0.331        -0.230
 CON03         -0.311         0.468        -0.207         0.311        -0.216
 CON04         -0.323         0.485        -0.215         0.323        -0.224
 CON05         -0.268         0.402        -0.178         0.268        -0.186
 CON06         -0.351         0.526        -0.233         0.350        -0.243
 DEO01         -0.257         0.386        -0.171         0.257        -0.179
 DEO02         -0.266         0.399        -0.177         0.266        -0.184
 DEO03         -0.319         0.479        -0.212         0.319        -0.221
 DEO04         -0.390         0.586        -0.259         0.390        -0.271
 DEO05         -0.373         0.560        -0.248         0.372        -0.259
 DEO06         -0.402         0.604        -0.268         0.402        -0.279
 DEO07         -0.398         0.598        -0.265         0.398        -0.276
 DEO08         -0.335         0.503        -0.223         0.335        -0.232
 REL01         -0.331         0.497        -0.220         0.331        -0.230
 REL02         -0.378         0.568        -0.252         0.378        -0.263
 REL03         -0.344         0.516        -0.229         0.343        -0.239
 REL04         -0.417         0.626        -0.277         0.417        -0.289
 REL05         -0.339         0.510        -0.226         0.339        -0.235


           Model Estimated Covariances
              N07           P07           N08           P08           N09
              ________      ________      ________      ________      ________
 N07            1.118
 P07           -0.103         1.312
 N08            0.607        -0.137         1.402
 P08           -0.084         0.778        -0.112         1.301
 N09            0.513        -0.116         0.682        -0.095         1.140
 P09           -0.061         0.561        -0.081         0.460        -0.068
 N10            0.671        -0.151         0.892        -0.124         0.754
 P10           -0.070         0.650        -0.094         0.533        -0.079
 TRUST01       -0.132         0.470        -0.176         0.385        -0.148
 TRUST02       -0.095         0.337        -0.126         0.276        -0.106
 TRUST03       -0.088         0.313        -0.117         0.257        -0.099
 TRUST04       -0.113         0.402        -0.150         0.329        -0.127
 TRUST05       -0.111         0.395        -0.148         0.324        -0.125
 TRUST06       -0.100         0.357        -0.133         0.292        -0.113
 TRUST07       -0.094         0.335        -0.125         0.274        -0.106
 HED01         -0.244         0.537        -0.324         0.440        -0.274
 HED03         -0.151         0.333        -0.201         0.273        -0.170
 HED04         -0.252         0.554        -0.335         0.454        -0.283
 HED05         -0.186         0.409        -0.247         0.335        -0.209
 HED06         -0.214         0.471        -0.285         0.386        -0.241
 HED07         -0.227         0.499        -0.302         0.409        -0.255
 HED08         -0.201         0.443        -0.268         0.363        -0.226
 HED09         -0.241         0.529        -0.320         0.434        -0.271
 UTI01         -0.204         0.448        -0.271         0.367        -0.229
 UTI02         -0.222         0.489        -0.295         0.400        -0.250
 UTI03         -0.225         0.495        -0.299         0.406        -0.253
 UTI04         -0.263         0.579        -0.350         0.474        -0.296
 UTI05         -0.230         0.505        -0.305         0.414        -0.258
 UTI06         -0.226         0.497        -0.300         0.407        -0.254
 UTI07         -0.218         0.479        -0.290         0.392        -0.245
 UTI08         -0.227         0.498        -0.301         0.408        -0.255
 UTI09         -0.277         0.609        -0.368         0.499        -0.312
 CON01         -0.231         0.507        -0.307         0.415        -0.259
 CON02         -0.228         0.501        -0.303         0.411        -0.256
 CON03         -0.214         0.471        -0.285         0.386        -0.241
 CON04         -0.222         0.489        -0.295         0.400        -0.250
 CON05         -0.184         0.405        -0.245         0.332        -0.207
 CON06         -0.241         0.530        -0.321         0.434        -0.271
 DEO01         -0.177         0.389        -0.235         0.319        -0.199
 DEO02         -0.183         0.402        -0.243         0.329        -0.206
 DEO03         -0.220         0.482        -0.292         0.395        -0.247
 DEO04         -0.268         0.590        -0.356         0.483        -0.302
 DEO05         -0.257         0.564        -0.341         0.462        -0.288
 DEO06         -0.277         0.609        -0.368         0.499        -0.311
 DEO07         -0.274         0.603        -0.364         0.494        -0.308
 DEO08         -0.231         0.507        -0.306         0.415        -0.259
 REL01         -0.228         0.500        -0.302         0.410        -0.256
 REL02         -0.260         0.572        -0.346         0.469        -0.293
 REL03         -0.237         0.520        -0.314         0.426        -0.266
 REL04         -0.287         0.631        -0.381         0.517        -0.323
 REL05         -0.234         0.513        -0.310         0.420        -0.262


           Model Estimated Covariances
              P09           N10           P10           TRUST01       TRUST02
              ________      ________      ________      ________      ________
 P09            1.432
 N10           -0.089         1.424
 P10            0.631        -0.103         1.105
 TRUST01        0.278        -0.194         0.322         5.297
 TRUST02        0.199        -0.139         0.230         3.127         6.117
 TRUST03        0.185        -0.129         0.214         2.910         4.128
 TRUST04        0.237        -0.166         0.275         3.731         2.671
 TRUST05        0.234        -0.163         0.271         3.673         2.629
 TRUST06        0.211        -0.147         0.244         3.314         2.373
 TRUST07        0.198        -0.138         0.229         3.109         2.225
 HED01          0.317        -0.359         0.367         0.453         0.325
 HED03          0.197        -0.223         0.228         0.281         0.201
 HED04          0.328        -0.371         0.379         0.468         0.335
 HED05          0.241        -0.273         0.280         0.345         0.247
 HED06          0.278        -0.315         0.322         0.398         0.285
 HED07          0.295        -0.334         0.342         0.422         0.302
 HED08          0.262        -0.296         0.303         0.374         0.268
 HED09          0.313        -0.354         0.362         0.447         0.320
 UTI01          0.265        -0.300         0.307         0.379         0.271
 UTI02          0.289        -0.327         0.334         0.413         0.296
 UTI03          0.293        -0.331         0.339         0.418         0.299
 UTI04          0.342        -0.387         0.396         0.489         0.350
 UTI05          0.298        -0.338         0.346         0.427         0.305
 UTI06          0.294        -0.332         0.340         0.420         0.301
 UTI07          0.283        -0.320         0.328         0.405         0.290
 UTI08          0.294        -0.333         0.341         0.421         0.301
 UTI09          0.360        -0.407         0.417         0.515         0.368
 CON01          0.300        -0.339         0.347         0.429         0.307
 CON02          0.296        -0.335         0.343         0.424         0.303
 CON03          0.278        -0.315         0.322         0.398         0.285
 CON04          0.289        -0.327         0.334         0.413         0.296
 CON05          0.239        -0.271         0.277         0.342         0.245
 CON06          0.313        -0.354         0.363         0.448         0.321
 DEO01          0.230        -0.260         0.266         0.329         0.235
 DEO02          0.238        -0.269         0.275         0.340         0.243
 DEO03          0.285        -0.323         0.330         0.408         0.292
 DEO04          0.349        -0.394         0.404         0.498         0.357
 DEO05          0.333        -0.377         0.386         0.476         0.341
 DEO06          0.360        -0.407         0.417         0.514         0.368
 DEO07          0.356        -0.403         0.412         0.509         0.365
 DEO08          0.299        -0.339         0.347         0.428         0.306
 REL01          0.296        -0.334         0.343         0.423         0.303
 REL02          0.338        -0.383         0.392         0.484         0.346
 REL03          0.307        -0.348         0.356         0.439         0.315
 REL04          0.373        -0.422         0.432         0.533         0.382
 REL05          0.303        -0.343         0.351         0.434         0.310


           Model Estimated Covariances
              TRUST03       TRUST04       TRUST05       TRUST06       TRUST07
              ________      ________      ________      ________      ________
 TRUST03        6.813
 TRUST04        2.485         4.135
 TRUST05        2.447         3.503         4.007
 TRUST06        2.208         2.831         2.786         6.330
 TRUST07        2.071         2.655         2.613         4.411         6.483
 HED01          0.302         0.387         0.381         0.344         0.323
 HED03          0.187         0.240         0.236         0.213         0.200
 HED04          0.312         0.400         0.394         0.355         0.333
 HED05          0.230         0.295         0.290         0.262         0.246
 HED06          0.265         0.340         0.334         0.302         0.283
 HED07          0.281         0.360         0.355         0.320         0.300
 HED08          0.249         0.320         0.315         0.284         0.266
 HED09          0.298         0.382         0.376         0.339         0.318
 UTI01          0.252         0.324         0.319         0.287         0.270
 UTI02          0.275         0.353         0.347         0.313         0.294
 UTI03          0.279         0.357         0.352         0.317         0.298
 UTI04          0.326         0.418         0.411         0.371         0.348
 UTI05          0.284         0.364         0.359         0.324         0.304
 UTI06          0.280         0.359         0.353         0.319         0.299
 UTI07          0.270         0.346         0.340         0.307         0.288
 UTI08          0.280         0.359         0.354         0.319         0.299
 UTI09          0.343         0.440         0.433         0.391         0.366
 CON01          0.285         0.366         0.360         0.325         0.305
 CON02          0.282         0.362         0.356         0.321         0.302
 CON03          0.265         0.340         0.335         0.302         0.283
 CON04          0.275         0.353         0.347         0.313         0.294
 CON05          0.228         0.292         0.288         0.260         0.244
 CON06          0.298         0.383         0.377         0.340         0.319
 DEO01          0.219         0.281         0.277         0.250         0.234
 DEO02          0.226         0.290         0.286         0.258         0.242
 DEO03          0.272         0.348         0.343         0.309         0.290
 DEO04          0.332         0.426         0.419         0.378         0.355
 DEO05          0.317         0.407         0.401         0.361         0.339
 DEO06          0.343         0.439         0.432         0.390         0.366
 DEO07          0.339         0.435         0.428         0.386         0.362
 DEO08          0.285         0.366         0.360         0.325         0.305
 REL01          0.282         0.361         0.355         0.321         0.301
 REL02          0.322         0.413         0.407         0.367         0.344
 REL03          0.293         0.375         0.369         0.333         0.313
 REL04          0.355         0.455         0.448         0.404         0.379
 REL05          0.289         0.370         0.365         0.329         0.309


           Model Estimated Covariances
              HED01         HED03         HED04         HED05         HED06
              ________      ________      ________      ________      ________
 HED01          2.701
 HED03          1.174         2.842
 HED04          1.955         1.213         2.683
 HED05          1.441         0.894         1.489         2.033
 HED06          1.660         1.030         1.715         1.264         2.105
 HED07          1.761         1.092         1.819         1.341         1.545
 HED08          1.561         0.969         1.613         1.189         1.370
 HED09          1.867         1.158         1.929         1.421         1.638
 UTI01          1.099         0.682         1.135         0.837         0.964
 UTI02          1.197         0.743         1.237         0.912         1.050
 UTI03          1.213         0.752         1.253         0.924         1.064
 UTI04          1.418         0.880         1.465         1.080         1.244
 UTI05          1.237         0.767         1.278         0.942         1.085
 UTI06          1.217         0.755         1.258         0.927         1.068
 UTI07          1.174         0.728         1.213         0.894         1.030
 UTI08          1.220         0.757         1.261         0.929         1.070
 UTI09          1.492         0.926         1.542         1.136         1.309
 CON01          1.243         0.771         1.284         0.946         1.090
 CON02          1.229         0.762         1.269         0.936         1.078
 CON03          1.154         0.716         1.192         0.879         1.012
 CON04          1.197         0.742         1.237         0.911         1.050
 CON05          0.993         0.616         1.026         0.756         0.871
 CON06          1.299         0.806         1.342         0.989         1.140
 DEO01          0.954         0.592         0.985         0.726         0.837
 DEO02          0.985         0.611         1.018         0.750         0.864
 DEO03          1.182         0.733         1.221         0.900         1.037
 DEO04          1.445         0.896         1.493         1.100         1.268
 DEO05          1.382         0.857         1.427         1.052         1.212
 DEO06          1.491         0.925         1.541         1.136         1.308
 DEO07          1.476         0.916         1.525         1.124         1.295
 DEO08          1.241         0.770         1.282         0.945         1.089
 REL01          1.226         0.760         1.267         0.933         1.075
 REL02          1.402         0.870         1.449         1.068         1.230
 REL03          1.274         0.790         1.316         0.970         1.118
 REL04          1.546         0.959         1.597         1.177         1.356
 REL05          1.257         0.780         1.299         0.958         1.103


           Model Estimated Covariances
              HED07         HED08         HED09         UTI01         UTI02
              ________      ________      ________      ________      ________
 HED07          2.290
 HED08          1.453         2.068
 HED09          1.737         1.540         2.561
 UTI01          1.022         0.907         1.084         1.803
 UTI02          1.114         0.988         1.181         1.391         1.981
 UTI03          1.129         1.001         1.196         1.409         1.536
 UTI04          1.320         1.170         1.399         1.648         1.796
 UTI05          1.151         1.021         1.220         1.438         1.566
 UTI06          1.133         1.004         1.201         1.414         1.541
 UTI07          1.092         0.969         1.158         1.364         1.486
 UTI08          1.136         1.007         1.204         1.418         1.545
 UTI09          1.389         1.231         1.472         1.734         1.890
 CON01          1.156         1.025         1.226         1.038         1.132
 CON02          1.143         1.014         1.212         1.027         1.119
 CON03          1.074         0.952         1.138         0.965         1.051
 CON04          1.114         0.988         1.181         1.000         1.090
 CON05          0.924         0.819         0.979         0.830         0.904
 CON06          1.209         1.072         1.281         1.086         1.183
 DEO01          0.887         0.787         0.941         0.797         0.868
 DEO02          0.917         0.813         0.972         0.823         0.897
 DEO03          1.100         0.975         1.166         0.988         1.076
 DEO04          1.345         1.192         1.425         1.208         1.316
 DEO05          1.286         1.140         1.363         1.155         1.258
 DEO06          1.388         1.230         1.471         1.246         1.358
 DEO07          1.374         1.218         1.456         1.234         1.344
 DEO08          1.155         1.024         1.224         1.037         1.130
 REL01          1.141         1.011         1.209         1.025         1.116
 REL02          1.305         1.157         1.383         1.172         1.277
 REL03          1.185         1.051         1.257         1.065         1.160
 REL04          1.438         1.275         1.524         1.292         1.407
 REL05          1.170         1.037         1.240         1.051         1.145


           Model Estimated Covariances
              UTI03         UTI04         UTI05         UTI06         UTI07
              ________      ________      ________      ________      ________
 UTI03          2.201
 UTI04          1.819         2.525
 UTI05          1.587         1.855         2.173
 UTI06          1.561         1.826         1.593         2.179
 UTI07          1.506         1.761         1.536         1.511         2.245
 UTI08          1.565         1.830         1.597         1.571         1.515
 UTI09          1.914         2.238         1.953         1.921         1.853
 CON01          1.146         1.340         1.169         1.150         1.109
 CON02          1.133         1.325         1.156         1.138         1.097
 CON03          1.065         1.245         1.086         1.069         1.031
 CON04          1.104         1.291         1.126         1.108         1.069
 CON05          0.916         1.071         0.934         0.919         0.886
 CON06          1.199         1.401         1.222         1.203         1.160
 DEO01          0.880         1.029         0.897         0.883         0.852
 DEO02          0.909         1.063         0.927         0.912         0.879
 DEO03          1.090         1.275         1.112         1.094         1.055
 DEO04          1.333         1.559         1.360         1.338         1.290
 DEO05          1.275         1.490         1.300         1.279         1.234
 DEO06          1.376         1.609         1.403         1.381         1.332
 DEO07          1.362         1.593         1.389         1.367         1.318
 DEO08          1.145         1.339         1.168         1.149         1.108
 REL01          1.131         1.322         1.154         1.135         1.095
 REL02          1.294         1.513         1.319         1.298         1.252
 REL03          1.175         1.374         1.199         1.180         1.138
 REL04          1.426         1.667         1.454         1.431         1.380
 REL05          1.160         1.356         1.183         1.164         1.123


           Model Estimated Covariances
              UTI08         UTI09         CON01         CON02         CON03
              ________      ________      ________      ________      ________
 UTI08          2.347
 UTI09          1.926         3.054
 CON01          1.153         1.411         2.241
 CON02          1.140         1.395         1.865         2.219
 CON03          1.071         1.310         1.752         1.732         2.353
 CON04          1.111         1.359         1.817         1.796         1.688
 CON05          0.922         1.127         1.507         1.490         1.400
 CON06          1.206         1.475         1.972         1.950         1.832
 DEO01          0.885         1.083         0.901         0.891         0.837
 DEO02          0.914         1.118         0.931         0.920         0.865
 DEO03          1.097         1.342         1.117         1.105         1.038
 DEO04          1.341         1.640         1.366         1.350         1.268
 DEO05          1.282         1.568         1.306         1.291         1.213
 DEO06          1.384         1.693         1.409         1.394         1.309
 DEO07          1.370         1.676         1.395         1.380         1.296
 DEO08          1.152         1.409         1.173         1.160         1.090
 REL01          1.138         1.392         1.159         1.146         1.076
 REL02          1.301         1.592         1.325         1.310         1.231
 REL03          1.182         1.446         1.204         1.191         1.118
 REL04          1.435         1.754         1.461         1.444         1.357
 REL05          1.167         1.427         1.188         1.175         1.104


           Model Estimated Covariances
              CON04         CON05         CON06         DEO01         DEO02
              ________      ________      ________      ________      ________
 CON04          2.450
 CON05          1.452         2.448
 CON06          1.900         1.576         2.765
 DEO01          0.868         0.720         0.942         2.316
 DEO02          0.897         0.744         0.973         0.924         1.924
 DEO03          1.076         0.893         1.168         1.109         1.145
 DEO04          1.315         1.091         1.428         1.355         1.400
 DEO05          1.258         1.043         1.365         1.296         1.338
 DEO06          1.358         1.126         1.474         1.399         1.445
 DEO07          1.344         1.115         1.459         1.385         1.430
 DEO08          1.130         0.937         1.226         1.164         1.202
 REL01          1.116         0.926         1.211         0.889         0.918
 REL02          1.277         1.059         1.386         1.017         1.051
 REL03          1.160         0.962         1.259         0.924         0.954
 REL04          1.407         1.167         1.527         1.121         1.158
 REL05          1.145         0.950         1.243         0.912         0.942


           Model Estimated Covariances
              DEO03         DEO04         DEO05         DEO06         DEO07
              ________      ________      ________      ________      ________
 DEO03          2.143
 DEO04          1.680         2.543
 DEO05          1.606         1.963         2.747
 DEO06          1.734         2.119         2.026         2.816
 DEO07          1.716         2.098         2.006         2.165         2.855
 DEO08          1.443         1.764         1.686         1.820         1.802
 REL01          1.102         1.347         1.288         1.391         1.377
 REL02          1.261         1.541         1.473         1.591         1.575
 REL03          1.145         1.400         1.339         1.445         1.431
 REL04          1.390         1.699         1.624         1.753         1.736
 REL05          1.131         1.382         1.321         1.426         1.412


           Model Estimated Covariances
              DEO08         REL01         REL02         REL03         REL04
              ________      ________      ________      ________      ________
 DEO08          2.235
 REL01          1.157         2.213
 REL02          1.324         1.852         2.442
 REL03          1.203         1.683         1.925         2.319
 REL04          1.459         2.041         2.335         2.122         3.173
 REL05          1.187         1.661         1.900         1.726         2.094


           Model Estimated Covariances
              REL05
              ________
 REL05          2.142


           Model Estimated Correlations
              BI01          GEN01         BI02          GENR02        BIR03
              ________      ________      ________      ________      ________
 BI01           1.000
 GEN01          0.800         1.000
 BI02           0.713         0.754         1.000
 GENR02         0.673         0.712         0.634         1.000
 BIR03          0.632         0.668         0.596         0.562         1.000
 GEN03          0.817         0.864         0.770         0.726         0.682
 BIR04          0.532         0.563         0.502         0.473         0.444
 GENR04         0.720         0.762         0.679         0.641         0.601
 BI05           0.812         0.859         0.766         0.722         0.678
 GEN05          0.755         0.799         0.712         0.672         0.631
 BIR06          0.765         0.809         0.721         0.680         0.639
 BI07           0.777         0.822         0.733         0.691         0.649
 BIR08          0.664         0.702         0.626         0.590         0.554
 BI09           0.593         0.627         0.559         0.527         0.495
 B01            0.532         0.563         0.502         0.473         0.444
 R01           -0.408        -0.432        -0.385        -0.363        -0.341
 B02            0.392         0.415         0.370         0.349         0.327
 R02           -0.496        -0.525        -0.468        -0.441        -0.414
 B03            0.446         0.472         0.421         0.397         0.373
 R03           -0.403        -0.426        -0.380        -0.358        -0.336
 B04            0.585         0.619         0.552         0.520         0.488
 R04           -0.451        -0.477        -0.425        -0.401        -0.376
 B05            0.531         0.561         0.500         0.472         0.443
 R05           -0.572        -0.604        -0.539        -0.508        -0.477
 N01           -0.320        -0.339        -0.302        -0.285        -0.267
 P01            0.334         0.353         0.315         0.297         0.279
 N02           -0.316        -0.334        -0.298        -0.281        -0.263
 P02            0.409         0.433         0.386         0.364         0.342
 N03           -0.198        -0.209        -0.186        -0.176        -0.165
 P03            0.312         0.330         0.294         0.277         0.260
 N04           -0.314        -0.332        -0.296        -0.279        -0.262
 P04            0.426         0.451         0.402         0.379         0.356
 N05           -0.239        -0.253        -0.225        -0.212        -0.199
 P05            0.356         0.377         0.336         0.317         0.298
 N06           -0.264        -0.279        -0.249        -0.235        -0.220
 N07           -0.243        -0.257        -0.229        -0.216        -0.203
 P07            0.427         0.451         0.402         0.379         0.356
 N08           -0.288        -0.305        -0.272        -0.256        -0.241
 P08            0.351         0.371         0.331         0.312         0.293
 N09           -0.270        -0.286        -0.255        -0.240        -0.226
 P09            0.241         0.255         0.228         0.215         0.201
 N10           -0.316        -0.334        -0.298        -0.281        -0.264
 P10            0.318         0.337         0.300         0.283         0.266
 TRUST01        0.168         0.177         0.158         0.149         0.140
 TRUST02        0.112         0.118         0.105         0.099         0.093
 TRUST03        0.098         0.104         0.093         0.088         0.082
 TRUST04        0.162         0.171         0.153         0.144         0.135
 TRUST05        0.162         0.171         0.153         0.144         0.135
 TRUST06        0.116         0.123         0.110         0.103         0.097
 TRUST07        0.108         0.114         0.102         0.096         0.090
 HED01          0.466         0.492         0.439         0.414         0.389
 HED03          0.282         0.298         0.265         0.250         0.235
 HED04          0.483         0.510         0.455         0.429         0.403
 HED05          0.409         0.432         0.385         0.363         0.341
 HED06          0.463         0.489         0.436         0.411         0.386
 HED07          0.470         0.498         0.444         0.418         0.393
 HED08          0.439         0.464         0.414         0.390         0.367
 HED09          0.472         0.499         0.445         0.419         0.394
 UTI01          0.476         0.504         0.449         0.424         0.398
 UTI02          0.495         0.524         0.467         0.440         0.413
 UTI03          0.476         0.503         0.449         0.423         0.397
 UTI04          0.519         0.549         0.490         0.462         0.434
 UTI05          0.488         0.517         0.461         0.434         0.408
 UTI06          0.480         0.508         0.453         0.427         0.401
 UTI07          0.456         0.482         0.430         0.405         0.381
 UTI08          0.464         0.490         0.437         0.412         0.387
 UTI09          0.497         0.526         0.469         0.442         0.415
 CON01          0.483         0.511         0.455         0.430         0.403
 CON02          0.480         0.508         0.453         0.427         0.401
 CON03          0.438         0.463         0.413         0.389         0.366
 CON04          0.445         0.471         0.420         0.396         0.372
 CON05          0.369         0.391         0.348         0.328         0.308
 CON06          0.455         0.481         0.429         0.404         0.380
 DEO01          0.365         0.386         0.344         0.324         0.304
 DEO02          0.413         0.437         0.390         0.368         0.345
 DEO03          0.470         0.497         0.443         0.418         0.392
 DEO04          0.527         0.558         0.497         0.469         0.440
 DEO05          0.485         0.513         0.457         0.431         0.405
 DEO06          0.517         0.547         0.488         0.460         0.432
 DEO07          0.509         0.538         0.480         0.452         0.425
 DEO08          0.483         0.511         0.456         0.430         0.403
 REL01          0.480         0.507         0.452         0.427         0.400
 REL02          0.522         0.552         0.492         0.464         0.436
 REL03          0.487         0.515         0.459         0.433         0.406
 REL04          0.505         0.534         0.476         0.449         0.422
 REL05          0.500         0.529         0.471         0.445         0.417


           Model Estimated Correlations
              GEN03         BIR04         GENR04        BI05          GEN05
              ________      ________      ________      ________      ________
 GEN03          1.000
 BIR04          0.575         1.000
 GENR04         0.778         0.507         1.000
 BI05           0.877         0.571         0.773         1.000
 GEN05          0.816         0.532         0.719         0.811         1.000
 BIR06          0.826         0.538         0.728         0.821         0.764
 BI07           0.839         0.547         0.740         0.834         0.776
 BIR08          0.716         0.467         0.632         0.712         0.663
 BI09           0.640         0.417         0.565         0.636         0.592
 B01            0.574         0.374         0.507         0.571         0.531
 R01           -0.441        -0.287        -0.389        -0.438        -0.408
 B02            0.423         0.276         0.373         0.421         0.392
 R02           -0.536        -0.349        -0.472        -0.533        -0.495
 B03            0.482         0.314         0.425         0.479         0.446
 R03           -0.435        -0.283        -0.383        -0.432        -0.402
 B04            0.632         0.412         0.557         0.628         0.584
 R04           -0.487        -0.317        -0.429        -0.484        -0.450
 B05            0.573         0.373         0.505         0.569         0.530
 R05           -0.617        -0.402        -0.544        -0.613        -0.571
 N01           -0.346        -0.225        -0.305        -0.344        -0.320
 P01            0.360         0.235         0.318         0.358         0.333
 N02           -0.341        -0.222        -0.300        -0.339        -0.315
 P02            0.442         0.288         0.390         0.440         0.409
 N03           -0.213        -0.139        -0.188        -0.212        -0.197
 P03            0.337         0.220         0.297         0.335         0.311
 N04           -0.339        -0.221        -0.299        -0.337        -0.314
 P04            0.460         0.300         0.406         0.458         0.426
 N05           -0.258        -0.168        -0.227        -0.256        -0.239
 P05            0.385         0.251         0.339         0.383         0.356
 N06           -0.285        -0.186        -0.251        -0.283        -0.263
 N07           -0.262        -0.171        -0.231        -0.261        -0.243
 P07            0.461         0.300         0.406         0.458         0.426
 N08           -0.311        -0.203        -0.274        -0.309        -0.288
 P08            0.379         0.247         0.334         0.377         0.350
 N09           -0.292        -0.190        -0.257        -0.290        -0.270
 P09            0.261         0.170         0.230         0.259         0.241
 N10           -0.341        -0.222        -0.301        -0.339        -0.316
 P10            0.344         0.224         0.303         0.342         0.318
 TRUST01        0.181         0.118         0.159         0.180         0.167
 TRUST02        0.120         0.079         0.106         0.120         0.111
 TRUST03        0.106         0.069         0.094         0.106         0.098
 TRUST04        0.175         0.114         0.154         0.174         0.162
 TRUST05        0.175         0.114         0.154         0.174         0.162
 TRUST06        0.126         0.082         0.111         0.125         0.116
 TRUST07        0.116         0.076         0.103         0.116         0.108
 HED01          0.503         0.328         0.443         0.500         0.465
 HED03          0.304         0.198         0.268         0.302         0.281
 HED04          0.521         0.340         0.459         0.518         0.482
 HED05          0.441         0.288         0.389         0.439         0.408
 HED06          0.500         0.326         0.440         0.497         0.462
 HED07          0.508         0.331         0.448         0.505         0.470
 HED08          0.474         0.309         0.418         0.471         0.438
 HED09          0.509         0.332         0.449         0.506         0.471
 UTI01          0.514         0.335         0.453         0.511         0.476
 UTI02          0.535         0.348         0.471         0.531         0.494
 UTI03          0.514         0.335         0.453         0.511         0.475
 UTI04          0.561         0.365         0.494         0.557         0.519
 UTI05          0.527         0.344         0.465         0.524         0.488
 UTI06          0.518         0.338         0.457         0.515         0.479
 UTI07          0.492         0.321         0.434         0.489         0.455
 UTI08          0.501         0.326         0.441         0.498         0.463
 UTI09          0.537         0.350         0.473         0.533         0.496
 CON01          0.522         0.340         0.460         0.518         0.482
 CON02          0.518         0.338         0.457         0.515         0.479
 CON03          0.473         0.308         0.417         0.470         0.437
 CON04          0.481         0.313         0.424         0.478         0.444
 CON05          0.399         0.260         0.352         0.396         0.369
 CON06          0.491         0.320         0.433         0.488         0.454
 DEO01          0.394         0.257         0.347         0.391         0.364
 DEO02          0.446         0.291         0.393         0.444         0.413
 DEO03          0.507         0.331         0.447         0.504         0.469
 DEO04          0.569         0.371         0.502         0.566         0.527
 DEO05          0.524         0.341         0.462         0.521         0.484
 DEO06          0.558         0.364         0.492         0.555         0.516
 DEO07          0.549         0.358         0.484         0.546         0.508
 DEO08          0.522         0.340         0.460         0.519         0.482
 REL01          0.518         0.338         0.457         0.515         0.479
 REL02          0.564         0.367         0.497         0.561         0.521
 REL03          0.526         0.343         0.464         0.523         0.486
 REL04          0.545         0.355         0.481         0.542         0.504
 REL05          0.540         0.352         0.476         0.537         0.499


           Model Estimated Correlations
              BIR06         BI07          BIR08         BI09          B01
              ________      ________      ________      ________      ________
 BIR06          1.000
 BI07           0.786         1.000
 BIR08          0.671         0.681         1.000
 BI09           0.600         0.609         0.520         1.000
 B01            0.538         0.546         0.467         0.417         1.000
 R01           -0.413        -0.419        -0.358        -0.320        -0.350
 B02            0.397         0.403         0.344         0.307         0.379
 R02           -0.502        -0.509        -0.435        -0.389        -0.425
 B03            0.451         0.458         0.391         0.350         0.431
 R03           -0.407        -0.413        -0.353        -0.316        -0.345
 B04            0.592         0.601         0.513         0.459         0.565
 R04           -0.456        -0.463        -0.396        -0.353        -0.386
 B05            0.536         0.545         0.465         0.416         0.512
 R05           -0.578        -0.587        -0.501        -0.448        -0.489
 N01           -0.324        -0.329        -0.281        -0.251        -0.256
 P01            0.338         0.343         0.293         0.262         0.260
 N02           -0.319        -0.324        -0.277        -0.247        -0.252
 P02            0.414         0.420         0.359         0.321         0.319
 N03           -0.200        -0.203        -0.173        -0.155        -0.158
 P03            0.315         0.320         0.274         0.245         0.243
 N04           -0.318        -0.323        -0.276        -0.246        -0.251
 P04            0.431         0.438         0.374         0.334         0.332
 N05           -0.242        -0.245        -0.210        -0.187        -0.191
 P05            0.360         0.366         0.313         0.279         0.278
 N06           -0.267        -0.271        -0.231        -0.207        -0.211
 N07           -0.246        -0.249        -0.213        -0.190        -0.194
 P07            0.431         0.438         0.374         0.334         0.332
 N08           -0.291        -0.296        -0.253        -0.226        -0.230
 P08            0.355         0.360         0.308         0.275         0.273
 N09           -0.273        -0.277        -0.237        -0.212        -0.216
 P09            0.244         0.248         0.212         0.189         0.188
 N10           -0.320        -0.325        -0.277        -0.248        -0.253
 P10            0.322         0.327         0.279         0.249         0.248
 TRUST01        0.169         0.172         0.147         0.131         0.128
 TRUST02        0.113         0.115         0.098         0.087         0.085
 TRUST03        0.100         0.101         0.086         0.077         0.075
 TRUST04        0.164         0.166         0.142         0.127         0.124
 TRUST05        0.164         0.166         0.142         0.127         0.124
 TRUST06        0.118         0.119         0.102         0.091         0.089
 TRUST07        0.109         0.111         0.095         0.084         0.083
 HED01          0.471         0.478         0.408         0.365         0.366
 HED03          0.285         0.289         0.247         0.221         0.221
 HED04          0.488         0.496         0.423         0.378         0.379
 HED05          0.413         0.420         0.358         0.320         0.321
 HED06          0.468         0.475         0.406         0.363         0.364
 HED07          0.476         0.483         0.413         0.369         0.370
 HED08          0.444         0.451         0.385         0.344         0.345
 HED09          0.477         0.484         0.414         0.370         0.371
 UTI01          0.482         0.489         0.418         0.373         0.375
 UTI02          0.501         0.508         0.434         0.388         0.389
 UTI03          0.481         0.489         0.417         0.373         0.374
 UTI04          0.525         0.533         0.456         0.407         0.408
 UTI05          0.494         0.502         0.428         0.383         0.384
 UTI06          0.485         0.493         0.421         0.376         0.377
 UTI07          0.461         0.468         0.400         0.357         0.359
 UTI08          0.469         0.476         0.407         0.363         0.365
 UTI09          0.503         0.510         0.436         0.390         0.391
 CON01          0.488         0.496         0.424         0.379         0.380
 CON02          0.485         0.493         0.421         0.376         0.377
 CON03          0.443         0.450         0.384         0.343         0.344
 CON04          0.450         0.457         0.390         0.349         0.350
 CON05          0.373         0.379         0.324         0.289         0.290
 CON06          0.460         0.467         0.399         0.356         0.358
 DEO01          0.369         0.375         0.320         0.286         0.287
 DEO02          0.418         0.424         0.362         0.324         0.325
 DEO03          0.475         0.483         0.412         0.368         0.370
 DEO04          0.533         0.541         0.463         0.413         0.415
 DEO05          0.491         0.498         0.425         0.380         0.381
 DEO06          0.523         0.531         0.454         0.405         0.407
 DEO07          0.514         0.522         0.446         0.399         0.400
 DEO08          0.489         0.496         0.424         0.379         0.380
 REL01          0.485         0.492         0.421         0.376         0.377
 REL02          0.528         0.536         0.458         0.409         0.411
 REL03          0.492         0.500         0.427         0.382         0.383
 REL04          0.511         0.518         0.443         0.396         0.397
 REL05          0.506         0.513         0.439         0.392         0.393


           Model Estimated Correlations
              R01           B02           R02           B03           R03
              ________      ________      ________      ________      ________
 R01            1.000
 B02           -0.258         1.000
 R02            0.412        -0.313         1.000
 B03           -0.293         0.582        -0.356         1.000
 R03            0.335        -0.254         0.406        -0.289         1.000
 B04           -0.385         0.416        -0.467         0.474        -0.379
 R04            0.375        -0.285         0.455        -0.324         0.369
 B05           -0.349         0.377        -0.424         0.430        -0.344
 R05            0.475        -0.361         0.577        -0.410         0.468
 N01            0.240        -0.189         0.292        -0.215         0.237
 P01           -0.195         0.192        -0.237         0.218        -0.192
 N02            0.236        -0.186         0.287        -0.212         0.233
 P02           -0.239         0.235        -0.290         0.268        -0.235
 N03            0.148        -0.116         0.180        -0.133         0.146
 P03           -0.182         0.179        -0.221         0.204        -0.179
 N04            0.235        -0.185         0.286        -0.211         0.232
 P04           -0.249         0.245        -0.302         0.279        -0.245
 N05            0.179        -0.141         0.218        -0.160         0.177
 P05           -0.208         0.205        -0.253         0.233        -0.205
 N06            0.198        -0.156         0.240        -0.177         0.195
 N07            0.182        -0.143         0.221        -0.163         0.179
 P07           -0.249         0.245        -0.302         0.279        -0.245
 N08            0.216        -0.170         0.262        -0.193         0.213
 P08           -0.205         0.202        -0.249         0.229        -0.202
 N09            0.203        -0.159         0.246        -0.181         0.200
 P09           -0.141         0.139        -0.171         0.158        -0.139
 N10            0.237        -0.186         0.288        -0.212         0.234
 P10           -0.186         0.183        -0.226         0.208        -0.183
 TRUST01       -0.129         0.095        -0.157         0.108        -0.128
 TRUST02       -0.086         0.063        -0.105         0.072        -0.085
 TRUST03       -0.076         0.056        -0.092         0.063        -0.075
 TRUST04       -0.125         0.091        -0.152         0.104        -0.123
 TRUST05       -0.125         0.091        -0.152         0.104        -0.123
 TRUST06       -0.090         0.066        -0.109         0.075        -0.089
 TRUST07       -0.083         0.061        -0.101         0.069        -0.082
 HED01         -0.272         0.270        -0.331         0.307        -0.268
 HED03         -0.165         0.163        -0.200         0.186        -0.162
 HED04         -0.282         0.280        -0.343         0.318        -0.278
 HED05         -0.239         0.237        -0.290         0.269        -0.236
 HED06         -0.271         0.268        -0.329         0.305        -0.267
 HED07         -0.275         0.273        -0.334         0.310        -0.271
 HED08         -0.257         0.254        -0.312         0.290        -0.253
 HED09         -0.276         0.273        -0.335         0.311        -0.272
 UTI01         -0.279         0.276        -0.339         0.314        -0.275
 UTI02         -0.290         0.287        -0.352         0.327        -0.286
 UTI03         -0.278         0.276        -0.338         0.314        -0.274
 UTI04         -0.304         0.301        -0.369         0.343        -0.300
 UTI05         -0.286         0.283        -0.347         0.322        -0.282
 UTI06         -0.281         0.278        -0.341         0.316        -0.277
 UTI07         -0.267         0.264        -0.324         0.301        -0.263
 UTI08         -0.271         0.269        -0.330         0.306        -0.267
 UTI09         -0.291         0.288        -0.353         0.328        -0.287
 CON01         -0.283         0.280        -0.343         0.319        -0.279
 CON02         -0.281         0.278        -0.341         0.317        -0.277
 CON03         -0.256         0.254        -0.311         0.289        -0.253
 CON04         -0.260         0.258        -0.316         0.294        -0.257
 CON05         -0.216         0.214        -0.262         0.244        -0.213
 CON06         -0.266         0.264        -0.323         0.300        -0.262
 DEO01         -0.213         0.211        -0.259         0.241        -0.210
 DEO02         -0.242         0.240        -0.294         0.273        -0.238
 DEO03         -0.275         0.272        -0.334         0.310        -0.271
 DEO04         -0.308         0.306        -0.375         0.348        -0.304
 DEO05         -0.284         0.281        -0.345         0.320        -0.280
 DEO06         -0.303         0.300        -0.368         0.341        -0.298
 DEO07         -0.297         0.295        -0.361         0.335        -0.293
 DEO08         -0.283         0.280        -0.343         0.319        -0.279
 REL01         -0.281         0.278        -0.341         0.316        -0.277
 REL02         -0.306         0.303        -0.371         0.344        -0.301
 REL03         -0.285         0.282        -0.346         0.321        -0.281
 REL04         -0.295         0.293        -0.359         0.333        -0.291
 REL05         -0.292         0.290        -0.355         0.330        -0.288


           Model Estimated Correlations
              B04           R04           B05           R05           N01
              ________      ________      ________      ________      ________
 B04            1.000
 R04           -0.425         1.000
 B05            0.563        -0.385         1.000
 R05           -0.538         0.524        -0.488         1.000
 N01           -0.282         0.265        -0.255         0.336         1.000
 P01            0.286        -0.215         0.259        -0.273        -0.088
 N02           -0.278         0.261        -0.252         0.331         0.700
 P02            0.351        -0.264         0.318        -0.334        -0.108
 N03           -0.174         0.163        -0.158         0.207         0.438
 P03            0.267        -0.201         0.242        -0.255        -0.082
 N04           -0.276         0.260        -0.251         0.330         0.697
 P04            0.365        -0.275         0.331        -0.348        -0.112
 N05           -0.210         0.198        -0.191         0.251         0.530
 P05            0.305        -0.230         0.277        -0.291        -0.094
 N06           -0.232         0.218        -0.210         0.277         0.585
 N07           -0.214         0.201        -0.194         0.255         0.539
 P07            0.366        -0.275         0.331        -0.348        -0.112
 N08           -0.253         0.238        -0.230         0.302         0.639
 P08            0.301        -0.226         0.273        -0.286        -0.092
 N09           -0.238         0.224        -0.216         0.283         0.600
 P09            0.207        -0.155         0.188        -0.197        -0.063
 N10           -0.278         0.262        -0.252         0.332         0.701
 P10            0.273        -0.205         0.247        -0.260        -0.084
 TRUST01        0.141        -0.143         0.128        -0.181        -0.072
 TRUST02        0.094        -0.095         0.085        -0.121        -0.048
 TRUST03        0.083        -0.084         0.075        -0.106        -0.042
 TRUST04        0.136        -0.138         0.124        -0.175        -0.069
 TRUST05        0.136        -0.138         0.124        -0.175        -0.069
 TRUST06        0.098        -0.099         0.089        -0.126        -0.050
 TRUST07        0.091        -0.092         0.082        -0.117        -0.046
 HED01          0.403        -0.301         0.365        -0.381        -0.185
 HED03          0.243        -0.182         0.221        -0.231        -0.112
 HED04          0.417        -0.312         0.378        -0.395        -0.192
 HED05          0.353        -0.264         0.320        -0.335        -0.163
 HED06          0.400        -0.299         0.363        -0.379        -0.184
 HED07          0.407        -0.304         0.369        -0.385        -0.187
 HED08          0.380        -0.284         0.344        -0.359        -0.175
 HED09          0.408        -0.305         0.370        -0.386        -0.188
 UTI01          0.412        -0.308         0.373        -0.390        -0.190
 UTI02          0.428        -0.320         0.388        -0.405        -0.197
 UTI03          0.411        -0.307         0.373        -0.390        -0.189
 UTI04          0.449        -0.336         0.407        -0.425        -0.207
 UTI05          0.422        -0.316         0.383        -0.400        -0.194
 UTI06          0.415        -0.310         0.376        -0.393        -0.191
 UTI07          0.394        -0.295         0.357        -0.373        -0.181
 UTI08          0.401        -0.300         0.363        -0.380        -0.185
 UTI09          0.430        -0.321         0.390        -0.407        -0.198
 CON01          0.418        -0.312         0.379        -0.395        -0.192
 CON02          0.415        -0.310         0.376        -0.393        -0.191
 CON03          0.379        -0.283         0.343        -0.358        -0.174
 CON04          0.385        -0.288         0.349        -0.364        -0.177
 CON05          0.319        -0.239         0.290        -0.302        -0.147
 CON06          0.393        -0.294         0.356        -0.372        -0.181
 DEO01          0.315        -0.236         0.286        -0.299        -0.145
 DEO02          0.357        -0.267         0.324        -0.338        -0.164
 DEO03          0.406        -0.304         0.368        -0.385        -0.187
 DEO04          0.456        -0.341         0.413        -0.432        -0.210
 DEO05          0.419        -0.313         0.380        -0.397        -0.193
 DEO06          0.447        -0.334         0.405        -0.423        -0.206
 DEO07          0.440        -0.329         0.399        -0.416        -0.202
 DEO08          0.418        -0.312         0.379        -0.396        -0.192
 REL01          0.415        -0.310         0.376        -0.393        -0.191
 REL02          0.452        -0.337         0.409        -0.428        -0.208
 REL03          0.421        -0.315         0.382        -0.399        -0.194
 REL04          0.437        -0.326         0.396        -0.413        -0.201
 REL05          0.432        -0.323         0.392        -0.409        -0.199


           Model Estimated Correlations
              P01           N02           P02           N03           P03
              ________      ________      ________      ________      ________
 P01            1.000
 N02           -0.086         1.000
 P02            0.544        -0.106         1.000
 N03           -0.054         0.432        -0.066         1.000
 P03            0.414        -0.081         0.508        -0.051         1.000
 N04           -0.086         0.687        -0.106         0.430        -0.080
 P04            0.566        -0.110         0.695        -0.069         0.529
 N05           -0.065         0.522        -0.080         0.327        -0.061
 P05            0.473        -0.092         0.581        -0.058         0.442
 N06           -0.072         0.577        -0.089         0.361        -0.067
 N07           -0.067         0.531        -0.082         0.637        -0.062
 P07            0.567        -0.110         0.695        -0.069         0.529
 N08           -0.079         0.630        -0.097         0.394        -0.074
 P08            0.466        -0.091         0.572        -0.057         0.435
 N09           -0.074         0.591        -0.091         0.370        -0.069
 P09            0.549        -0.062         0.393        -0.039         0.300
 N10           -0.087         0.691        -0.106         0.432        -0.081
 P10            0.423        -0.082         0.518        -0.052         0.576
 TRUST01        0.140        -0.071         0.171        -0.044         0.130
 TRUST02        0.093        -0.047         0.114        -0.029         0.087
 TRUST03        0.082        -0.041         0.101        -0.026         0.077
 TRUST04        0.135        -0.068         0.165        -0.043         0.126
 TRUST05        0.135        -0.068         0.165        -0.043         0.126
 TRUST06        0.097        -0.049         0.119        -0.031         0.091
 TRUST07        0.090        -0.045         0.110        -0.028         0.084
 HED01          0.223        -0.183         0.274        -0.114         0.208
 HED03          0.135        -0.110         0.165        -0.069         0.126
 HED04          0.231        -0.189         0.284        -0.118         0.216
 HED05          0.196        -0.160         0.240        -0.100         0.183
 HED06          0.222        -0.181         0.272        -0.114         0.207
 HED07          0.225        -0.184         0.277        -0.115         0.211
 HED08          0.210        -0.172         0.258        -0.108         0.197
 HED09          0.226        -0.185         0.277        -0.116         0.211
 UTI01          0.228        -0.187         0.280        -0.117         0.213
 UTI02          0.237        -0.194         0.291        -0.122         0.222
 UTI03          0.228        -0.187         0.280        -0.117         0.213
 UTI04          0.249        -0.204         0.305        -0.127         0.233
 UTI05          0.234        -0.192         0.287        -0.120         0.219
 UTI06          0.230        -0.188         0.282        -0.118         0.215
 UTI07          0.218        -0.179         0.268        -0.112         0.204
 UTI08          0.222        -0.182         0.272        -0.114         0.208
 UTI09          0.238        -0.195         0.292        -0.122         0.223
 CON01          0.231        -0.189         0.284        -0.119         0.216
 CON02          0.230        -0.188         0.282        -0.118         0.215
 CON03          0.210        -0.172         0.257        -0.107         0.196
 CON04          0.213        -0.175         0.262        -0.109         0.199
 CON05          0.177        -0.145         0.217        -0.091         0.165
 CON06          0.218        -0.178         0.267        -0.112         0.204
 DEO01          0.175        -0.143         0.214        -0.090         0.163
 DEO02          0.198        -0.162         0.243        -0.101         0.185
 DEO03          0.225        -0.184         0.276        -0.115         0.210
 DEO04          0.253        -0.207         0.310        -0.129         0.236
 DEO05          0.232        -0.190         0.285        -0.119         0.217
 DEO06          0.248        -0.203         0.304        -0.127         0.232
 DEO07          0.244        -0.199         0.299        -0.125         0.228
 DEO08          0.231        -0.189         0.284        -0.119         0.216
 REL01          0.230        -0.188         0.282        -0.118         0.215
 REL02          0.250        -0.205         0.307        -0.128         0.234
 REL03          0.233        -0.191         0.286        -0.119         0.218
 REL04          0.242        -0.198         0.297        -0.124         0.226
 REL05          0.240        -0.196         0.294        -0.123         0.224


           Model Estimated Correlations
              N04           P04           N05           P05           N06
              ________      ________      ________      ________      ________
 N04            1.000
 P04           -0.110         1.000
 N05            0.520        -0.084         1.000
 P05           -0.092         0.605        -0.070         1.000
 N06            0.574        -0.092         0.615        -0.077         1.000
 N07            0.529        -0.085         0.402        -0.071         0.444
 P07           -0.110         0.724        -0.084         0.605        -0.092
 N08            0.627        -0.101         0.477        -0.084         0.526
 P08           -0.090         0.595        -0.069         0.498        -0.076
 N09            0.588        -0.095         0.447        -0.079         0.494
 P09           -0.062         0.409        -0.047         0.342        -0.052
 N10            0.820        -0.111         0.523        -0.092         0.578
 P10           -0.082         0.540        -0.062         0.451        -0.069
 TRUST01       -0.070         0.178        -0.053         0.149        -0.059
 TRUST02       -0.047         0.119        -0.036         0.099        -0.039
 TRUST03       -0.041         0.105        -0.031         0.088        -0.035
 TRUST04       -0.068         0.172        -0.052         0.144        -0.057
 TRUST05       -0.068         0.172        -0.052         0.144        -0.057
 TRUST06       -0.049         0.124        -0.037         0.103        -0.041
 TRUST07       -0.045         0.115        -0.034         0.096        -0.038
 HED01         -0.182         0.285        -0.138         0.238        -0.153
 HED03         -0.110         0.172        -0.084         0.144        -0.092
 HED04         -0.188         0.295        -0.143         0.247        -0.158
 HED05         -0.160         0.250        -0.121         0.209        -0.134
 HED06         -0.181         0.283        -0.137         0.237        -0.152
 HED07         -0.184         0.288        -0.140         0.241        -0.154
 HED08         -0.171         0.269        -0.130         0.225        -0.144
 HED09         -0.184         0.289        -0.140         0.241        -0.155
 UTI01         -0.186         0.291        -0.141         0.244        -0.156
 UTI02         -0.193         0.303        -0.147         0.253        -0.162
 UTI03         -0.186         0.291        -0.141         0.243        -0.156
 UTI04         -0.203         0.318        -0.154         0.266        -0.170
 UTI05         -0.191         0.299        -0.145         0.250        -0.160
 UTI06         -0.187         0.294        -0.142         0.246        -0.157
 UTI07         -0.178         0.279        -0.135         0.233        -0.149
 UTI08         -0.181         0.284        -0.138         0.237        -0.152
 UTI09         -0.194         0.304        -0.148         0.254        -0.163
 CON01         -0.189         0.296        -0.143         0.247        -0.158
 CON02         -0.187         0.294        -0.143         0.246        -0.157
 CON03         -0.171         0.268        -0.130         0.224        -0.144
 CON04         -0.174         0.272        -0.132         0.228        -0.146
 CON05         -0.144         0.226        -0.110         0.189        -0.121
 CON06         -0.178         0.278        -0.135         0.233        -0.149
 DEO01         -0.142         0.223        -0.108         0.187        -0.120
 DEO02         -0.161         0.253        -0.123         0.211        -0.135
 DEO03         -0.184         0.288        -0.140         0.240        -0.154
 DEO04         -0.206         0.323        -0.157         0.270        -0.173
 DEO05         -0.189         0.297        -0.144         0.248        -0.159
 DEO06         -0.202         0.317        -0.154         0.265        -0.170
 DEO07         -0.199         0.311        -0.151         0.260        -0.167
 DEO08         -0.189         0.296        -0.143         0.247        -0.158
 REL01         -0.187         0.294        -0.142         0.245        -0.157
 REL02         -0.204         0.320        -0.155         0.267        -0.171
 REL03         -0.190         0.298        -0.145         0.249        -0.160
 REL04         -0.197         0.309        -0.150         0.258        -0.166
 REL05         -0.195         0.306        -0.148         0.256        -0.164


           Model Estimated Correlations
              N07           P07           N08           P08           N09
              ________      ________      ________      ________      ________
 N07            1.000
 P07           -0.085         1.000
 N08            0.485        -0.101         1.000
 P08           -0.070         0.595        -0.083         1.000
 N09            0.455        -0.095         0.539        -0.078         1.000
 P09           -0.048         0.410        -0.057         0.337        -0.053
 N10            0.532        -0.111         0.631        -0.091         0.592
 P10           -0.063         0.540        -0.075         0.444        -0.071
 TRUST01       -0.054         0.178        -0.064         0.147        -0.060
 TRUST02       -0.036         0.119        -0.043         0.098        -0.040
 TRUST03       -0.032         0.105        -0.038         0.086        -0.035
 TRUST04       -0.052         0.172        -0.062         0.142        -0.058
 TRUST05       -0.052         0.172        -0.062         0.142        -0.058
 TRUST06       -0.038         0.124        -0.045         0.102        -0.042
 TRUST07       -0.035         0.115        -0.041         0.094        -0.039
 HED01         -0.141         0.285        -0.167         0.234        -0.156
 HED03         -0.085         0.172        -0.101         0.142        -0.095
 HED04         -0.146         0.295        -0.173         0.243        -0.162
 HED05         -0.123         0.250        -0.146         0.206        -0.137
 HED06         -0.140         0.283        -0.166         0.233        -0.155
 HED07         -0.142         0.288        -0.168         0.237        -0.158
 HED08         -0.133         0.269        -0.157         0.221        -0.147
 HED09         -0.142         0.289        -0.169         0.237        -0.158
 UTI01         -0.144         0.292        -0.171         0.240        -0.160
 UTI02         -0.149         0.303        -0.177         0.249        -0.166
 UTI03         -0.144         0.291        -0.170         0.240        -0.160
 UTI04         -0.157         0.318        -0.186         0.262        -0.174
 UTI05         -0.147         0.299        -0.175         0.246        -0.164
 UTI06         -0.145         0.294        -0.172         0.242        -0.161
 UTI07         -0.138         0.279        -0.163         0.230        -0.153
 UTI08         -0.140         0.284        -0.166         0.233        -0.156
 UTI09         -0.150         0.304        -0.178         0.250        -0.167
 CON01         -0.146         0.296        -0.173         0.243        -0.162
 CON02         -0.145         0.294        -0.172         0.242        -0.161
 CON03         -0.132         0.268        -0.157         0.221        -0.147
 CON04         -0.134         0.272        -0.159         0.224        -0.149
 CON05         -0.111         0.226        -0.132         0.186        -0.124
 CON06         -0.137         0.278        -0.163         0.229        -0.153
 DEO01         -0.110         0.223        -0.131         0.184        -0.122
 DEO02         -0.125         0.253        -0.148         0.208        -0.139
 DEO03         -0.142         0.288        -0.168         0.237        -0.158
 DEO04         -0.159         0.323        -0.189         0.266        -0.177
 DEO05         -0.146         0.297        -0.174         0.244        -0.163
 DEO06         -0.156         0.317        -0.185         0.260        -0.174
 DEO07         -0.154         0.311        -0.182         0.256        -0.171
 DEO08         -0.146         0.296        -0.173         0.243        -0.162
 REL01         -0.145         0.294        -0.172         0.242        -0.161
 REL02         -0.158         0.320        -0.187         0.263        -0.175
 REL03         -0.147         0.298        -0.174         0.245        -0.164
 REL04         -0.152         0.309        -0.181         0.254        -0.170
 REL05         -0.151         0.306        -0.179         0.252        -0.168


           Model Estimated Correlations
              P09           N10           P10           TRUST01       TRUST02
              ________      ________      ________      ________      ________
 P09            1.000
 N10           -0.063         1.000
 P10            0.501        -0.082         1.000
 TRUST01        0.101        -0.071         0.133         1.000
 TRUST02        0.067        -0.047         0.089         0.549         1.000
 TRUST03        0.059        -0.042         0.078         0.484         0.639
 TRUST04        0.098        -0.068         0.129         0.797         0.531
 TRUST05        0.098        -0.068         0.129         0.797         0.531
 TRUST06        0.070        -0.049         0.092         0.572         0.381
 TRUST07        0.065        -0.045         0.086         0.530         0.353
 HED01          0.161        -0.183         0.213         0.120         0.080
 HED03          0.098        -0.111         0.129         0.072         0.048
 HED04          0.167        -0.190         0.220         0.124         0.083
 HED05          0.142        -0.161         0.187         0.105         0.070
 HED06          0.160        -0.182         0.211         0.119         0.079
 HED07          0.163        -0.185         0.215         0.121         0.081
 HED08          0.152        -0.172         0.201         0.113         0.075
 HED09          0.163        -0.185         0.215         0.121         0.081
 UTI01          0.165        -0.187         0.218         0.123         0.082
 UTI02          0.171        -0.194         0.226         0.127         0.085
 UTI03          0.165        -0.187         0.217         0.123         0.082
 UTI04          0.180        -0.204         0.237         0.134         0.089
 UTI05          0.169        -0.192         0.223         0.126         0.084
 UTI06          0.166        -0.189         0.219         0.124         0.082
 UTI07          0.158        -0.179         0.208         0.117         0.078
 UTI08          0.161        -0.182         0.212         0.119         0.080
 UTI09          0.172        -0.195         0.227         0.128         0.085
 CON01          0.167        -0.190         0.221         0.124         0.083
 CON02          0.166        -0.189         0.219         0.124         0.082
 CON03          0.152        -0.172         0.200         0.113         0.075
 CON04          0.154        -0.175         0.203         0.115         0.076
 CON05          0.128        -0.145         0.169         0.095         0.063
 CON06          0.157        -0.179         0.208         0.117         0.078
 DEO01          0.126        -0.143         0.167         0.094         0.063
 DEO02          0.143        -0.162         0.189         0.106         0.071
 DEO03          0.163        -0.185         0.215         0.121         0.081
 DEO04          0.183        -0.207         0.241         0.136         0.090
 DEO05          0.168        -0.191         0.222         0.125         0.083
 DEO06          0.179        -0.203         0.236         0.133         0.089
 DEO07          0.176        -0.200         0.232         0.131         0.087
 DEO08          0.167        -0.190         0.221         0.124         0.083
 REL01          0.166        -0.188         0.219         0.124         0.082
 REL02          0.181        -0.205         0.239         0.134         0.090
 REL03          0.169        -0.191         0.222         0.125         0.084
 REL04          0.175        -0.198         0.231         0.130         0.087
 REL05          0.173        -0.196         0.228         0.129         0.086


           Model Estimated Correlations
              TRUST03       TRUST04       TRUST05       TRUST06       TRUST07
              ________      ________      ________      ________      ________
 TRUST03        1.000
 TRUST04        0.468         1.000
 TRUST05        0.468         0.861         1.000
 TRUST06        0.336         0.553         0.553         1.000
 TRUST07        0.312         0.513         0.513         0.689         1.000
 HED01          0.070         0.116         0.116         0.083         0.077
 HED03          0.043         0.070         0.070         0.050         0.047
 HED04          0.073         0.120         0.120         0.086         0.080
 HED05          0.062         0.102         0.102         0.073         0.068
 HED06          0.070         0.115         0.115         0.083         0.077
 HED07          0.071         0.117         0.117         0.084         0.078
 HED08          0.066         0.109         0.109         0.078         0.073
 HED09          0.071         0.117         0.117         0.084         0.078
 UTI01          0.072         0.119         0.119         0.085         0.079
 UTI02          0.075         0.123         0.123         0.088         0.082
 UTI03          0.072         0.118         0.118         0.085         0.079
 UTI04          0.079         0.129         0.129         0.093         0.086
 UTI05          0.074         0.122         0.122         0.087         0.081
 UTI06          0.073         0.119         0.119         0.086         0.079
 UTI07          0.069         0.113         0.113         0.081         0.076
 UTI08          0.070         0.115         0.115         0.083         0.077
 UTI09          0.075         0.124         0.124         0.089         0.082
 CON01          0.073         0.120         0.120         0.086         0.080
 CON02          0.073         0.119         0.119         0.086         0.079
 CON03          0.066         0.109         0.109         0.078         0.073
 CON04          0.067         0.111         0.111         0.080         0.074
 CON05          0.056         0.092         0.092         0.066         0.061
 CON06          0.069         0.113         0.113         0.081         0.075
 DEO01          0.055         0.091         0.091         0.065         0.060
 DEO02          0.063         0.103         0.103         0.074         0.068
 DEO03          0.071         0.117         0.117         0.084         0.078
 DEO04          0.080         0.131         0.131         0.094         0.087
 DEO05          0.073         0.121         0.121         0.087         0.080
 DEO06          0.078         0.129         0.129         0.092         0.086
 DEO07          0.077         0.127         0.127         0.091         0.084
 DEO08          0.073         0.120         0.120         0.086         0.080
 REL01          0.073         0.119         0.119         0.086         0.079
 REL02          0.079         0.130         0.130         0.093         0.086
 REL03          0.074         0.121         0.121         0.087         0.081
 REL04          0.076         0.126         0.126         0.090         0.084
 REL05          0.076         0.124         0.124         0.089         0.083


           Model Estimated Correlations
              HED01         HED03         HED04         HED05         HED06
              ________      ________      ________      ________      ________
 HED01          1.000
 HED03          0.424         1.000
 HED04          0.726         0.439         1.000
 HED05          0.615         0.372         0.637         1.000
 HED06          0.696         0.421         0.722         0.611         1.000
 HED07          0.708         0.428         0.734         0.621         0.704
 HED08          0.661         0.400         0.685         0.580         0.657
 HED09          0.710         0.429         0.736         0.623         0.705
 UTI01          0.498         0.301         0.516         0.437         0.495
 UTI02          0.518         0.313         0.537         0.454         0.514
 UTI03          0.497         0.301         0.516         0.437         0.494
 UTI04          0.543         0.328         0.563         0.477         0.540
 UTI05          0.511         0.309         0.529         0.448         0.507
 UTI06          0.502         0.303         0.520         0.440         0.499
 UTI07          0.477         0.288         0.494         0.418         0.474
 UTI08          0.485         0.293         0.502         0.425         0.482
 UTI09          0.520         0.314         0.539         0.456         0.516
 CON01          0.505         0.305         0.524         0.443         0.502
 CON02          0.502         0.303         0.520         0.440         0.499
 CON03          0.458         0.277         0.475         0.402         0.455
 CON04          0.465         0.281         0.482         0.408         0.462
 CON05          0.386         0.233         0.400         0.339         0.384
 CON06          0.475         0.287         0.493         0.417         0.472
 DEO01          0.381         0.231         0.395         0.335         0.379
 DEO02          0.432         0.261         0.448         0.379         0.429
 DEO03          0.491         0.297         0.509         0.431         0.488
 DEO04          0.551         0.333         0.572         0.484         0.548
 DEO05          0.507         0.307         0.526         0.445         0.504
 DEO06          0.541         0.327         0.561         0.475         0.537
 DEO07          0.532         0.322         0.551         0.467         0.528
 DEO08          0.505         0.305         0.524         0.443         0.502
 REL01          0.501         0.303         0.520         0.440         0.498
 REL02          0.546         0.330         0.566         0.479         0.543
 REL03          0.509         0.308         0.528         0.447         0.506
 REL04          0.528         0.319         0.547         0.463         0.525
 REL05          0.523         0.316         0.542         0.459         0.519


           Model Estimated Correlations
              HED07         HED08         HED09         UTI01         UTI02
              ________      ________      ________      ________      ________
 HED07          1.000
 HED08          0.668         1.000
 HED09          0.717         0.669         1.000
 UTI01          0.503         0.470         0.504         1.000
 UTI02          0.523         0.488         0.524         0.736         1.000
 UTI03          0.503         0.469         0.504         0.708         0.736
 UTI04          0.549         0.512         0.550         0.772         0.803
 UTI05          0.516         0.482         0.517         0.726         0.755
 UTI06          0.507         0.473         0.508         0.714         0.742
 UTI07          0.482         0.450         0.483         0.678         0.705
 UTI08          0.490         0.457         0.491         0.689         0.717
 UTI09          0.525         0.490         0.526         0.739         0.768
 CON01          0.510         0.476         0.512         0.517         0.537
 CON02          0.507         0.473         0.508         0.513         0.534
 CON03          0.463         0.432         0.464         0.468         0.487
 CON04          0.470         0.439         0.471         0.476         0.495
 CON05          0.390         0.364         0.391         0.395         0.411
 CON06          0.480         0.448         0.482         0.486         0.506
 DEO01          0.385         0.360         0.386         0.390         0.406
 DEO02          0.437         0.407         0.438         0.442         0.459
 DEO03          0.497         0.463         0.498         0.503         0.522
 DEO04          0.557         0.520         0.558         0.564         0.586
 DEO05          0.513         0.478         0.514         0.519         0.539
 DEO06          0.546         0.510         0.548         0.553         0.575
 DEO07          0.537         0.501         0.539         0.544         0.565
 DEO08          0.510         0.476         0.512         0.517         0.537
 REL01          0.507         0.473         0.508         0.513         0.533
 REL02          0.552         0.515         0.553         0.559         0.581
 REL03          0.514         0.480         0.516         0.521         0.541
 REL04          0.533         0.498         0.535         0.540         0.561
 REL05          0.528         0.493         0.529         0.535         0.556


           Model Estimated Correlations
              UTI03         UTI04         UTI05         UTI06         UTI07
              ________      ________      ________      ________      ________
 UTI03          1.000
 UTI04          0.772         1.000
 UTI05          0.726         0.792         1.000
 UTI06          0.713         0.778         0.732         1.000
 UTI07          0.677         0.739         0.695         0.683         1.000
 UTI08          0.689         0.752         0.707         0.695         0.660
 UTI09          0.738         0.806         0.758         0.745         0.708
 CON01          0.516         0.563         0.530         0.521         0.495
 CON02          0.513         0.560         0.526         0.517         0.491
 CON03          0.468         0.511         0.480         0.472         0.448
 CON04          0.476         0.519         0.488         0.480         0.456
 CON05          0.395         0.431         0.405         0.398         0.378
 CON06          0.486         0.530         0.499         0.490         0.466
 DEO01          0.390         0.425         0.400         0.393         0.373
 DEO02          0.442         0.482         0.453         0.445         0.423
 DEO03          0.502         0.548         0.515         0.506         0.481
 DEO04          0.564         0.615         0.578         0.568         0.540
 DEO05          0.518         0.566         0.532         0.523         0.497
 DEO06          0.553         0.603         0.567         0.557         0.530
 DEO07          0.543         0.593         0.558         0.548         0.521
 DEO08          0.516         0.564         0.530         0.521         0.495
 REL01          0.513         0.559         0.526         0.517         0.491
 REL02          0.558         0.609         0.573         0.563         0.535
 REL03          0.520         0.568         0.534         0.525         0.499
 REL04          0.540         0.589         0.554         0.544         0.517
 REL05          0.534         0.583         0.548         0.539         0.512


           Model Estimated Correlations
              UTI08         UTI09         CON01         CON02         CON03
              ________      ________      ________      ________      ________
 UTI08          1.000
 UTI09          0.719         1.000
 CON01          0.503         0.539         1.000
 CON02          0.500         0.536         0.836         1.000
 CON03          0.456         0.489         0.763         0.758         1.000
 CON04          0.463         0.497         0.775         0.771         0.703
 CON05          0.384         0.412         0.643         0.639         0.583
 CON06          0.473         0.508         0.792         0.787         0.718
 DEO01          0.380         0.407         0.396         0.393         0.359
 DEO02          0.430         0.461         0.448         0.445         0.406
 DEO03          0.489         0.525         0.510         0.507         0.462
 DEO04          0.549         0.589         0.572         0.568         0.519
 DEO05          0.505         0.541         0.526         0.523         0.477
 DEO06          0.538         0.577         0.561         0.557         0.509
 DEO07          0.529         0.568         0.552         0.548         0.500
 DEO08          0.503         0.539         0.524         0.521         0.475
 REL01          0.499         0.535         0.520         0.517         0.472
 REL02          0.544         0.583         0.567         0.563         0.514
 REL03          0.507         0.543         0.528         0.525         0.479
 REL04          0.526         0.564         0.548         0.544         0.497
 REL05          0.521         0.558         0.542         0.539         0.492


           Model Estimated Correlations
              CON04         CON05         CON06         DEO01         DEO02
              ________      ________      ________      ________      ________
 CON04          1.000
 CON05          0.593         1.000
 CON06          0.730         0.606         1.000
 DEO01          0.365         0.302         0.372         1.000
 DEO02          0.413         0.343         0.422         0.438         1.000
 DEO03          0.470         0.390         0.480         0.498         0.564
 DEO04          0.527         0.437         0.538         0.558         0.633
 DEO05          0.485         0.402         0.495         0.514         0.582
 DEO06          0.517         0.429         0.528         0.548         0.621
 DEO07          0.508         0.422         0.519         0.539         0.610
 DEO08          0.483         0.401         0.493         0.512         0.580
 REL01          0.479         0.398         0.490         0.393         0.445
 REL02          0.522         0.433         0.533         0.428         0.485
 REL03          0.487         0.404         0.497         0.399         0.452
 REL04          0.505         0.419         0.516         0.414         0.469
 REL05          0.500         0.415         0.511         0.410         0.464


           Model Estimated Correlations
              DEO03         DEO04         DEO05         DEO06         DEO07
              ________      ________      ________      ________      ________
 DEO03          1.000
 DEO04          0.720         1.000
 DEO05          0.662         0.743         1.000
 DEO06          0.706         0.792         0.728         1.000
 DEO07          0.694         0.779         0.716         0.764         1.000
 DEO08          0.659         0.740         0.680         0.726         0.713
 REL01          0.506         0.568         0.522         0.557         0.548
 REL02          0.551         0.618         0.569         0.607         0.596
 REL03          0.514         0.577         0.530         0.565         0.556
 REL04          0.533         0.598         0.550         0.586         0.577
 REL05          0.528         0.592         0.545         0.581         0.571


           Model Estimated Correlations
              DEO08         REL01         REL02         REL03         REL04
              ________      ________      ________      ________      ________
 DEO08          1.000
 REL01          0.520         1.000
 REL02          0.567         0.797         1.000
 REL03          0.528         0.743         0.809         1.000
 REL04          0.548         0.770         0.839         0.782         1.000
 REL05          0.542         0.763         0.831         0.774         0.803


           Model Estimated Correlations
              REL05
              ________
 REL05          1.000


           Residuals for Covariances
              BI01          GEN01         BI02          GENR02        BIR03
              ________      ________      ________      ________      ________
 BI01          -0.004
 GEN01          0.012        -0.004
 BI02           0.047         0.050        -0.004
 GENR02        -0.073        -0.041        -0.057        -0.004
 BIR03         -0.076        -0.044        -0.116         0.184        -0.003
 GEN03          0.016         0.021        -0.018        -0.052        -0.026
 BIR04         -0.083        -0.048        -0.106         0.104         0.207
 GENR04        -0.002        -0.062        -0.055         0.172         0.146
 BI05           0.015        -0.006        -0.007        -0.035        -0.022
 GEN05         -0.021         0.009        -0.004        -0.021        -0.022
 BIR06         -0.010        -0.066        -0.062         0.138         0.136
 BI07           0.008         0.005         0.023        -0.063        -0.042
 BIR08         -0.064        -0.060        -0.021         0.159         0.097
 BI09          -0.020         0.034         0.113        -0.046        -0.104
 B01            0.012         0.041        -0.017        -0.018        -0.022
 R01            0.071         0.069         0.012         0.037         0.002
 B02            0.020         0.049         0.044        -0.006        -0.009
 R02           -0.009         0.019         0.026        -0.025         0.013
 B03           -0.024         0.028        -0.024        -0.002         0.012
 R03            0.015         0.025         0.016         0.048         0.075
 B04           -0.001        -0.016        -0.016        -0.028        -0.049
 R04            0.039         0.044         0.066        -0.007         0.065
 B05            0.019        -0.001         0.018        -0.015        -0.072
 R05           -0.007        -0.061        -0.018        -0.054        -0.050
 N01            0.077         0.049         0.108        -0.050        -0.102
 P01            0.016         0.060         0.139        -0.052        -0.095
 N02            0.034        -0.002         0.027        -0.069        -0.098
 P02            0.036         0.089         0.145         0.028        -0.052
 N03            0.196         0.154         0.173         0.082         0.053
 P03           -0.102        -0.116         0.012        -0.160        -0.242
 N04            0.108         0.055         0.082        -0.009        -0.038
 P04            0.131         0.130         0.211         0.071        -0.025
 N05           -0.231        -0.281        -0.218        -0.363        -0.315
 P05            0.053         0.053         0.105        -0.001        -0.096
 N06           -0.118        -0.142        -0.118        -0.158        -0.227
 N07            0.083         0.051         0.063        -0.038        -0.099
 P07            0.054         0.077         0.209        -0.022        -0.091
 N08            0.139         0.135         0.160        -0.014        -0.030
 P08           -0.093        -0.091         0.048        -0.215        -0.236
 N09            0.075         0.053         0.090        -0.034        -0.127
 P09           -0.132        -0.078         0.004        -0.188        -0.225
 N10            0.084         0.072         0.117        -0.085        -0.098
 P10           -0.117        -0.124        -0.013        -0.186        -0.222
 TRUST01       -0.175        -0.105         0.059        -0.142        -0.347
 TRUST02       -0.134        -0.052        -0.010        -0.303        -0.249
 TRUST03       -0.182        -0.085         0.049        -0.046        -0.138
 TRUST04       -0.274        -0.151        -0.044        -0.252        -0.347
 TRUST05       -0.205        -0.053         0.034        -0.229        -0.306
 TRUST06        0.199         0.309         0.321         0.105        -0.006
 TRUST07        0.326         0.375         0.369         0.176         0.026
 HED01          0.061         0.055         0.037         0.091         0.024
 HED03         -0.310        -0.244        -0.219        -0.201        -0.287
 HED04         -0.003         0.076         0.060         0.067        -0.026
 HED05         -0.200        -0.156        -0.131        -0.219        -0.177
 HED06         -0.118        -0.055        -0.057        -0.082        -0.159
 HED07         -0.045         0.046         0.014         0.033         0.003
 HED08         -0.128        -0.099        -0.103        -0.146        -0.175
 HED09         -0.039         0.098         0.028         0.041         0.054
 UTI01         -0.110        -0.048        -0.091        -0.064        -0.045
 UTI02         -0.099        -0.061        -0.054        -0.062        -0.021
 UTI03         -0.142        -0.040        -0.093        -0.037        -0.016
 UTI04         -0.126         0.000        -0.076         0.010         0.029
 UTI05         -0.112        -0.032        -0.078        -0.001        -0.014
 UTI06         -0.159        -0.018        -0.071        -0.052         0.013
 UTI07         -0.023         0.048        -0.027         0.049         0.046
 UTI08         -0.047         0.036         0.000        -0.024         0.039
 UTI09         -0.141         0.010        -0.069         0.029         0.063
 CON01         -0.045         0.052         0.032        -0.041        -0.033
 CON02         -0.085         0.010         0.021        -0.081        -0.131
 CON03         -0.111         0.011        -0.016        -0.037        -0.023
 CON04         -0.177        -0.084        -0.070        -0.093        -0.162
 CON05         -0.060         0.003         0.003        -0.064        -0.159
 CON06         -0.010         0.108         0.075         0.040        -0.040
 DEO01         -0.074        -0.041        -0.022        -0.066        -0.085
 DEO02         -0.010         0.068        -0.028         0.017         0.019
 DEO03         -0.112        -0.049        -0.117        -0.081        -0.069
 DEO04         -0.021         0.072         0.021         0.074         0.023
 DEO05         -0.054         0.025         0.014         0.058         0.040
 DEO06         -0.106        -0.047        -0.106        -0.044        -0.137
 DEO07         -0.102        -0.014        -0.050         0.002        -0.002
 DEO08         -0.208        -0.138        -0.180        -0.194        -0.171
 REL01         -0.090         0.022        -0.064         0.063         0.039
 REL02          0.005         0.093         0.040         0.084         0.132
 REL03         -0.016         0.071         0.006         0.039         0.112
 REL04          0.209         0.266         0.218         0.268         0.257
 REL05         -0.035         0.066         0.034         0.036         0.101


           Residuals for Covariances
              GEN03         BIR04         GENR04        BI05          GEN05
              ________      ________      ________      ________      ________
 GEN03         -0.005
 BIR04         -0.039        -0.002
 GENR04        -0.015         0.082        -0.005
 BI05           0.027        -0.028        -0.049        -0.005
 GEN05         -0.011         0.036        -0.003        -0.027        -0.004
 BIR06         -0.044         0.113         0.126         0.008        -0.031
 BI07           0.008        -0.038        -0.048         0.004        -0.017
 BIR08         -0.068         0.085         0.121        -0.032        -0.011
 BI09          -0.009        -0.086        -0.108         0.024         0.018
 B01           -0.008        -0.035        -0.047        -0.028         0.042
 R01            0.037        -0.055         0.050         0.043         0.042
 B02            0.056        -0.001         0.023         0.015         0.132
 R02            0.009        -0.013        -0.006         0.046        -0.073
 B03            0.018         0.020        -0.021         0.004         0.109
 R03            0.045        -0.036         0.032         0.054         0.002
 B04           -0.012         0.089        -0.024        -0.056         0.083
 R04            0.018         0.000         0.025         0.030        -0.028
 B05           -0.038         0.040        -0.006        -0.042         0.054
 R05           -0.043        -0.082        -0.031        -0.041        -0.085
 N01            0.040        -0.156         0.037         0.016         0.026
 P01           -0.014        -0.080        -0.083        -0.019         0.034
 N02           -0.017        -0.143        -0.008        -0.021        -0.047
 P02            0.035         0.016        -0.016         0.003         0.060
 N03            0.156         0.073         0.118         0.171         0.140
 P03           -0.171        -0.128        -0.175        -0.208        -0.125
 N04            0.045        -0.061         0.078         0.061         0.065
 P04            0.072         0.030         0.051         0.053         0.125
 N05           -0.304        -0.310        -0.275        -0.305        -0.274
 P05            0.000        -0.024        -0.027        -0.038         0.035
 N06           -0.160        -0.163        -0.141        -0.156        -0.152
 N07           -0.001        -0.080        -0.014         0.035        -0.005
 P07            0.001        -0.011        -0.043        -0.008         0.099
 N08            0.107        -0.063         0.100         0.089         0.101
 P08           -0.166        -0.156        -0.199        -0.176        -0.102
 N09            0.049        -0.059         0.061         0.050         0.045
 P09           -0.139        -0.136        -0.218        -0.151        -0.063
 N10            0.033        -0.114         0.004         0.044         0.039
 P10           -0.204        -0.159        -0.219        -0.201        -0.120
 TRUST01       -0.162        -0.073        -0.217        -0.123        -0.043
 TRUST02       -0.086         0.055        -0.201        -0.004         0.052
 TRUST03       -0.014         0.129        -0.092        -0.004         0.072
 TRUST04       -0.168        -0.089        -0.339        -0.190        -0.132
 TRUST05       -0.111        -0.108        -0.251        -0.132        -0.061
 TRUST06        0.194         0.079         0.166         0.256         0.329
 TRUST07        0.321         0.210         0.224         0.394         0.397
 HED01          0.051         0.045         0.071         0.084         0.158
 HED03         -0.276        -0.084        -0.276        -0.279        -0.213
 HED04          0.046         0.027         0.123         0.065         0.146
 HED05         -0.242        -0.132        -0.233        -0.222        -0.109
 HED06         -0.105        -0.132        -0.098        -0.092        -0.015
 HED07         -0.022         0.029        -0.055         0.027         0.032
 HED08         -0.148        -0.139        -0.218        -0.129        -0.092
 HED09          0.039         0.053         0.024         0.086         0.091
 UTI01         -0.099        -0.084        -0.077        -0.081         0.037
 UTI02         -0.064        -0.083        -0.020        -0.050         0.040
 UTI03         -0.072        -0.012        -0.048        -0.050         0.057
 UTI04         -0.067         0.007        -0.021        -0.045         0.067
 UTI05         -0.057         0.007        -0.056        -0.015         0.044
 UTI06         -0.078        -0.012        -0.060        -0.043         0.014
 UTI07         -0.009         0.002         0.033         0.060         0.075
 UTI08          0.008        -0.035        -0.035         0.041         0.052
 UTI09         -0.024         0.043         0.020         0.015         0.101
 CON01          0.008         0.002         0.055         0.018         0.155
 CON02         -0.051        -0.026        -0.016        -0.045         0.109
 CON03          0.013        -0.010         0.008        -0.001         0.100
 CON04         -0.135        -0.107        -0.100        -0.142         0.021
 CON05         -0.034        -0.003        -0.016        -0.023         0.101
 CON06          0.044         0.010         0.023         0.031         0.150
 DEO01         -0.087         0.046        -0.020        -0.067         0.037
 DEO02         -0.016         0.008         0.025        -0.002         0.045
 DEO03         -0.100        -0.025        -0.082        -0.089         0.029
 DEO04          0.036         0.012         0.014         0.034         0.152
 DEO05          0.050        -0.004         0.047         0.041         0.121
 DEO06         -0.056        -0.039        -0.047        -0.053         0.022
 DEO07         -0.014         0.007         0.005        -0.051         0.082
 DEO08         -0.171        -0.077        -0.163        -0.211        -0.029
 REL01          0.021         0.045        -0.021         0.017         0.069
 REL02          0.105         0.166         0.074         0.149         0.131
 REL03          0.087         0.079         0.039         0.069         0.078
 REL04          0.286         0.215         0.304         0.319         0.331
 REL05          0.043         0.144         0.021         0.076         0.082


           Residuals for Covariances
              BIR06         BI07          BIR08         BI09          B01
              ________      ________      ________      ________      ________
 BIR06         -0.005
 BI07          -0.021        -0.004
 BIR08          0.103         0.056        -0.004
 BI09          -0.050         0.030        -0.077        -0.002
 B01           -0.021         0.021        -0.046        -0.039        -0.002
 R01            0.035         0.035        -0.013         0.035        -0.002
 B02            0.046         0.056         0.021         0.094         0.028
 R02           -0.003         0.044        -0.016         0.026        -0.022
 B03           -0.015         0.042         0.040         0.079         0.046
 R03            0.067         0.025         0.015         0.019        -0.047
 B04           -0.045        -0.034        -0.031        -0.084        -0.037
 R04            0.017         0.049        -0.020         0.013        -0.027
 B05            0.012        -0.031        -0.064        -0.052        -0.006
 R05           -0.040        -0.019        -0.053         0.003        -0.037
 N01            0.000         0.039         0.023         0.103         0.011
 P01           -0.070        -0.014        -0.102         0.122        -0.038
 N02           -0.022        -0.006         0.010         0.083        -0.063
 P02           -0.043        -0.007        -0.073         0.063        -0.020
 N03            0.150         0.197         0.134         0.205         0.136
 P03           -0.229        -0.166        -0.196        -0.058        -0.154
 N04            0.071         0.078         0.013         0.127        -0.002
 P04            0.016         0.036         0.029         0.083         0.023
 N05           -0.324        -0.242        -0.291        -0.175        -0.172
 P05           -0.038        -0.002        -0.057         0.001         0.005
 N06           -0.157        -0.107        -0.103        -0.051        -0.107
 N07           -0.005         0.073         0.010         0.120         0.057
 P07           -0.024        -0.003        -0.083         0.122        -0.002
 N08            0.055         0.111         0.009         0.149         0.047
 P08           -0.229        -0.170        -0.268         0.010        -0.165
 N09            0.016         0.096        -0.003         0.124         0.006
 P09           -0.174        -0.079        -0.141         0.004        -0.073
 N10            0.028         0.067        -0.004         0.149         0.017
 P10           -0.229        -0.178        -0.216        -0.057        -0.119
 TRUST01       -0.248        -0.104        -0.119         0.231        -0.001
 TRUST02       -0.149        -0.046        -0.067         0.197         0.130
 TRUST03        0.021        -0.035        -0.124         0.072         0.181
 TRUST04       -0.293        -0.143        -0.200         0.151        -0.014
 TRUST05       -0.246        -0.072        -0.116         0.177         0.099
 TRUST06        0.127         0.299         0.189         0.546         0.236
 TRUST07        0.285         0.342         0.191         0.542         0.310
 HED01          0.095         0.035         0.040         0.059        -0.008
 HED03         -0.316        -0.246        -0.217        -0.075        -0.176
 HED04          0.062         0.044         0.067         0.105        -0.011
 HED05         -0.237        -0.184        -0.216        -0.027        -0.139
 HED06         -0.115        -0.087        -0.194         0.009        -0.082
 HED07         -0.008         0.006        -0.055         0.092        -0.021
 HED08         -0.151        -0.090        -0.137         0.050        -0.112
 HED09          0.027         0.051         0.042         0.150        -0.029
 UTI01         -0.091        -0.064        -0.028         0.001        -0.110
 UTI02         -0.031        -0.054        -0.008         0.064        -0.087
 UTI03         -0.048        -0.066         0.032         0.056        -0.102
 UTI04         -0.025        -0.051         0.073         0.005        -0.118
 UTI05         -0.013        -0.037         0.074         0.057        -0.105
 UTI06         -0.046        -0.073        -0.004         0.015        -0.090
 UTI07          0.025         0.002         0.068         0.129         0.017
 UTI08         -0.002        -0.010         0.106         0.068        -0.068
 UTI09          0.023        -0.042         0.074         0.089        -0.032
 CON01         -0.015         0.035        -0.008         0.006         0.019
 CON02         -0.074         0.001        -0.054        -0.019        -0.003
 CON03         -0.036        -0.029        -0.059        -0.017        -0.032
 CON04         -0.159        -0.092        -0.118        -0.105        -0.063
 CON05         -0.006         0.004        -0.034         0.025        -0.012
 CON06         -0.005         0.055         0.038         0.074         0.079
 DEO01         -0.032        -0.019         0.029         0.004        -0.057
 DEO02          0.024         0.032         0.054         0.032         0.042
 DEO03         -0.103        -0.081        -0.058        -0.070        -0.090
 DEO04          0.016         0.043         0.022         0.088        -0.019
 DEO05          0.018         0.049         0.076         0.031        -0.057
 DEO06         -0.045        -0.022        -0.064         0.079        -0.077
 DEO07         -0.009         0.003         0.013         0.005        -0.024
 DEO08         -0.202        -0.133        -0.164        -0.074        -0.108
 REL01         -0.005        -0.005         0.008         0.080         0.002
 REL02          0.123         0.098         0.104         0.102        -0.008
 REL03          0.047         0.051         0.085         0.138         0.007
 REL04          0.315         0.248         0.270         0.218         0.147
 REL05          0.092         0.057         0.055         0.059         0.027


           Residuals for Covariances
              R01           B02           R02           B03           R03
              ________      ________      ________      ________      ________
 R01           -0.002
 B02            0.081        -0.001
 R02           -0.014         0.084        -0.002
 B03            0.127        -0.001         0.132        -0.002
 R03           -0.027         0.071         0.066         0.048        -0.001
 B04           -0.021        -0.067        -0.006         0.021        -0.023
 R04            0.042         0.063         0.066         0.089         0.036
 B05            0.037         0.003         0.015        -0.052        -0.014
 R05            0.017         0.024        -0.027         0.039        -0.043
 N01            0.012         0.041        -0.084        -0.014         0.011
 P01            0.069         0.170         0.158         0.075         0.072
 N02            0.039        -0.013        -0.006        -0.059         0.000
 P02           -0.057         0.068         0.006        -0.013        -0.016
 N03           -0.036         0.164        -0.124         0.149        -0.041
 P03            0.109        -0.021         0.099        -0.157         0.046
 N04           -0.022         0.105        -0.026         0.067         0.044
 P04           -0.039         0.122        -0.014         0.048        -0.074
 N05            0.073        -0.145         0.108        -0.196         0.091
 P05            0.007         0.039         0.011        -0.006        -0.063
 N06            0.074        -0.073         0.009        -0.109        -0.005
 N07           -0.045        -0.001        -0.095        -0.018        -0.023
 P07            0.009         0.065        -0.016         0.042         0.009
 N08            0.020         0.120        -0.043         0.078        -0.002
 P08            0.106         0.012         0.115        -0.154         0.067
 N09           -0.010         0.029        -0.078         0.010        -0.063
 P09            0.084         0.033         0.142         0.048         0.108
 N10            0.025         0.082         0.009         0.025         0.052
 P10            0.076        -0.019         0.091        -0.158         0.045
 TRUST01       -0.063         0.133         0.098        -0.022        -0.177
 TRUST02       -0.006         0.281         0.084         0.194        -0.189
 TRUST03       -0.251         0.170        -0.004         0.164        -0.096
 TRUST04       -0.077         0.050         0.043        -0.094        -0.211
 TRUST05       -0.066         0.118         0.054        -0.052        -0.171
 TRUST06       -0.144         0.357        -0.054         0.257        -0.195
 TRUST07       -0.311         0.452        -0.094         0.463        -0.248
 HED01         -0.036         0.152         0.014         0.094         0.057
 HED03         -0.073        -0.055         0.182        -0.095         0.206
 HED04         -0.016         0.158         0.032         0.099         0.104
 HED05          0.079         0.033         0.115        -0.047         0.176
 HED06          0.084         0.095         0.124        -0.058         0.121
 HED07         -0.075         0.063         0.067        -0.012         0.095
 HED08         -0.017         0.043         0.149        -0.045         0.145
 HED09         -0.048         0.082         0.032         0.036         0.040
 UTI01          0.101         0.084         0.049         0.058         0.164
 UTI02          0.039         0.159         0.071         0.093         0.177
 UTI03          0.050         0.116         0.065         0.100         0.141
 UTI04          0.073         0.081         0.075         0.111         0.151
 UTI05          0.015         0.133         0.086         0.169         0.187
 UTI06          0.042         0.112         0.072         0.122         0.182
 UTI07          0.084         0.158         0.075         0.286         0.149
 UTI08          0.033         0.119         0.076         0.218         0.162
 UTI09          0.039         0.127        -0.021         0.142         0.089
 CON01         -0.031         0.087         0.016         0.087         0.065
 CON02          0.027         0.063         0.019         0.038         0.053
 CON03         -0.015         0.023         0.039         0.033         0.147
 CON04          0.015         0.071         0.144         0.097         0.174
 CON05          0.022         0.059         0.022         0.028         0.015
 CON06         -0.024         0.073        -0.007         0.117         0.067
 DEO01          0.047         0.052         0.076        -0.011         0.096
 DEO02         -0.006         0.065         0.016        -0.064         0.028
 DEO03          0.025         0.042         0.081        -0.025         0.180
 DEO04          0.000         0.115         0.048         0.107         0.084
 DEO05         -0.057         0.136         0.063         0.146         0.149
 DEO06         -0.009         0.010         0.079        -0.051         0.105
 DEO07         -0.051         0.070         0.084         0.005         0.088
 DEO08         -0.007         0.057         0.142        -0.040         0.092
 REL01         -0.004         0.126         0.019         0.103         0.101
 REL02         -0.006         0.073         0.006         0.142         0.052
 REL03         -0.026         0.144        -0.007         0.090         0.096
 REL04         -0.134         0.166        -0.172         0.236        -0.033
 REL05         -0.116         0.040        -0.012         0.041         0.015


           Residuals for Covariances
              B04           R04           B05           R05           N01
              ________      ________      ________      ________      ________
 B04           -0.003
 R04            0.051        -0.002
 B05            0.044        -0.050        -0.002
 R05           -0.047        -0.048         0.020        -0.003
 N01            0.052        -0.067        -0.006         0.013         0.000
 P01           -0.047         0.077        -0.114         0.001         0.030
 N02           -0.028        -0.026        -0.017         0.062         0.056
 P02            0.017         0.020        -0.004        -0.062        -0.030
 N03            0.127        -0.151         0.091        -0.140         0.028
 P03           -0.103         0.111        -0.059         0.122         0.112
 N04            0.056        -0.049         0.032        -0.013        -0.018
 P04            0.075        -0.035         0.088        -0.111        -0.052
 N05           -0.184         0.090        -0.145         0.185         0.004
 P05            0.042         0.007         0.036        -0.025        -0.004
 N06           -0.097         0.014        -0.071         0.068         0.021
 N07            0.004        -0.063        -0.036        -0.038         0.043
 P07            0.018         0.046        -0.015        -0.013         0.019
 N08            0.084        -0.037         0.078        -0.049        -0.051
 P08           -0.104         0.133        -0.099         0.093         0.183
 N09            0.098        -0.067         0.039        -0.034        -0.040
 P09           -0.120         0.107        -0.137         0.083         0.124
 N10            0.058         0.003         0.019         0.006        -0.023
 P10           -0.118         0.124        -0.114         0.098         0.083
 TRUST01       -0.024         0.033         0.019         0.075        -0.081
 TRUST02       -0.046        -0.027         0.089         0.035        -0.185
 TRUST03        0.063        -0.188         0.294        -0.070        -0.365
 TRUST04       -0.077        -0.033        -0.022         0.094        -0.058
 TRUST05       -0.013        -0.058         0.019         0.060        -0.062
 TRUST06        0.169        -0.085         0.179        -0.175        -0.002
 TRUST07        0.308        -0.172         0.295        -0.322        -0.121
 HED01          0.033         0.002         0.011        -0.041        -0.019
 HED03         -0.192         0.076        -0.261         0.053        -0.011
 HED04         -0.011        -0.007        -0.021        -0.104         0.043
 HED05         -0.128         0.173        -0.170         0.097         0.114
 HED06         -0.077         0.125        -0.108        -0.006         0.080
 HED07          0.022        -0.004        -0.070        -0.102         0.019
 HED08         -0.108         0.112        -0.177         0.055         0.091
 HED09          0.046        -0.017        -0.075        -0.167         0.019
 UTI01         -0.064         0.049        -0.049         0.022         0.054
 UTI02         -0.070         0.038        -0.046         0.003         0.113
 UTI03         -0.026        -0.001        -0.109        -0.053         0.006
 UTI04         -0.010        -0.008        -0.088        -0.035         0.020
 UTI05         -0.019         0.041        -0.082        -0.040         0.072
 UTI06         -0.049         0.063        -0.083        -0.033         0.007
 UTI07         -0.014         0.026         0.016        -0.053        -0.028
 UTI08          0.010         0.063         0.012        -0.006        -0.002
 UTI09          0.009        -0.081        -0.045        -0.089         0.038
 CON01          0.019        -0.102        -0.039        -0.042        -0.009
 CON02          0.043        -0.100        -0.007         0.002        -0.009
 CON03         -0.004        -0.004        -0.124         0.015         0.030
 CON04          0.019         0.039        -0.082         0.064         0.008
 CON05          0.040        -0.191         0.082        -0.014        -0.060
 CON06          0.084        -0.058         0.004        -0.090         0.010
 DEO01          0.047         0.059        -0.063         0.053         0.088
 DEO02          0.018         0.027         0.019        -0.009        -0.017
 DEO03          0.000         0.043        -0.066         0.024         0.059
 DEO04          0.083        -0.021        -0.003        -0.093         0.010
 DEO05          0.016         0.019        -0.092        -0.119         0.011
 DEO06          0.007         0.018        -0.051        -0.048         0.110
 DEO07          0.098         0.009        -0.023        -0.058        -0.004
 DEO08         -0.030         0.089        -0.073         0.016         0.088
 REL01         -0.036        -0.059        -0.075        -0.136        -0.081
 REL02          0.043        -0.060         0.059        -0.175        -0.114
 REL03         -0.102        -0.053        -0.071        -0.159        -0.056
 REL04          0.198        -0.162         0.185        -0.300        -0.167
 REL05          0.010        -0.080         0.016        -0.169        -0.121


           Residuals for Covariances
              P01           N02           P02           N03           P03
              ________      ________      ________      ________      ________
 P01            0.000
 N02            0.015         0.000
 P02           -0.051        -0.073         0.000
 N03            0.198         0.001         0.095         0.000
 P03           -0.016         0.132        -0.010         0.119         0.000
 N04            0.123        -0.034         0.009         0.025         0.144
 P04            0.011        -0.086         0.021         0.118        -0.044
 N05           -0.094         0.031        -0.110        -0.054         0.098
 P05           -0.113        -0.034         0.041         0.035         0.050
 N06           -0.101         0.079        -0.070        -0.073         0.146
 N07            0.060         0.073        -0.047         0.000         0.103
 P07            0.053        -0.046         0.008         0.166        -0.029
 N08            0.190        -0.100         0.034         0.016         0.171
 P08            0.091         0.134        -0.054         0.215         0.202
 N09            0.114        -0.083         0.054         0.018         0.201
 P09            0.021         0.123        -0.091         0.195         0.052
 N10            0.185        -0.015        -0.012         0.022         0.131
 P10            0.046         0.102        -0.047         0.139         0.015
 TRUST01       -0.091        -0.153         0.036         0.123         0.130
 TRUST02        0.036        -0.240        -0.016         0.125        -0.091
 TRUST03       -0.084        -0.369        -0.007         0.127        -0.082
 TRUST04       -0.199        -0.108         0.001         0.190        -0.028
 TRUST05       -0.149        -0.073         0.057         0.193         0.051
 TRUST06        0.376        -0.175         0.219         0.334         0.049
 TRUST07        0.305        -0.255         0.192         0.353         0.114
 HED01         -0.018        -0.030         0.017         0.082        -0.039
 HED03         -0.172        -0.016        -0.199         0.063        -0.108
 HED04          0.036         0.005         0.053         0.178        -0.057
 HED05         -0.041         0.089        -0.047         0.176        -0.021
 HED06         -0.011         0.044         0.039         0.136        -0.022
 HED07          0.054         0.041         0.106         0.170        -0.023
 HED08          0.020         0.049        -0.011         0.203        -0.034
 HED09          0.036        -0.009         0.100         0.231        -0.033
 UTI01          0.007         0.039        -0.003         0.144        -0.073
 UTI02          0.006         0.114        -0.018         0.097        -0.086
 UTI03          0.065         0.008         0.028         0.114        -0.077
 UTI04          0.023         0.022        -0.013         0.170        -0.115
 UTI05          0.091         0.041         0.021         0.200        -0.106
 UTI06          0.104        -0.011         0.011         0.159        -0.097
 UTI07          0.100        -0.015         0.009         0.104        -0.076
 UTI08          0.025         0.004         0.039         0.075        -0.071
 UTI09         -0.014         0.006         0.010         0.233        -0.118
 CON01          0.053        -0.074         0.001         0.121        -0.197
 CON02          0.041        -0.062        -0.017         0.136        -0.136
 CON03          0.034        -0.008        -0.036         0.101        -0.177
 CON04          0.022        -0.018        -0.106         0.104        -0.131
 CON05          0.007        -0.036        -0.005         0.100        -0.100
 CON06          0.066        -0.086        -0.017         0.093        -0.150
 DEO01          0.099         0.063         0.003         0.137        -0.136
 DEO02         -0.028         0.008         0.067         0.097         0.007
 DEO03          0.066         0.055         0.000         0.138        -0.120
 DEO04          0.088         0.002         0.067         0.088        -0.087
 DEO05          0.083        -0.043         0.018         0.157        -0.136
 DEO06          0.005         0.076         0.019         0.192        -0.123
 DEO07          0.073        -0.039         0.055         0.106        -0.110
 DEO08          0.077         0.074         0.003         0.090        -0.100
 REL01          0.121        -0.119        -0.002         0.112        -0.203
 REL02          0.073        -0.061         0.044         0.129        -0.180
 REL03          0.134        -0.077        -0.008         0.130        -0.229
 REL04          0.111        -0.199         0.148         0.078        -0.119
 REL05          0.013        -0.112         0.015         0.072        -0.124


           Residuals for Covariances
              N04           P04           N05           P05           N06
              ________      ________      ________      ________      ________
 N04            0.000
 P04           -0.029         0.000
 N05           -0.064        -0.233         0.000
 P05            0.039        -0.014        -0.068         0.000
 N06           -0.053        -0.076         0.000        -0.008         0.000
 N07           -0.046        -0.033         0.019        -0.013         0.010
 P07            0.077        -0.006        -0.165         0.003        -0.074
 N08            0.142        -0.027        -0.027         0.043        -0.084
 P08            0.177        -0.020         0.038        -0.016         0.101
 N09            0.054        -0.010         0.012         0.069         0.001
 P09            0.142        -0.011         0.044        -0.052         0.076
 N10            0.000         0.000        -0.063         0.023        -0.060
 P10            0.145        -0.032         0.036         0.015         0.067
 TRUST01        0.013        -0.001        -0.019         0.072        -0.052
 TRUST02       -0.112        -0.017        -0.127         0.131        -0.206
 TRUST03       -0.281        -0.040        -0.154         0.107        -0.295
 TRUST04        0.009        -0.114         0.044        -0.001        -0.001
 TRUST05       -0.012        -0.028         0.037         0.054        -0.020
 TRUST06        0.107         0.232        -0.185         0.197        -0.294
 TRUST07        0.012         0.232        -0.213         0.160        -0.322
 HED01          0.000         0.035        -0.208        -0.005        -0.156
 HED03         -0.009        -0.237         0.036        -0.203        -0.024
 HED04          0.108         0.088        -0.247         0.041        -0.141
 HED05          0.055        -0.105        -0.064         0.017        -0.017
 HED06          0.121         0.001        -0.129         0.018        -0.081
 HED07          0.051         0.108        -0.202         0.037        -0.094
 HED08          0.130        -0.036        -0.062        -0.001        -0.070
 HED09          0.012         0.109        -0.232         0.006        -0.130
 UTI01          0.061        -0.014        -0.127         0.023        -0.068
 UTI02          0.123         0.000        -0.145         0.013        -0.088
 UTI03          0.062         0.006        -0.157         0.008        -0.128
 UTI04          0.070         0.006        -0.153        -0.009        -0.117
 UTI05          0.150         0.029        -0.192        -0.029        -0.120
 UTI06          0.064         0.014        -0.209        -0.055        -0.139
 UTI07          0.053         0.027        -0.228         0.025        -0.135
 UTI08          0.073         0.089        -0.140         0.024        -0.094
 UTI09          0.075         0.032        -0.194        -0.046        -0.103
 CON01          0.029         0.075        -0.312         0.026        -0.194
 CON02          0.024         0.063        -0.228         0.033        -0.125
 CON03          0.069        -0.041        -0.287         0.030        -0.161
 CON04          0.013        -0.039        -0.203        -0.007        -0.151
 CON05          0.022        -0.001        -0.153         0.076        -0.143
 CON06          0.005         0.072        -0.297         0.040        -0.129
 DEO01          0.092         0.049        -0.109         0.034        -0.089
 DEO02         -0.030         0.012        -0.159         0.069        -0.106
 DEO03          0.044         0.041        -0.160         0.032        -0.089
 DEO04          0.010         0.118        -0.272         0.116        -0.130
 DEO05         -0.039         0.072        -0.260         0.003        -0.127
 DEO06          0.092         0.059        -0.149         0.057        -0.045
 DEO07         -0.031         0.124        -0.251         0.035        -0.095
 DEO08          0.068         0.028        -0.092         0.066        -0.012
 REL01         -0.018         0.050        -0.280        -0.019        -0.212
 REL02         -0.052         0.116        -0.323         0.021        -0.220
 REL03         -0.043         0.064        -0.317        -0.028        -0.191
 REL04         -0.139         0.239        -0.471         0.055        -0.340
 REL05         -0.106         0.074        -0.303         0.023        -0.186


           Residuals for Covariances
              N07           P07           N08           P08           N09
              ________      ________      ________      ________      ________
 N07            0.000
 P07            0.021         0.000
 N08           -0.068         0.083         0.000
 P08            0.169        -0.042         0.216         0.000
 N09           -0.058         0.100         0.147         0.216         0.000
 P09            0.137         0.030         0.180         0.200         0.168
 N10           -0.030         0.101         0.110         0.184         0.042
 P10            0.130        -0.014         0.137         0.212         0.206
 TRUST01        0.021        -0.020         0.244         0.005         0.175
 TRUST02        0.053        -0.015         0.059        -0.086        -0.057
 TRUST03        0.002        -0.020        -0.167        -0.155        -0.198
 TRUST04        0.007        -0.107         0.200        -0.145         0.126
 TRUST05        0.052        -0.053         0.163        -0.046         0.151
 TRUST06        0.130         0.375         0.302         0.065         0.091
 TRUST07        0.100         0.261         0.164         0.043        -0.042
 HED01         -0.007        -0.025        -0.038        -0.032         0.046
 HED03          0.068        -0.289         0.009        -0.167         0.018
 HED04          0.082         0.028         0.133        -0.034         0.105
 HED05          0.120        -0.079         0.120        -0.033         0.095
 HED06          0.064        -0.033         0.115         0.002         0.138
 HED07          0.072         0.040         0.040        -0.005         0.072
 HED08          0.126        -0.039         0.080        -0.024         0.138
 HED09          0.118         0.030         0.050        -0.031         0.094
 UTI01          0.046        -0.031         0.129        -0.092         0.102
 UTI02          0.042        -0.058         0.121        -0.066         0.106
 UTI03          0.043        -0.005         0.090        -0.090         0.070
 UTI04          0.047        -0.047         0.080        -0.190         0.066
 UTI05          0.054         0.009         0.154        -0.080         0.091
 UTI06          0.008        -0.008         0.156        -0.116         0.055
 UTI07         -0.017         0.000         0.074        -0.092         0.080
 UTI08         -0.008         0.039         0.118        -0.152         0.048
 UTI09          0.060        -0.043         0.099        -0.150         0.092
 CON01         -0.053         0.034         0.082        -0.091         0.022
 CON02          0.003         0.042         0.108        -0.076         0.038
 CON03          0.059        -0.015         0.102        -0.114         0.004
 CON04         -0.001        -0.075         0.069        -0.130         0.016
 CON05         -0.013        -0.015         0.047        -0.061         0.035
 CON06          0.010         0.098         0.039        -0.116         0.018
 DEO01          0.071         0.079         0.192        -0.026         0.115
 DEO02          0.049         0.018         0.014        -0.001        -0.003
 DEO03          0.102         0.019         0.103        -0.130         0.117
 DEO04          0.023         0.054         0.040        -0.088         0.072
 DEO05          0.045         0.005         0.021        -0.190         0.051
 DEO06          0.103         0.056         0.123        -0.185         0.207
 DEO07         -0.016         0.031         0.010        -0.137         0.035
 DEO08          0.073         0.022         0.147        -0.169         0.124
 REL01         -0.016        -0.047         0.002        -0.161        -0.036
 REL02          0.012         0.001        -0.070        -0.149        -0.038
 REL03         -0.035        -0.024        -0.033        -0.152        -0.061
 REL04         -0.058         0.097        -0.103        -0.157        -0.079
 REL05          0.014        -0.013        -0.069        -0.192        -0.033


           Residuals for Covariances
              P09           N10           P10           TRUST01       TRUST02
              ________      ________      ________      ________      ________
 P09            0.018
 N10            0.190         0.000
 P10            0.037         0.147         0.009
 TRUST01       -0.165         0.051         0.092         0.000
 TRUST02        0.067        -0.068         0.109        -0.016         0.000
 TRUST03       -0.017        -0.342         0.039        -0.077         0.000
 TRUST04       -0.176         0.054        -0.044         0.048        -0.192
 TRUST05       -0.075         0.045         0.018         0.020        -0.136
 TRUST06        0.134         0.271         0.159        -0.136         0.716
 TRUST07        0.199         0.085         0.181        -0.149         1.310
 HED01         -0.062        -0.054        -0.074         0.047         0.085
 HED03         -0.077        -0.031        -0.193         0.139        -0.067
 HED04         -0.062         0.083        -0.093         0.018        -0.040
 HED05         -0.035         0.051        -0.103         0.060        -0.052
 HED06         -0.042         0.083        -0.061         0.004        -0.071
 HED07         -0.016         0.033        -0.030         0.188        -0.045
 HED08          0.018         0.104        -0.018        -0.004         0.108
 HED09         -0.017         0.009        -0.051         0.291         0.092
 UTI01         -0.038         0.073        -0.049        -0.137         0.090
 UTI02         -0.077         0.113        -0.030        -0.106         0.000
 UTI03         -0.027         0.073        -0.048        -0.067        -0.040
 UTI04         -0.060         0.047        -0.101        -0.136         0.136
 UTI05         -0.013         0.136        -0.091        -0.150         0.101
 UTI06          0.043         0.075        -0.041        -0.083         0.309
 UTI07          0.040         0.029        -0.002        -0.115         0.048
 UTI08         -0.036         0.047        -0.039        -0.075         0.142
 UTI09         -0.043         0.039        -0.141        -0.204         0.036
 CON01         -0.024         0.000        -0.104         0.147         0.372
 CON02         -0.016        -0.003        -0.098         0.102         0.312
 CON03         -0.013         0.038        -0.102        -0.058         0.166
 CON04         -0.002         0.037        -0.092        -0.046         0.005
 CON05         -0.006        -0.034        -0.056         0.131         0.365
 CON06         -0.035         0.016        -0.090         0.080         0.283
 DEO01         -0.016         0.085         0.009         0.053         0.268
 DEO02         -0.005        -0.052        -0.010         0.088         0.109
 DEO03         -0.034         0.029        -0.076        -0.089         0.218
 DEO04         -0.069        -0.049        -0.063         0.114         0.232
 DEO05         -0.079        -0.076        -0.178        -0.036        -0.041
 DEO06         -0.145         0.100        -0.161         0.053         0.111
 DEO07         -0.084        -0.032        -0.139        -0.126        -0.147
 DEO08         -0.030         0.064        -0.094        -0.086         0.075
 REL01          0.016        -0.051        -0.085        -0.100         0.189
 REL02         -0.066        -0.062        -0.159        -0.100         0.178
 REL03         -0.035        -0.021        -0.132         0.046         0.200
 REL04         -0.087        -0.187        -0.118        -0.084         0.081
 REL05         -0.112        -0.125        -0.122        -0.053         0.128


           Residuals for Covariances
              TRUST03       TRUST04       TRUST05       TRUST06       TRUST07
              ________      ________      ________      ________      ________
 TRUST03        0.000
 TRUST04        0.060         0.000
 TRUST05       -0.038         0.000         0.000
 TRUST06       -0.092        -0.038         0.060         0.000
 TRUST07        0.793        -0.138        -0.067         0.000         0.000
 HED01          0.080        -0.153         0.022         0.137         0.381
 HED03          0.075         0.087         0.134         0.225         0.336
 HED04          0.032        -0.101         0.097         0.329         0.544
 HED05         -0.074        -0.030         0.122         0.237         0.376
 HED06         -0.099        -0.115        -0.006         0.097         0.313
 HED07          0.104         0.060         0.207         0.330         0.592
 HED08          0.042        -0.061         0.150         0.326         0.530
 HED09          0.132         0.183         0.313         0.431         0.734
 UTI01          0.048        -0.184        -0.041         0.125         0.332
 UTI02          0.167        -0.227        -0.056         0.158         0.430
 UTI03          0.136        -0.209        -0.034         0.196         0.400
 UTI04          0.332        -0.240        -0.063         0.204         0.559
 UTI05          0.144        -0.255        -0.137         0.213         0.473
 UTI06          0.200        -0.101         0.002         0.372         0.556
 UTI07          0.133        -0.190        -0.037         0.200         0.312
 UTI08          0.279        -0.194        -0.065         0.157         0.408
 UTI09          0.224        -0.186        -0.029         0.139         0.505
 CON01          0.364        -0.024         0.036         0.268         0.630
 CON02          0.312        -0.015         0.086         0.308         0.542
 CON03          0.212        -0.188        -0.047         0.318         0.310
 CON04          0.088        -0.215        -0.061         0.212         0.366
 CON05          0.221         0.005         0.168         0.336         0.542
 CON06          0.320        -0.058         0.059         0.438         0.512
 DEO01          0.297        -0.147         0.017         0.447         0.462
 DEO02          0.128        -0.069         0.101         0.088         0.349
 DEO03          0.216        -0.223        -0.055         0.411         0.525
 DEO04          0.224        -0.140         0.090         0.434         0.486
 DEO05          0.186        -0.074        -0.006         0.353         0.361
 DEO06          0.242        -0.055         0.133         0.355         0.426
 DEO07          0.022        -0.246        -0.087         0.135         0.193
 DEO08          0.155        -0.203        -0.047         0.051         0.315
 REL01          0.257        -0.171        -0.084         0.330         0.521
 REL02          0.233        -0.189        -0.060         0.243         0.398
 REL03          0.151        -0.033         0.052         0.449         0.562
 REL04          0.232        -0.211        -0.130         0.316         0.398
 REL05          0.313        -0.110        -0.027         0.261         0.445


           Residuals for Covariances
              HED01         HED03         HED04         HED05         HED06
              ________      ________      ________      ________      ________
 HED01          0.000
 HED03         -0.020         0.000
 HED04          0.069        -0.092         0.000
 HED05          0.052         0.166        -0.116         0.000
 HED06          0.037         0.119         0.053         0.119         0.000
 HED07         -0.055        -0.011        -0.074        -0.021        -0.060
 HED08         -0.032         0.110         0.000         0.179         0.049
 HED09         -0.125         0.001        -0.024        -0.050        -0.088
 UTI01          0.154         0.047         0.183         0.050         0.127
 UTI02          0.174        -0.007         0.158         0.021         0.078
 UTI03          0.181         0.035         0.266         0.044         0.053
 UTI04          0.148        -0.012         0.105        -0.110        -0.022
 UTI05          0.064        -0.019         0.132        -0.132        -0.051
 UTI06          0.147        -0.011         0.188        -0.102        -0.012
 UTI07          0.114         0.053         0.194        -0.062        -0.001
 UTI08          0.094         0.105         0.114        -0.115        -0.018
 UTI09          0.142         0.040         0.171        -0.144         0.002
 CON01          0.044        -0.172         0.050        -0.104        -0.101
 CON02         -0.048        -0.132        -0.027        -0.122        -0.154
 CON03          0.060        -0.071         0.089        -0.012        -0.097
 CON04          0.005         0.066         0.034        -0.077        -0.140
 CON05          0.015         0.053         0.068        -0.134        -0.061
 CON06         -0.018        -0.140         0.005        -0.175        -0.178
 DEO01         -0.051        -0.209         0.039        -0.096        -0.147
 DEO02          0.256         0.062         0.199         0.169         0.237
 DEO03         -0.017        -0.282        -0.048        -0.123        -0.181
 DEO04          0.118        -0.306         0.067        -0.084        -0.048
 DEO05          0.139        -0.203         0.110        -0.102        -0.074
 DEO06         -0.003        -0.299         0.044        -0.178        -0.115
 DEO07          0.049        -0.282         0.078        -0.205        -0.056
 DEO08         -0.011        -0.293         0.017        -0.110        -0.116
 REL01         -0.075        -0.151        -0.012        -0.168        -0.125
 REL02          0.065        -0.238         0.091        -0.215        -0.138
 REL03         -0.067        -0.196        -0.012        -0.168        -0.194
 REL04          0.196        -0.294         0.116        -0.270        -0.134
 REL05          0.018        -0.242        -0.014        -0.219        -0.150


           Residuals for Covariances
              HED07         HED08         HED09         UTI01         UTI02
              ________      ________      ________      ________      ________
 HED07          0.000
 HED08         -0.044         0.000
 HED09          0.213        -0.043         0.000
 UTI01          0.055         0.118         0.094         0.000
 UTI02          0.034         0.054         0.094         0.074         0.000
 UTI03          0.138         0.056         0.270        -0.004         0.008
 UTI04          0.033        -0.034         0.147        -0.024        -0.025
 UTI05          0.053        -0.056         0.063         0.004         0.035
 UTI06          0.100         0.022         0.159         0.059        -0.046
 UTI07          0.076         0.007         0.114         0.033         0.015
 UTI08          0.082         0.011         0.154        -0.036        -0.026
 UTI09          0.136        -0.033         0.232        -0.077        -0.027
 CON01         -0.028        -0.046        -0.021        -0.038        -0.030
 CON02         -0.025        -0.102        -0.080        -0.036        -0.127
 CON03          0.001         0.015         0.012         0.008         0.048
 CON04         -0.031         0.023        -0.054         0.015        -0.018
 CON05          0.047         0.009         0.118        -0.076        -0.040
 CON06          0.020        -0.055         0.011        -0.014         0.032
 DEO01         -0.110        -0.087        -0.051        -0.095        -0.038
 DEO02          0.228         0.290         0.261         0.093         0.119
 DEO03         -0.019        -0.097        -0.010        -0.093        -0.002
 DEO04          0.106        -0.022         0.054        -0.064         0.067
 DEO05          0.044        -0.001         0.052        -0.012         0.085
 DEO06          0.062        -0.042         0.067        -0.107        -0.028
 DEO07          0.106        -0.066         0.088        -0.033        -0.032
 DEO08         -0.043        -0.035         0.012        -0.028         0.019
 REL01         -0.017        -0.086         0.023        -0.055        -0.033
 REL02          0.012        -0.148         0.119        -0.107        -0.051
 REL03         -0.076        -0.131         0.038        -0.152        -0.014
 REL04         -0.015        -0.189         0.058        -0.016         0.050
 REL05          0.004        -0.196         0.048        -0.144        -0.076


           Residuals for Covariances
              UTI03         UTI04         UTI05         UTI06         UTI07
              ________      ________      ________      ________      ________
 UTI03          0.000
 UTI04          0.011         0.000
 UTI05         -0.035        -0.014         0.000
 UTI06          0.062         0.011         0.023         0.000
 UTI07         -0.040        -0.035         0.000        -0.053         0.000
 UTI08          0.014        -0.015        -0.023        -0.023         0.171
 UTI09         -0.046         0.094         0.023        -0.041        -0.033
 CON01          0.011        -0.041        -0.025         0.011        -0.081
 CON02         -0.028        -0.096        -0.109        -0.023        -0.143
 CON03          0.146         0.044         0.063         0.098        -0.007
 CON04          0.083        -0.025        -0.026         0.039        -0.040
 CON05          0.078        -0.037        -0.039        -0.016        -0.028
 CON06          0.060         0.030         0.016         0.107         0.041
 DEO01         -0.113        -0.049        -0.049        -0.051        -0.108
 DEO02          0.109         0.031         0.011         0.041         0.069
 DEO03         -0.069        -0.055        -0.045        -0.039        -0.063
 DEO04          0.002         0.004        -0.027        -0.060         0.004
 DEO05          0.031         0.028         0.040         0.051        -0.041
 DEO06         -0.079        -0.122        -0.151        -0.148        -0.179
 DEO07          0.021        -0.034        -0.082        -0.036        -0.075
 DEO08          0.020        -0.078        -0.091        -0.038        -0.100
 REL01         -0.001        -0.022        -0.004        -0.006         0.020
 REL02         -0.009         0.006         0.006        -0.037         0.017
 REL03         -0.047        -0.005        -0.060        -0.028         0.009
 REL04          0.014         0.074         0.101         0.042         0.112
 REL05         -0.097        -0.037        -0.076        -0.040        -0.048


           Residuals for Covariances
              UTI08         UTI09         CON01         CON02         CON03
              ________      ________      ________      ________      ________
 UTI08          0.000
 UTI09         -0.011         0.000
 CON01         -0.017         0.025         0.000
 CON02         -0.065        -0.084         0.049         0.000
 CON03          0.018         0.060        -0.011        -0.077         0.000
 CON04         -0.019        -0.112        -0.045        -0.005         0.102
 CON05         -0.005        -0.019        -0.019         0.016         0.022
 CON06          0.032         0.073        -0.032         0.005         0.008
 DEO01         -0.122        -0.055         0.008         0.013         0.108
 DEO02          0.089         0.146         0.109         0.068         0.161
 DEO03         -0.019         0.052         0.084         0.000         0.216
 DEO04          0.055         0.065         0.102         0.018         0.206
 DEO05          0.026         0.115         0.136         0.055         0.241
 DEO06         -0.054         0.054        -0.005        -0.048         0.191
 DEO07          0.001         0.082         0.024         0.003         0.153
 DEO08          0.030        -0.018         0.016        -0.024         0.140
 REL01         -0.026        -0.038        -0.086        -0.118        -0.037
 REL02          0.048         0.033        -0.015        -0.084         0.055
 REL03         -0.049        -0.067        -0.041        -0.119         0.017
 REL04          0.130         0.186         0.049         0.007         0.095
 REL05         -0.056         0.024        -0.008        -0.032         0.003


           Residuals for Covariances
              CON04         CON05         CON06         DEO01         DEO02
              ________      ________      ________      ________      ________
 CON04          0.000
 CON05          0.001         0.000
 CON06          0.026        -0.017         0.000
 DEO01         -0.067         0.080        -0.045         0.000
 DEO02          0.096         0.137         0.064        -0.025         0.000
 DEO03          0.019         0.059         0.061         0.322        -0.016
 DEO04          0.056         0.054         0.101        -0.007         0.029
 DEO05          0.133        -0.004         0.257        -0.112        -0.004
 DEO06         -0.072         0.004         0.090        -0.001        -0.005
 DEO07          0.023         0.061         0.134        -0.077        -0.053
 DEO08          0.040         0.047         0.027         0.014        -0.063
 REL01         -0.008        -0.056        -0.018        -0.034        -0.099
 REL02         -0.070        -0.051        -0.026        -0.131        -0.013
 REL03         -0.062        -0.037         0.002        -0.061        -0.141
 REL04          0.017         0.031         0.114        -0.089         0.073
 REL05         -0.055        -0.031         0.037        -0.026        -0.036


           Residuals for Covariances
              DEO03         DEO04         DEO05         DEO06         DEO07
              ________      ________      ________      ________      ________
 DEO03          0.000
 DEO04          0.079         0.000
 DEO05         -0.007         0.012         0.000
 DEO06         -0.042        -0.042        -0.050         0.000
 DEO07         -0.114        -0.062        -0.006         0.156         0.000
 DEO08          0.022        -0.011        -0.004         0.037         0.051
 REL01         -0.133        -0.054         0.093        -0.154        -0.033
 REL02         -0.094         0.046         0.143        -0.062        -0.002
 REL03         -0.161        -0.072         0.176        -0.144        -0.064
 REL04         -0.083         0.120         0.305         0.027         0.120
 REL05         -0.071         0.003         0.161        -0.063         0.047


           Residuals for Covariances
              DEO08         REL01         REL02         REL03         REL04
              ________      ________      ________      ________      ________
 DEO08          0.000
 REL01         -0.043         0.000
 REL02         -0.085        -0.028         0.000
 REL03         -0.071         0.219        -0.023         0.000
 REL04         -0.106        -0.110         0.043        -0.093         0.000
 REL05         -0.023        -0.002        -0.002        -0.011         0.028


           Residuals for Covariances
              REL05
              ________
 REL05          0.000


           Residuals for Correlations
              BI01          GEN01         BI02          GENR02        BIR03
              ________      ________      ________      ________      ________
 BI01           0.000
 GEN01          0.010         0.000
 BI02           0.033         0.037         0.000
 GENR02        -0.042        -0.024        -0.034         0.000
 BIR03         -0.044        -0.026        -0.071         0.105         0.000
 GEN03          0.013         0.017        -0.010        -0.030        -0.014
 BIR04         -0.056        -0.033        -0.075         0.068         0.133
 GENR04         0.001        -0.036        -0.032         0.097         0.082
 BI05           0.012        -0.001        -0.003        -0.019        -0.011
 GEN05         -0.012         0.009        -0.001        -0.012        -0.012
 BIR06         -0.004        -0.039        -0.037         0.079         0.077
 BI07           0.008         0.006         0.018        -0.039        -0.026
 BIR08         -0.038        -0.036        -0.012         0.092         0.056
 BI09          -0.013         0.027         0.084        -0.029        -0.067
 B01            0.010         0.032        -0.011        -0.011        -0.014
 R01            0.055         0.055         0.009         0.026         0.001
 B02            0.016         0.041         0.036        -0.004        -0.006
 R02           -0.008         0.014         0.020        -0.019         0.009
 B03           -0.015         0.019        -0.015        -0.001         0.008
 R03            0.012         0.021         0.014         0.038         0.059
 B04            0.001        -0.009        -0.010        -0.016        -0.029
 R04            0.028         0.034         0.051        -0.006         0.045
 B05            0.014         0.001         0.013        -0.008        -0.044
 R05           -0.007        -0.049        -0.015        -0.039        -0.036
 N01            0.058         0.038         0.084        -0.035        -0.072
 P01            0.011         0.043         0.100        -0.034        -0.061
 N02            0.025        -0.002         0.021        -0.049        -0.069
 P02            0.028         0.072         0.116         0.021        -0.037
 N03            0.155         0.127         0.142         0.061         0.039
 P03           -0.078        -0.092         0.010        -0.115        -0.173
 N04            0.073         0.038         0.057        -0.006        -0.024
 P04            0.094         0.096         0.155         0.047        -0.016
 N05           -0.180        -0.227        -0.175        -0.263        -0.227
 P05            0.048         0.050         0.097         0.000        -0.079
 N06           -0.097        -0.122        -0.101        -0.121        -0.174
 N07            0.063         0.040         0.049        -0.027        -0.070
 P07            0.038         0.057         0.152        -0.014        -0.059
 N08            0.094         0.095         0.112        -0.009        -0.019
 P08           -0.065        -0.066         0.035        -0.141        -0.155
 N09            0.056         0.041         0.070        -0.024        -0.089
 P09           -0.089        -0.055         0.002        -0.119        -0.141
 N10            0.056         0.050         0.081        -0.054        -0.062
 P10           -0.090        -0.099        -0.011        -0.133        -0.158
 TRUST01       -0.061        -0.038         0.021        -0.046        -0.113
 TRUST02       -0.043        -0.017        -0.003        -0.092        -0.075
 TRUST03       -0.056        -0.027         0.016        -0.013        -0.040
 TRUST04       -0.108        -0.062        -0.018        -0.093        -0.128
 TRUST05       -0.082        -0.022         0.014        -0.086        -0.114
 TRUST06        0.064         0.103         0.106         0.032        -0.002
 TRUST07        0.103         0.124         0.121         0.052         0.008
 HED01          0.030         0.029         0.019         0.042         0.011
 HED03         -0.148        -0.121        -0.108        -0.090        -0.127
 HED04         -0.001         0.040         0.031         0.031        -0.011
 HED05         -0.112        -0.091        -0.076        -0.115        -0.092
 HED06         -0.065        -0.031        -0.032        -0.042        -0.082
 HED07         -0.023         0.026         0.008         0.017         0.002
 HED08         -0.071        -0.057        -0.059        -0.076        -0.091
 HED09         -0.019         0.052         0.015         0.020         0.026
 UTI01         -0.065        -0.029        -0.056        -0.035        -0.025
 UTI02         -0.056        -0.035        -0.032        -0.033        -0.011
 UTI03         -0.077        -0.022        -0.052        -0.018        -0.008
 UTI04         -0.063         0.001        -0.039         0.005         0.014
 UTI05         -0.061        -0.017        -0.044         0.000        -0.007
 UTI06         -0.086        -0.009        -0.039        -0.026         0.007
 UTI07         -0.012         0.028        -0.015         0.025         0.024
 UTI08         -0.024         0.020         0.001        -0.011         0.019
 UTI09         -0.064         0.005        -0.032         0.013         0.027
 CON01         -0.023         0.030         0.019        -0.020        -0.016
 CON02         -0.045         0.006         0.012        -0.040        -0.065
 CON03         -0.058         0.007        -0.008        -0.018        -0.011
 CON04         -0.091        -0.044        -0.037        -0.044        -0.077
 CON05         -0.030         0.002         0.002        -0.030        -0.076
 CON06         -0.004         0.055         0.038         0.018        -0.018
 DEO01         -0.039        -0.022        -0.011        -0.032        -0.042
 DEO02         -0.005         0.042        -0.016         0.010         0.010
 DEO03         -0.061        -0.027        -0.066        -0.041        -0.035
 DEO04         -0.010         0.039         0.012         0.036         0.011
 DEO05         -0.025         0.014         0.007         0.027         0.019
 DEO06         -0.050        -0.023        -0.052        -0.019        -0.061
 DEO07         -0.048        -0.006        -0.024         0.001        -0.001
 DEO08         -0.111        -0.076        -0.100        -0.097        -0.085
 REL01         -0.048         0.013        -0.035         0.032         0.020
 REL02          0.003         0.051         0.022         0.041         0.064
 REL03         -0.008         0.040         0.004         0.020         0.055
 REL04          0.095         0.126         0.102         0.113         0.108
 REL05         -0.019         0.038         0.020         0.019         0.052


           Residuals for Correlations
              GEN03         BIR04         GENR04        BI05          GEN05
              ________      ________      ________      ________      ________
 GEN03          0.000
 BIR04         -0.026         0.000
 GENR04        -0.007         0.053         0.000
 BI05           0.020        -0.018        -0.027         0.000
 GEN05         -0.005         0.027         0.000        -0.016         0.000
 BIR06         -0.024         0.073         0.072         0.007        -0.017
 BI07           0.008        -0.027        -0.029         0.005        -0.010
 BIR08         -0.040         0.056         0.069        -0.018        -0.005
 BI09          -0.005        -0.064        -0.069         0.018         0.014
 B01           -0.004        -0.026        -0.030        -0.018         0.033
 R01            0.028        -0.046         0.035         0.032         0.033
 B02            0.045        -0.001         0.017         0.012         0.109
 R02            0.006        -0.011        -0.006         0.034        -0.061
 B03            0.012         0.014        -0.012         0.004         0.073
 R03            0.037        -0.033         0.024         0.045         0.001
 B04           -0.006         0.063        -0.013        -0.035         0.058
 R04            0.012        -0.001         0.016         0.021        -0.023
 B05           -0.024         0.029        -0.003        -0.026         0.039
 R05           -0.034        -0.066        -0.023        -0.033        -0.069
 N01            0.029        -0.126         0.025         0.012         0.020
 P01           -0.009        -0.059        -0.052        -0.012         0.025
 N02           -0.013        -0.115        -0.006        -0.017        -0.038
 P02            0.028         0.013        -0.011         0.003         0.049
 N03            0.123         0.062         0.086         0.134         0.116
 P03           -0.130        -0.105        -0.124        -0.158        -0.100
 N04            0.030        -0.044         0.048         0.041         0.045
 P04            0.052         0.023         0.034         0.038         0.093
 N05           -0.235        -0.256        -0.197        -0.234        -0.222
 P05            0.000        -0.023        -0.021        -0.033         0.033
 N06           -0.131        -0.142        -0.106        -0.127        -0.130
 N07           -0.001        -0.065        -0.010         0.026        -0.004
 P07            0.001        -0.008        -0.027        -0.005         0.073
 N08            0.072        -0.045         0.062         0.060         0.071
 P08           -0.116        -0.117        -0.129        -0.122        -0.075
 N09            0.036        -0.048         0.042         0.037         0.035
 P09           -0.094        -0.098        -0.135        -0.101        -0.045
 N10            0.021        -0.082         0.002         0.029         0.027
 P10           -0.156        -0.130        -0.154        -0.152        -0.096
 TRUST01       -0.056        -0.027        -0.070        -0.042        -0.015
 TRUST02       -0.028         0.019        -0.060        -0.001         0.018
 TRUST03       -0.004         0.042        -0.026        -0.001         0.023
 TRUST04       -0.066        -0.038        -0.123        -0.074        -0.054
 TRUST05       -0.044        -0.046        -0.093        -0.052        -0.025
 TRUST06        0.062         0.027         0.049         0.081         0.110
 TRUST07        0.101         0.071         0.065         0.123         0.131
 HED01          0.026         0.024         0.032         0.042         0.082
 HED03         -0.131        -0.043        -0.121        -0.131        -0.106
 HED04          0.024         0.015         0.056         0.032         0.076
 HED05         -0.135        -0.079        -0.120        -0.123        -0.064
 HED06         -0.057        -0.078        -0.049        -0.050        -0.008
 HED07         -0.011         0.017        -0.026         0.015         0.018
 HED08         -0.082        -0.082        -0.112        -0.070        -0.053
 HED09          0.020         0.029         0.012         0.044         0.048
 UTI01         -0.058        -0.053        -0.042        -0.047         0.024
 UTI02         -0.035        -0.050        -0.010        -0.027         0.024
 UTI03         -0.038        -0.007        -0.023        -0.026         0.033
 UTI04         -0.033         0.004        -0.009        -0.022         0.036
 UTI05         -0.030         0.004        -0.028        -0.007         0.026
 UTI06         -0.042        -0.007        -0.030        -0.022         0.008
 UTI07         -0.004         0.001         0.017         0.033         0.043
 UTI08          0.005        -0.019        -0.016         0.022         0.029
 UTI09         -0.010         0.021         0.009         0.008         0.049
 CON01          0.005         0.001         0.028         0.010         0.088
 CON02         -0.027        -0.014        -0.007        -0.023         0.062
 CON03          0.008        -0.005         0.004         0.000         0.055
 CON04         -0.068        -0.058        -0.047        -0.071         0.012
 CON05         -0.017        -0.001        -0.007        -0.011         0.055
 CON06          0.022         0.005         0.011         0.015         0.077
 DEO01         -0.045         0.026        -0.009        -0.034         0.021
 DEO02         -0.009         0.005         0.014        -0.001         0.028
 DEO03         -0.054        -0.015        -0.041        -0.048         0.017
 DEO04          0.019         0.007         0.007         0.018         0.081
 DEO05          0.025        -0.002         0.022         0.020         0.062
 DEO06         -0.026        -0.020        -0.020        -0.024         0.012
 DEO07         -0.006         0.004         0.003        -0.023         0.042
 DEO08         -0.091        -0.044        -0.080        -0.111        -0.016
 REL01          0.012         0.026        -0.010         0.010         0.040
 REL02          0.055         0.091         0.036         0.077         0.071
 REL03          0.047         0.045         0.020         0.037         0.044
 REL04          0.130         0.104         0.127         0.143         0.157
 REL05          0.024         0.084         0.011         0.042         0.048


           Residuals for Correlations
              BIR06         BI07          BIR08         BI09          B01
              ________      ________      ________      ________      ________
 BIR06          0.000
 BI07          -0.012         0.000
 BIR08          0.060         0.039         0.000
 BI09          -0.032         0.024        -0.050         0.000
 B01           -0.013         0.017        -0.030        -0.030         0.000
 R01            0.025         0.029        -0.010         0.030        -0.002
 B02            0.034         0.048         0.016         0.081         0.025
 R02           -0.003         0.036        -0.013         0.021        -0.019
 B03           -0.008         0.029         0.025         0.055         0.032
 R03            0.052         0.022         0.011         0.017        -0.044
 B04           -0.026        -0.023        -0.018        -0.060        -0.025
 R04            0.011         0.040        -0.015         0.010        -0.023
 B05            0.009        -0.021        -0.040        -0.037        -0.003
 R05           -0.029        -0.017        -0.039         0.002        -0.032
 N01            0.000         0.031         0.016         0.084         0.009
 P01           -0.044        -0.010        -0.066         0.092        -0.029
 N02           -0.016        -0.005         0.007         0.068        -0.052
 P02           -0.030        -0.005        -0.053         0.053        -0.017
 N03            0.110         0.169         0.100         0.177         0.118
 P03           -0.164        -0.138        -0.143        -0.048        -0.129
 N04            0.045         0.056         0.008         0.094        -0.002
 P04            0.011         0.028         0.020         0.064         0.018
 N05           -0.234        -0.202        -0.214        -0.148        -0.146
 P05           -0.031        -0.001        -0.048         0.001         0.006
 N06           -0.120        -0.095        -0.080        -0.046        -0.096
 N07           -0.004         0.060         0.007         0.099         0.047
 P07           -0.015        -0.001        -0.055         0.094        -0.001
 N08            0.034         0.081         0.006         0.110         0.035
 P08           -0.150        -0.129        -0.178         0.008        -0.127
 N09            0.011         0.078        -0.002         0.101         0.004
 P09           -0.109        -0.058        -0.090         0.002        -0.054
 N10            0.017         0.048        -0.003         0.109         0.012
 P10           -0.163        -0.147        -0.156        -0.048        -0.100
 TRUST01       -0.080        -0.039        -0.039         0.088         0.000
 TRUST02       -0.045        -0.016        -0.021         0.070         0.046
 TRUST03        0.006        -0.011        -0.036         0.024         0.061
 TRUST04       -0.108        -0.061        -0.075         0.065        -0.006
 TRUST05       -0.091        -0.031        -0.044         0.078         0.044
 TRUST06        0.038         0.103         0.057         0.190         0.083
 TRUST07        0.084         0.117         0.057         0.186         0.107
 HED01          0.044         0.019         0.019         0.032        -0.004
 HED03         -0.140        -0.126        -0.098        -0.039        -0.092
 HED04          0.029         0.024         0.032         0.056        -0.005
 HED05         -0.124        -0.111        -0.115        -0.016        -0.086
 HED06         -0.059        -0.051        -0.101         0.006        -0.050
 HED07         -0.003         0.004        -0.027         0.053        -0.012
 HED08         -0.078        -0.054        -0.072         0.031        -0.068
 HED09          0.013         0.028         0.020         0.082        -0.016
 UTI01         -0.050        -0.041        -0.016         0.001        -0.072
 UTI02         -0.016        -0.033        -0.004         0.040        -0.054
 UTI03         -0.024        -0.038         0.017         0.033        -0.060
 UTI04         -0.011        -0.027         0.035         0.003        -0.065
 UTI05         -0.006        -0.021         0.039         0.034        -0.062
 UTI06         -0.023        -0.042        -0.002         0.009        -0.053
 UTI07          0.013         0.002         0.035         0.075         0.010
 UTI08          0.000        -0.005         0.053         0.039        -0.039
 UTI09          0.010        -0.020         0.033         0.045        -0.016
 CON01         -0.007         0.021        -0.004         0.004         0.012
 CON02         -0.036         0.001        -0.027        -0.011        -0.002
 CON03         -0.017        -0.016        -0.029        -0.009        -0.018
 CON04         -0.076        -0.050        -0.057        -0.059        -0.035
 CON05         -0.003         0.003        -0.016         0.014        -0.006
 CON06         -0.002         0.029         0.018         0.039         0.042
 DEO01         -0.015        -0.010         0.015         0.002        -0.033
 DEO02          0.013         0.021         0.030         0.021         0.027
 DEO03         -0.052        -0.047        -0.030        -0.042        -0.054
 DEO04          0.008         0.024         0.011         0.048        -0.010
 DEO05          0.009         0.026         0.035         0.017        -0.030
 DEO06         -0.019        -0.011        -0.029         0.041        -0.040
 DEO07         -0.003         0.002         0.006         0.003        -0.012
 DEO08         -0.100        -0.076        -0.083        -0.043        -0.063
 REL01         -0.002        -0.002         0.005         0.047         0.001
 REL02          0.059         0.055         0.051         0.058        -0.004
 REL03          0.024         0.030         0.043         0.080         0.004
 REL04          0.133         0.121         0.116         0.107         0.073
 REL05          0.048         0.035         0.029         0.036         0.017


           Residuals for Correlations
              R01           B02           R02           B03           R03
              ________      ________      ________      ________      ________
 R01            0.000
 B02            0.076         0.000
 R02           -0.013         0.080         0.000
 B03            0.097         0.000         0.101         0.000
 R03           -0.027         0.073         0.069         0.039         0.000
 B04           -0.017        -0.053        -0.006         0.014        -0.021
 R04            0.039         0.058         0.062         0.066         0.037
 B05            0.029         0.003         0.011        -0.033        -0.013
 R05            0.017         0.021        -0.024         0.028        -0.042
 N01            0.011         0.038        -0.077        -0.010         0.011
 P01            0.058         0.143         0.132         0.051         0.065
 N02            0.035        -0.012        -0.005        -0.043         0.000
 P02           -0.053         0.063         0.005        -0.010        -0.017
 N03           -0.034         0.158        -0.119         0.116        -0.043
 P03            0.101        -0.019         0.092        -0.119         0.046
 N04           -0.018         0.086        -0.021         0.044         0.039
 P04           -0.033         0.105        -0.013         0.033        -0.069
 N05            0.068        -0.137         0.102        -0.148         0.092
 P05            0.007         0.042         0.012        -0.005        -0.074
 N06            0.073        -0.073         0.009        -0.087        -0.006
 N07           -0.041        -0.001        -0.087        -0.014        -0.023
 P07            0.008         0.055        -0.014         0.029         0.008
 N08            0.017         0.099        -0.035         0.052        -0.002
 P08            0.089         0.011         0.098        -0.106         0.062
 N09           -0.009         0.026        -0.071         0.007        -0.062
 P09            0.068         0.026         0.116         0.030         0.096
 N10            0.020         0.067         0.008         0.016         0.046
 P10            0.071        -0.018         0.085        -0.119         0.045
 TRUST01       -0.026         0.056         0.041        -0.007        -0.081
 TRUST02       -0.003         0.111         0.033         0.062        -0.081
 TRUST03       -0.093         0.064        -0.002         0.049        -0.039
 TRUST04       -0.037         0.024         0.020        -0.036        -0.110
 TRUST05       -0.032         0.057         0.026        -0.020        -0.091
 TRUST06       -0.056         0.139        -0.021         0.080        -0.082
 TRUST07       -0.119         0.173        -0.036         0.143        -0.103
 HED01         -0.021         0.090         0.008         0.045         0.036
 HED03         -0.042        -0.032         0.105        -0.044         0.129
 HED04         -0.010         0.094         0.019         0.048         0.067
 HED05          0.053         0.023         0.079        -0.026         0.130
 HED06          0.056         0.064         0.083        -0.031         0.088
 HED07         -0.048         0.041         0.043        -0.006         0.066
 HED08         -0.011         0.029         0.101        -0.024         0.107
 HED09         -0.030         0.050         0.019         0.018         0.026
 UTI01          0.073         0.061         0.035         0.034         0.129
 UTI02          0.027         0.111         0.049         0.052         0.132
 UTI03          0.032         0.076         0.042         0.053         0.100
 UTI04          0.045         0.050         0.046         0.055         0.100
 UTI05          0.009         0.088         0.056         0.090         0.134
 UTI06          0.028         0.074         0.047         0.065         0.130
 UTI07          0.054         0.103         0.049         0.150         0.105
 UTI08          0.021         0.076         0.048         0.112         0.111
 UTI09          0.022         0.071        -0.012         0.064         0.054
 CON01         -0.020         0.057         0.010         0.046         0.046
 CON02          0.017         0.042         0.012         0.020         0.038
 CON03         -0.010         0.015         0.024         0.017         0.101
 CON04          0.009         0.045         0.089         0.049         0.118
 CON05          0.014         0.037         0.013         0.014         0.010
 CON06         -0.014         0.043        -0.004         0.056         0.043
 DEO01          0.030         0.034         0.048        -0.006         0.066
 DEO02         -0.004         0.046         0.011        -0.036         0.021
 DEO03          0.017         0.028         0.054        -0.013         0.130
 DEO04          0.000         0.071         0.029         0.053         0.056
 DEO05         -0.033         0.080         0.037         0.069         0.095
 DEO06         -0.005         0.006         0.046        -0.024         0.066
 DEO07         -0.029         0.041         0.048         0.003         0.055
 DEO08         -0.005         0.037         0.093        -0.021         0.065
 REL01         -0.003         0.083         0.012         0.054         0.072
 REL02         -0.004         0.046         0.004         0.071         0.035
 REL03         -0.017         0.092        -0.005         0.047         0.067
 REL04         -0.073         0.091        -0.094         0.105        -0.020
 REL05         -0.077         0.027        -0.008         0.022         0.010


           Residuals for Correlations
              B04           R04           B05           R05           N01
              ________      ________      ________      ________      ________
 B04            0.000
 R04            0.038         0.000
 B05            0.031        -0.040         0.000
 R05           -0.037        -0.041         0.014         0.000
 N01            0.039        -0.059        -0.005         0.012         0.000
 P01           -0.033         0.063        -0.081         0.001         0.024
 N02           -0.022        -0.022        -0.014         0.055         0.049
 P02            0.014         0.018        -0.003        -0.056        -0.027
 N03            0.102        -0.140         0.074        -0.129         0.026
 P03           -0.080         0.101        -0.047         0.109         0.100
 N04            0.038        -0.039         0.022        -0.010        -0.014
 P04            0.054        -0.030         0.065        -0.092        -0.043
 N05           -0.145         0.082        -0.116         0.167         0.003
 P05            0.038         0.007         0.033        -0.026        -0.004
 N06           -0.081         0.014        -0.061         0.065         0.020
 N07            0.003        -0.056        -0.028        -0.033         0.038
 P07            0.013         0.038        -0.011        -0.011         0.016
 N08            0.058        -0.030         0.055        -0.038        -0.041
 P08           -0.074         0.110        -0.072         0.076         0.150
 N09            0.075        -0.059         0.030        -0.029        -0.035
 P09           -0.083         0.085        -0.096         0.065         0.097
 N10            0.039         0.003         0.013         0.005        -0.018
 P10           -0.092         0.112        -0.090         0.088         0.074
 TRUST01       -0.008         0.014         0.007         0.030        -0.033
 TRUST02       -0.015        -0.011         0.030         0.013        -0.070
 TRUST03        0.020        -0.068         0.094        -0.025        -0.131
 TRUST04       -0.031        -0.016        -0.009         0.043        -0.027
 TRUST05       -0.005        -0.027         0.008         0.028        -0.029
 TRUST06        0.055        -0.032         0.059        -0.065        -0.001
 TRUST07        0.099        -0.064         0.096        -0.118        -0.044
 HED01          0.017         0.001         0.006        -0.024        -0.011
 HED03         -0.093         0.042        -0.129         0.029        -0.006
 HED04         -0.005        -0.004        -0.010        -0.060         0.025
 HED05         -0.073         0.115        -0.099         0.063         0.075
 HED06         -0.043         0.081        -0.061        -0.005         0.052
 HED07          0.013        -0.003        -0.038        -0.063         0.012
 HED08         -0.061         0.073        -0.102         0.035         0.059
 HED09          0.024        -0.010        -0.039        -0.098         0.011
 UTI01         -0.039         0.034        -0.030         0.015         0.038
 UTI02         -0.040         0.026        -0.027         0.001         0.076
 UTI03         -0.014        -0.001        -0.060        -0.034         0.004
 UTI04         -0.005        -0.005        -0.046        -0.021         0.012
 UTI05         -0.010         0.026        -0.046        -0.026         0.046
 UTI06         -0.027         0.040        -0.046        -0.021         0.004
 UTI07         -0.007         0.016         0.009        -0.033        -0.018
 UTI08          0.006         0.038         0.007        -0.004        -0.001
 UTI09          0.005        -0.044        -0.021        -0.048         0.020
 CON01          0.011        -0.064        -0.021        -0.027        -0.005
 CON02          0.024        -0.063        -0.004         0.001        -0.006
 CON03         -0.001        -0.003        -0.067         0.009         0.018
 CON04          0.010         0.023        -0.043         0.038         0.005
 CON05          0.021        -0.115         0.044        -0.009        -0.036
 CON06          0.042        -0.033         0.002        -0.051         0.005
 DEO01          0.026         0.037        -0.034         0.032         0.054
 DEO02          0.011         0.018         0.012        -0.006        -0.011
 DEO03          0.000         0.027        -0.037         0.015         0.038
 DEO04          0.043        -0.013        -0.001        -0.055         0.006
 DEO05          0.008         0.011        -0.046        -0.067         0.006
 DEO06          0.004         0.010        -0.025        -0.027         0.062
 DEO07          0.048         0.005        -0.011        -0.033        -0.002
 DEO08         -0.016         0.056        -0.040         0.009         0.055
 REL01         -0.019        -0.038        -0.042        -0.086        -0.051
 REL02          0.023        -0.036         0.032        -0.105        -0.068
 REL03         -0.054        -0.033        -0.038        -0.098        -0.035
 REL04          0.091        -0.086         0.087        -0.158        -0.088
 REL05          0.006        -0.052         0.010        -0.109        -0.078


           Residuals for Correlations
              P01           N02           P02           N03           P03
              ________      ________      ________      ________      ________
 P01            0.000
 N02            0.012         0.000
 P02           -0.042        -0.065         0.000
 N03            0.168         0.001         0.090         0.000
 P03           -0.013         0.119        -0.009         0.113         0.000
 N04            0.089        -0.027         0.007         0.021         0.116
 P04            0.008        -0.071         0.018         0.103        -0.037
 N05           -0.077         0.028        -0.102        -0.051         0.091
 P05           -0.107        -0.035         0.043         0.038         0.053
 N06           -0.089         0.075        -0.069        -0.073         0.142
 N07            0.049         0.065        -0.042         0.000         0.093
 P07            0.040        -0.038         0.007         0.143        -0.024
 N08            0.138        -0.079         0.028         0.013         0.139
 P08            0.069         0.111        -0.045         0.186         0.170
 N09            0.092        -0.073         0.048         0.017         0.180
 P09            0.012         0.097        -0.075         0.160         0.040
 N10            0.133        -0.012        -0.010         0.018         0.105
 P10            0.036         0.091        -0.045         0.130         0.011
 TRUST01       -0.034        -0.062         0.015         0.053         0.054
 TRUST02        0.012        -0.091        -0.006         0.050        -0.035
 TRUST03       -0.028        -0.133        -0.003         0.048        -0.030
 TRUST04       -0.084        -0.050         0.000         0.092        -0.013
 TRUST05       -0.064        -0.034         0.027         0.095         0.024
 TRUST06        0.129        -0.065         0.083         0.131         0.019
 TRUST07        0.103        -0.094         0.072         0.137         0.043
 HED01         -0.009        -0.017         0.010         0.049        -0.023
 HED03         -0.088        -0.009        -0.113         0.037        -0.062
 HED04          0.019         0.003         0.031         0.107        -0.033
 HED05         -0.025         0.059        -0.031         0.122        -0.014
 HED06         -0.006         0.029         0.026         0.092        -0.015
 HED07          0.031         0.025         0.067         0.111        -0.015
 HED08          0.012         0.032        -0.007         0.139        -0.023
 HED09          0.019        -0.005         0.060         0.142        -0.020
 UTI01          0.004         0.027        -0.002         0.106        -0.052
 UTI02          0.003         0.076        -0.012         0.068        -0.059
 UTI03          0.038         0.005         0.018         0.076        -0.050
 UTI04          0.013         0.013        -0.008         0.106        -0.070
 UTI05          0.053         0.026         0.013         0.134        -0.069
 UTI06          0.060        -0.007         0.007         0.106        -0.063
 UTI07          0.058        -0.010         0.006         0.068        -0.049
 UTI08          0.014         0.002         0.025         0.049        -0.045
 UTI09         -0.007         0.003         0.005         0.131        -0.064
 CON01          0.030        -0.047         0.001         0.080        -0.126
 CON02          0.023        -0.039        -0.011         0.090        -0.088
 CON03          0.019        -0.005        -0.023         0.065        -0.111
 CON04          0.012        -0.011        -0.065         0.065        -0.080
 CON05          0.004        -0.022        -0.003         0.063        -0.062
 CON06          0.034        -0.049        -0.010         0.055        -0.087
 DEO01          0.056         0.039         0.002         0.089        -0.085
 DEO02         -0.018         0.005         0.046         0.069         0.005
 DEO03          0.039         0.035         0.000         0.093        -0.078
 DEO04          0.048         0.001         0.040         0.055        -0.053
 DEO05          0.043        -0.024         0.010         0.093        -0.079
 DEO06          0.003         0.042         0.011         0.113        -0.070
 DEO07          0.037        -0.022         0.031         0.062        -0.062
 DEO08          0.044         0.047         0.002         0.060        -0.064
 REL01          0.070        -0.075        -0.002         0.075        -0.131
 REL02          0.040        -0.037         0.027         0.082        -0.110
 REL03          0.075        -0.047        -0.005         0.084        -0.144
 REL04          0.054        -0.105         0.080         0.043        -0.064
 REL05          0.008        -0.072         0.010         0.049        -0.081


           Residuals for Correlations
              N04           P04           N05           P05           N06
              ________      ________      ________      ________      ________
 N04            0.000
 P04           -0.022         0.000
 N05           -0.052        -0.197         0.000
 P05            0.036        -0.013        -0.073         0.000
 N06           -0.046        -0.068         0.000        -0.009         0.000
 N07           -0.037        -0.027         0.017        -0.013         0.009
 P07            0.057        -0.005        -0.139         0.003        -0.066
 N08            0.101        -0.020        -0.022         0.040        -0.072
 P08            0.130        -0.015         0.032        -0.015         0.090
 N09            0.042        -0.008         0.011         0.071         0.001
 P09            0.100        -0.011         0.035        -0.050         0.065
 N10            0.000         0.000        -0.051         0.022        -0.051
 P10            0.116        -0.029         0.033         0.014         0.065
 TRUST01        0.005         0.000        -0.008         0.035        -0.023
 TRUST02       -0.038        -0.006        -0.049         0.059        -0.085
 TRUST03       -0.091        -0.014        -0.057         0.045        -0.115
 TRUST04        0.004        -0.049         0.021        -0.001         0.000
 TRUST05       -0.005        -0.012         0.018         0.030        -0.010
 TRUST06        0.036         0.081        -0.071         0.086        -0.119
 TRUST07        0.004         0.080        -0.080         0.069        -0.129
 HED01          0.000         0.019        -0.122        -0.003        -0.097
 HED03         -0.004        -0.124         0.020        -0.133        -0.014
 HED04          0.055         0.047        -0.145         0.028        -0.087
 HED05          0.032        -0.065        -0.043         0.013        -0.012
 HED06          0.070         0.001        -0.086         0.014        -0.057
 HED07          0.028         0.063        -0.128         0.027        -0.063
 HED08          0.076        -0.022        -0.042        -0.001        -0.050
 HED09          0.006         0.060        -0.140         0.004        -0.083
 UTI01          0.038        -0.009        -0.091         0.019        -0.051
 UTI02          0.074         0.000        -0.099         0.010        -0.064
 UTI03          0.035         0.003        -0.102         0.006        -0.088
 UTI04          0.037         0.003        -0.093        -0.006        -0.075
 UTI05          0.086         0.017        -0.125        -0.021        -0.083
 UTI06          0.037         0.008        -0.137        -0.041        -0.096
 UTI07          0.030         0.016        -0.146         0.018        -0.092
 UTI08          0.040         0.051        -0.088         0.017        -0.062
 UTI09          0.036         0.016        -0.107        -0.029        -0.060
 CON01          0.016         0.044        -0.201         0.019        -0.132
 CON02          0.013         0.037        -0.148         0.025        -0.085
 CON03          0.038        -0.023        -0.180         0.022        -0.107
 CON04          0.007        -0.022        -0.125        -0.005        -0.098
 CON05          0.012        -0.001        -0.094         0.053        -0.093
 CON06          0.002         0.038        -0.172         0.027        -0.079
 DEO01          0.051         0.028        -0.069         0.025        -0.059
 DEO02         -0.018         0.007        -0.110         0.055        -0.078
 DEO03          0.026         0.025        -0.106         0.025        -0.062
 DEO04          0.005         0.065        -0.164         0.080        -0.083
 DEO05         -0.020         0.038        -0.151         0.002        -0.078
 DEO06          0.046         0.031        -0.085         0.038        -0.027
 DEO07         -0.016         0.064        -0.143         0.023        -0.057
 DEO08          0.038         0.017        -0.059         0.049        -0.009
 REL01         -0.010         0.029        -0.181        -0.014        -0.145
 REL02         -0.028         0.065        -0.199         0.015        -0.143
 REL03         -0.024         0.037        -0.201        -0.020        -0.128
 REL04         -0.066         0.118        -0.255         0.034        -0.195
 REL05         -0.061         0.044        -0.200         0.017        -0.130


           Residuals for Correlations
              N07           P07           N08           P08           N09
              ________      ________      ________      ________      ________
 N07            0.000
 P07            0.018         0.000
 N08           -0.054         0.062         0.000
 P08            0.140        -0.032         0.160         0.000
 N09           -0.051         0.081         0.116         0.177         0.000
 P09            0.108         0.019         0.126         0.143         0.131
 N10           -0.023         0.074         0.078         0.135         0.033
 P10            0.117        -0.014         0.110         0.174         0.183
 TRUST01        0.009        -0.008         0.089         0.002         0.071
 TRUST02        0.020        -0.005         0.020        -0.030        -0.022
 TRUST03        0.001        -0.007        -0.054        -0.052        -0.071
 TRUST04        0.003        -0.046         0.083        -0.062         0.058
 TRUST05        0.025        -0.023         0.069        -0.020         0.071
 TRUST06        0.049         0.130         0.101         0.023         0.034
 TRUST07        0.037         0.089         0.054         0.015        -0.015
 HED01         -0.004        -0.014        -0.019        -0.017         0.026
 HED03          0.038        -0.150         0.005        -0.087         0.010
 HED04          0.047         0.015         0.069        -0.018         0.060
 HED05          0.080        -0.049         0.071        -0.020         0.062
 HED06          0.042        -0.020         0.067         0.001         0.089
 HED07          0.045         0.023         0.023        -0.003         0.045
 HED08          0.083        -0.023         0.047        -0.015         0.090
 HED09          0.070         0.016         0.027        -0.017         0.055
 UTI01          0.032        -0.020         0.081        -0.060         0.071
 UTI02          0.028        -0.036         0.072        -0.041         0.070
 UTI03          0.027        -0.003         0.051        -0.053         0.044
 UTI04          0.028        -0.026         0.042        -0.105         0.039
 UTI05          0.034         0.005         0.088        -0.047         0.058
 UTI06          0.005        -0.005         0.089        -0.069         0.035
 UTI07         -0.011         0.000         0.042        -0.054         0.050
 UTI08         -0.005         0.022         0.065        -0.087         0.030
 UTI09          0.033        -0.021         0.048        -0.075         0.049
 CON01         -0.033         0.020         0.046        -0.053         0.014
 CON02          0.002         0.025         0.061        -0.045         0.024
 CON03          0.036        -0.008         0.056        -0.065         0.002
 CON04         -0.001        -0.042         0.037        -0.073         0.009
 CON05         -0.008        -0.008         0.025        -0.034         0.021
 CON06          0.005         0.051         0.020        -0.061         0.010
 DEO01          0.044         0.045         0.107        -0.015         0.071
 DEO02          0.033         0.011         0.009        -0.001        -0.002
 DEO03          0.066         0.011         0.059        -0.078         0.075
 DEO04          0.014         0.029         0.021        -0.048         0.042
 DEO05          0.026         0.002         0.011        -0.100         0.029
 DEO06          0.058         0.029         0.062        -0.096         0.116
 DEO07         -0.009         0.016         0.005        -0.071         0.019
 DEO08          0.046         0.013         0.083        -0.099         0.078
 REL01         -0.010        -0.028         0.001        -0.095        -0.023
 REL02          0.007         0.001        -0.038        -0.084        -0.023
 REL03         -0.022        -0.014        -0.018        -0.087        -0.038
 REL04         -0.031         0.048        -0.049        -0.077        -0.042
 REL05          0.009        -0.008        -0.040        -0.115        -0.021


           Residuals for Correlations
              P09           N10           P10           TRUST01       TRUST02
              ________      ________      ________      ________      ________
 P09            0.000
 N10            0.133         0.000
 P10            0.024         0.117         0.000
 TRUST01       -0.060         0.019         0.038         0.000
 TRUST02        0.022        -0.023         0.041        -0.003         0.000
 TRUST03       -0.006        -0.110         0.014        -0.013         0.000
 TRUST04       -0.073         0.022        -0.021         0.010        -0.038
 TRUST05       -0.032         0.019         0.008         0.004        -0.027
 TRUST06        0.044         0.090         0.060        -0.023         0.115
 TRUST07        0.064         0.028         0.067        -0.025         0.208
 HED01         -0.032        -0.028        -0.044         0.012         0.021
 HED03         -0.038        -0.015        -0.109         0.036        -0.016
 HED04         -0.032         0.043        -0.055         0.005        -0.010
 HED05         -0.021         0.030        -0.069         0.018        -0.015
 HED06         -0.025         0.048        -0.041         0.001        -0.020
 HED07         -0.010         0.018        -0.020         0.054        -0.012
 HED08          0.009         0.061        -0.013        -0.001         0.030
 HED09         -0.010         0.005        -0.031         0.079         0.023
 UTI01         -0.025         0.045        -0.036        -0.044         0.027
 UTI02         -0.046         0.067        -0.021        -0.033         0.000
 UTI03         -0.016         0.041        -0.032        -0.020        -0.011
 UTI04         -0.033         0.025        -0.061        -0.037         0.035
 UTI05         -0.008         0.077        -0.059        -0.044         0.028
 UTI06          0.023         0.043        -0.027        -0.025         0.085
 UTI07          0.021         0.016        -0.002        -0.033         0.013
 UTI08         -0.020         0.025        -0.025        -0.021         0.037
 UTI09         -0.021         0.019        -0.077        -0.051         0.008
 CON01         -0.014         0.000        -0.067         0.043         0.100
 CON02         -0.010        -0.002        -0.063         0.030         0.085
 CON03         -0.008         0.021        -0.064        -0.016         0.044
 CON04         -0.002         0.020        -0.056        -0.013         0.001
 CON05         -0.004        -0.018        -0.034         0.036         0.094
 CON06         -0.018         0.008        -0.052         0.021         0.069
 DEO01         -0.009         0.047         0.005         0.015         0.071
 DEO02         -0.004        -0.031        -0.008         0.028         0.032
 DEO03         -0.020         0.017        -0.050        -0.026         0.060
 DEO04         -0.037        -0.026        -0.038         0.031         0.059
 DEO05         -0.041        -0.038        -0.103        -0.009        -0.010
 DEO06         -0.073         0.050        -0.092         0.014         0.027
 DEO07         -0.042        -0.016        -0.079        -0.032        -0.035
 DEO08         -0.018         0.036        -0.061        -0.025         0.020
 REL01          0.008        -0.029        -0.055        -0.029         0.051
 REL02         -0.036        -0.033        -0.097        -0.028         0.046
 REL03         -0.020        -0.011        -0.083         0.013         0.053
 REL04         -0.042        -0.088        -0.064        -0.021         0.018
 REL05         -0.065        -0.071        -0.080        -0.016         0.035


           Residuals for Correlations
              TRUST03       TRUST04       TRUST05       TRUST06       TRUST07
              ________      ________      ________      ________      ________
 TRUST03        0.000
 TRUST04        0.011         0.000
 TRUST05       -0.007         0.000         0.000
 TRUST06       -0.014        -0.007         0.012         0.000
 TRUST07        0.119        -0.027        -0.013         0.000         0.000
 HED01          0.019        -0.046         0.007         0.033         0.091
 HED03          0.017         0.025         0.040         0.053         0.078
 HED04          0.007        -0.030         0.030         0.080         0.130
 HED05         -0.020        -0.010         0.043         0.066         0.104
 HED06         -0.026        -0.039        -0.002         0.027         0.085
 HED07          0.026         0.020         0.068         0.087         0.154
 HED08          0.011        -0.021         0.052         0.090         0.145
 HED09          0.031         0.056         0.098         0.107         0.180
 UTI01          0.014        -0.067        -0.015         0.037         0.097
 UTI02          0.045        -0.079        -0.020         0.045         0.120
 UTI03          0.035        -0.069        -0.012         0.052         0.106
 UTI04          0.080        -0.074        -0.020         0.051         0.138
 UTI05          0.037        -0.085        -0.046         0.057         0.126
 UTI06          0.052        -0.034         0.001         0.100         0.148
 UTI07          0.034        -0.062        -0.012         0.053         0.082
 UTI08          0.070        -0.062        -0.021         0.041         0.105
 UTI09          0.049        -0.052        -0.008         0.032         0.114
 CON01          0.093        -0.008         0.012         0.071         0.165
 CON02          0.080        -0.005         0.029         0.082         0.143
 CON03          0.053        -0.060        -0.015         0.082         0.079
 CON04          0.021        -0.068        -0.019         0.054         0.092
 CON05          0.054         0.002         0.054         0.085         0.136
 CON06          0.074        -0.017         0.018         0.105         0.121
 DEO01          0.075        -0.048         0.005         0.117         0.119
 DEO02          0.035        -0.025         0.036         0.025         0.099
 DEO03          0.057        -0.075        -0.019         0.112         0.141
 DEO04          0.054        -0.043         0.028         0.108         0.120
 DEO05          0.043        -0.022        -0.002         0.085         0.085
 DEO06          0.055        -0.016         0.040         0.084         0.100
 DEO07          0.005        -0.072        -0.026         0.032         0.045
 DEO08          0.040        -0.067        -0.016         0.013         0.083
 REL01          0.066        -0.057        -0.028         0.088         0.137
 REL02          0.057        -0.060        -0.019         0.062         0.100
 REL03          0.038        -0.011         0.017         0.117         0.145
 REL04          0.050        -0.058        -0.037         0.070         0.088
 REL05          0.082        -0.037        -0.009         0.071         0.119


           Residuals for Correlations
              HED01         HED03         HED04         HED05         HED06
              ________      ________      ________      ________      ________
 HED01          0.000
 HED03         -0.007         0.000
 HED04          0.026        -0.033         0.000
 HED05          0.022         0.069        -0.050         0.000
 HED06          0.016         0.049         0.022         0.057         0.000
 HED07         -0.022        -0.004        -0.030        -0.010        -0.027
 HED08         -0.013         0.045         0.000         0.087         0.024
 HED09         -0.048         0.001        -0.009        -0.022        -0.038
 UTI01          0.070         0.021         0.083         0.026         0.065
 UTI02          0.075        -0.003         0.069         0.011         0.038
 UTI03          0.074         0.014         0.109         0.021         0.025
 UTI04          0.057        -0.004         0.040        -0.049        -0.010
 UTI05          0.026        -0.008         0.055        -0.063        -0.024
 UTI06          0.060        -0.004         0.078        -0.048        -0.006
 UTI07          0.046         0.021         0.079        -0.029         0.000
 UTI08          0.037         0.041         0.046        -0.053        -0.008
 UTI09          0.050         0.013         0.060        -0.058         0.001
 CON01          0.018        -0.068         0.020        -0.049        -0.046
 CON02         -0.019        -0.053        -0.011        -0.057        -0.071
 CON03          0.024        -0.027         0.035        -0.005        -0.044
 CON04          0.002         0.025         0.013        -0.035        -0.062
 CON05          0.006         0.020         0.026        -0.060        -0.027
 CON06         -0.007        -0.050         0.002        -0.074        -0.074
 DEO01         -0.020        -0.082         0.015        -0.044        -0.067
 DEO02          0.112         0.027         0.088         0.085         0.118
 DEO03         -0.007        -0.114        -0.020        -0.059        -0.085
 DEO04          0.045        -0.114         0.025        -0.037        -0.021
 DEO05          0.051        -0.073         0.041        -0.043        -0.031
 DEO06         -0.001        -0.106         0.016        -0.075        -0.047
 DEO07          0.017        -0.099         0.028        -0.085        -0.023
 DEO08         -0.005        -0.116         0.007        -0.051        -0.054
 REL01         -0.031        -0.060        -0.005        -0.079        -0.058
 REL02          0.025        -0.090         0.036        -0.096        -0.061
 REL03         -0.027        -0.076        -0.005        -0.077        -0.088
 REL04          0.067        -0.098         0.040        -0.106        -0.052
 REL05          0.007        -0.098        -0.006        -0.105        -0.071


           Residuals for Correlations
              HED07         HED08         HED09         UTI01         UTI02
              ________      ________      ________      ________      ________
 HED07          0.000
 HED08         -0.020         0.000
 HED09          0.088        -0.019         0.000
 UTI01          0.027         0.061         0.044         0.000
 UTI02          0.016         0.027         0.042         0.039         0.000
 UTI03          0.062         0.026         0.114        -0.002         0.004
 UTI04          0.014        -0.015         0.058        -0.011        -0.011
 UTI05          0.024        -0.026         0.027         0.002         0.017
 UTI06          0.045         0.010         0.067         0.030        -0.022
 UTI07          0.034         0.003         0.047         0.017         0.007
 UTI08          0.035         0.005         0.063        -0.017        -0.012
 UTI09          0.051        -0.013         0.083        -0.033        -0.011
 CON01         -0.012        -0.021        -0.009        -0.019        -0.014
 CON02         -0.011        -0.048        -0.034        -0.018        -0.060
 CON03          0.000         0.007         0.005         0.004         0.022
 CON04         -0.013         0.010        -0.021         0.007        -0.008
 CON05          0.020         0.004         0.047        -0.036        -0.018
 CON06          0.008        -0.023         0.004        -0.006         0.014
 DEO01         -0.048        -0.040        -0.021        -0.046        -0.018
 DEO02          0.109         0.145         0.117         0.050         0.061
 DEO03         -0.008        -0.046        -0.004        -0.047        -0.001
 DEO04          0.044        -0.009         0.021        -0.030         0.030
 DEO05          0.018         0.000         0.020        -0.006         0.036
 DEO06          0.025        -0.018         0.025        -0.048        -0.012
 DEO07          0.042        -0.027         0.032        -0.014        -0.014
 DEO08         -0.019        -0.016         0.005        -0.014         0.009
 REL01         -0.008        -0.040         0.009        -0.028        -0.016
 REL02          0.005        -0.066         0.048        -0.051        -0.023
 REL03         -0.033        -0.060         0.015        -0.074        -0.007
 REL04         -0.005        -0.074         0.020        -0.007         0.020
 REL05          0.002        -0.093         0.021        -0.073        -0.037


           Residuals for Correlations
              UTI03         UTI04         UTI05         UTI06         UTI07
              ________      ________      ________      ________      ________
 UTI03          0.000
 UTI04          0.005         0.000
 UTI05         -0.016        -0.006         0.000
 UTI06          0.029         0.005         0.011         0.000
 UTI07         -0.018        -0.015         0.000        -0.024         0.000
 UTI08          0.006        -0.006        -0.010        -0.010         0.075
 UTI09         -0.018         0.034         0.009        -0.016        -0.013
 CON01          0.005        -0.017        -0.011         0.005        -0.036
 CON02         -0.013        -0.041        -0.050        -0.010        -0.064
 CON03          0.064         0.018         0.028         0.043        -0.003
 CON04          0.036        -0.010        -0.011         0.017        -0.017
 CON05          0.033        -0.015        -0.017        -0.007        -0.012
 CON06          0.024         0.011         0.007         0.044         0.017
 DEO01         -0.050        -0.020        -0.022        -0.023        -0.047
 DEO02          0.053         0.014         0.005         0.020         0.033
 DEO03         -0.032        -0.024        -0.021        -0.018        -0.029
 DEO04          0.001         0.002        -0.012        -0.025         0.002
 DEO05          0.013         0.010         0.016         0.021        -0.017
 DEO06         -0.032        -0.046        -0.061        -0.060        -0.071
 DEO07          0.008        -0.013        -0.033        -0.015        -0.029
 DEO08          0.009        -0.033        -0.041        -0.017        -0.045
 REL01          0.000        -0.009        -0.002        -0.003         0.009
 REL02         -0.004         0.003         0.003        -0.016         0.007
 REL03         -0.021        -0.002        -0.027        -0.012         0.004
 REL04          0.005         0.026         0.038         0.016         0.042
 REL05         -0.045        -0.016        -0.035        -0.019        -0.022


           Residuals for Correlations
              UTI08         UTI09         CON01         CON02         CON03
              ________      ________      ________      ________      ________
 UTI08          0.000
 UTI09         -0.004         0.000
 CON01         -0.008         0.010         0.000
 CON02         -0.029        -0.032         0.022         0.000
 CON03          0.008         0.022        -0.005        -0.034         0.000
 CON04         -0.008        -0.041        -0.019        -0.002         0.043
 CON05         -0.002        -0.007        -0.008         0.007         0.009
 CON06          0.012         0.025        -0.013         0.002         0.003
 DEO01         -0.052        -0.021         0.003         0.006         0.046
 DEO02          0.042         0.060         0.053         0.033         0.076
 DEO03         -0.008         0.020         0.038         0.000         0.096
 DEO04          0.023         0.023         0.043         0.008         0.084
 DEO05          0.010         0.040         0.055         0.022         0.095
 DEO06         -0.021         0.018        -0.002        -0.019         0.074
 DEO07          0.000         0.028         0.010         0.001         0.059
 DEO08          0.013        -0.007         0.007        -0.011         0.061
 REL01         -0.012        -0.015        -0.039        -0.053        -0.016
 REL02          0.020         0.012        -0.007        -0.036         0.023
 REL03         -0.021        -0.025        -0.018        -0.053         0.007
 REL04          0.048         0.060         0.018         0.003         0.035
 REL05         -0.025         0.009        -0.003        -0.015         0.001


           Residuals for Correlations
              CON04         CON05         CON06         DEO01         DEO02
              ________      ________      ________      ________      ________
 CON04          0.000
 CON05          0.000         0.000
 CON06          0.010        -0.007         0.000
 DEO01         -0.028         0.034        -0.018         0.000
 DEO02          0.044         0.063         0.028        -0.012         0.000
 DEO03          0.008         0.026         0.025         0.145        -0.008
 DEO04          0.023         0.022         0.038        -0.003         0.013
 DEO05          0.051        -0.002         0.093        -0.044        -0.002
 DEO06         -0.027         0.001         0.032         0.000        -0.002
 DEO07          0.009         0.023         0.048        -0.030        -0.023
 DEO08          0.017         0.020         0.011         0.006        -0.030
 REL01         -0.003        -0.024        -0.007        -0.015        -0.048
 REL02         -0.029        -0.021        -0.010        -0.055        -0.006
 REL03         -0.026        -0.015         0.001        -0.026        -0.067
 REL04          0.006         0.011         0.038        -0.033         0.030
 REL05         -0.024        -0.014         0.015        -0.012        -0.018


           Residuals for Correlations
              DEO03         DEO04         DEO05         DEO06         DEO07
              ________      ________      ________      ________      ________
 DEO03          0.000
 DEO04          0.034         0.000
 DEO05         -0.003         0.005         0.000
 DEO06         -0.017        -0.016        -0.018         0.000
 DEO07         -0.046        -0.023        -0.002         0.055         0.000
 DEO08          0.010        -0.005        -0.002         0.015         0.020
 REL01         -0.061        -0.023         0.038        -0.062        -0.013
 REL02         -0.041         0.018         0.055        -0.023        -0.001
 REL03         -0.072        -0.030         0.070        -0.056        -0.025
 REL04         -0.032         0.042         0.103         0.009         0.040
 REL05         -0.033         0.001         0.066        -0.026         0.019


           Residuals for Correlations
              DEO08         REL01         REL02         REL03         REL04
              ________      ________      ________      ________      ________
 DEO08          0.000
 REL01         -0.019         0.000
 REL02         -0.036        -0.012         0.000
 REL03         -0.031         0.097        -0.010         0.000
 REL04         -0.040        -0.041         0.016        -0.034         0.000
 REL05         -0.010        -0.001        -0.001        -0.005         0.011


           Residuals for Correlations
              REL05
              ________
 REL05          0.000


           Standardized Residuals (z-scores) for Covariances
              BI01          GEN01         BI02          GENR02        BIR03
              ________      ________      ________      ________      ________
 BI01          -0.709
 GEN01          0.827        -0.855
 BI02           2.345         7.004        -0.721
 GENR02        -2.609        -1.672        -1.744        -1.055
 BIR03         -2.226        -1.603        -2.964        26.151        -0.592
 GEN03          2.920         2.067        -0.898        -3.201        -1.445
 BIR04         -2.572        -1.743        -2.906         2.556         5.475
 GENR04        -0.077        -2.348        -1.857       999.000         7.553
 BI05           1.233        -0.464        -0.617        -3.851        -1.267
 GEN05         -0.931         0.550        -0.173        -0.723        -0.704
 BIR06         -0.465        -2.425        -2.430       999.000         8.933
 BI07           0.518         0.349         1.366        -2.329        -1.692
 BIR08         -2.247        -2.368        -0.764         9.415         2.577
 BI09          -0.757         1.771         4.615        -1.297        -2.571
 B01            0.467         2.278        -0.526        -0.485        -0.550
 R01            2.032         2.241         0.429         0.869         0.057
 B02            0.777         2.130         1.584        -0.140        -0.187
 R02           -0.292         0.776         0.748        -0.784         0.385
 B03           -0.779         1.150        -0.646        -0.056         0.226
 R03            0.501         0.923         0.495         1.662         2.342
 B04           -0.051        -0.992        -0.592        -0.845        -1.256
 R04            1.277         1.556         2.008        -0.192         1.460
 B05            0.645        -0.032         0.574        -0.466        -1.652
 R05           -0.596       999.000        -0.808        -2.118        -1.381
 N01            2.641         1.854         3.378        -1.303        -2.419
 P01            0.364         1.539         3.484        -0.975        -1.806
 N02            1.036        -0.085         0.825        -1.609        -2.055
 P02            1.314         4.758         5.046         0.988        -1.371
 N03            4.496         3.633         4.020         1.680         1.032
 P03           -2.212        -2.499         0.247        -3.118        -4.635
 N04            2.756         1.578         2.069        -0.216        -0.772
 P04            4.736         5.781         7.918         1.833        -0.578
 N05           -6.270        -8.655        -5.930        -7.882        -6.294
 P05            1.626         1.790         3.291        -0.032        -2.559
 N06           -2.965        -3.832        -3.062        -3.112        -4.527
 N07            1.783         1.220         1.495        -0.727        -1.782
 P07            1.792         4.017         8.930        -0.584        -2.138
 N08            3.621         3.699         3.742        -0.315        -0.639
 P08           -1.907        -2.045         1.058        -3.881        -4.085
 N09            2.172         1.623         2.567        -0.751        -2.860
 P09           -2.569        -1.556         0.078        -3.074        -3.645
 N10            2.268         2.189         2.849        -1.986        -1.994
 P10           -2.682        -3.004        -0.280        -3.948        -4.262
 TRUST01       -2.137        -1.492         0.754        -1.484        -3.322
 TRUST02       -1.139        -0.459        -0.089        -2.292        -1.839
 TRUST03       -1.425        -0.710         0.415        -0.336        -0.986
 TRUST04       -4.044        -2.275        -0.623        -3.147        -3.899
 TRUST05       -3.018        -0.824         0.480        -2.707        -3.453
 TRUST06        1.849         2.912         2.948         0.814        -0.048
 TRUST07        2.792         3.228         3.198         1.257         0.184
 HED01          1.156         1.142         0.687         1.357         0.326
 HED03         -4.192        -3.606        -2.947        -2.380        -3.215
 HED04         -0.066         1.725         1.150         1.150        -0.357
 HED05         -3.553        -2.913        -2.349        -3.542        -2.596
 HED06         -2.381        -1.334        -1.100        -1.503        -2.471
 HED07         -1.002         1.294         0.300         0.656         0.047
 HED08         -2.645        -2.119        -2.003        -2.438        -2.508
 HED09         -0.782         2.401         0.542         0.740         0.814
 UTI01         -2.527        -1.198        -1.991        -1.153        -0.796
 UTI02         -2.229        -1.454        -1.181        -1.066        -0.360
 UTI03         -2.741        -0.867        -1.702        -0.594        -0.237
 UTI04         -2.431         0.011        -1.421         0.157         0.465
 UTI05         -2.439        -0.755        -1.574        -0.025        -0.227
 UTI06         -3.237        -0.429        -1.418        -0.891         0.216
 UTI07         -0.478         1.165        -0.555         0.808         0.748
 UTI08         -0.890         0.863         0.007        -0.380         0.574
 UTI09         -2.319         0.203        -1.202         0.451         0.902
 CON01         -0.965         1.361         0.748        -0.672        -0.491
 CON02         -1.816         0.279         0.507        -1.398        -1.993
 CON03         -2.292         0.274        -0.319        -0.604        -0.350
 CON04         -3.129        -1.711        -1.310        -1.395        -2.270
 CON05         -1.056         0.060         0.055        -0.929        -2.215
 CON06         -0.193         2.774         1.542         0.624        -0.554
 DEO01         -1.140        -0.722        -0.337        -0.896        -1.146
 DEO02         -0.207         1.581        -0.563         0.316         0.306
 DEO03         -2.116        -1.095        -2.272        -1.368        -1.148
 DEO04         -0.409         1.917         0.442         1.288         0.367
 DEO05         -0.983         0.576         0.271         0.931         0.574
 DEO06         -2.038        -1.097        -2.034        -0.812        -2.006
 DEO07         -1.939        -0.351        -0.974         0.037        -0.032
 DEO08         -3.676        -2.790        -3.169        -3.170        -2.474
 REL01         -2.201         0.758        -1.423         1.189         0.743
 REL02          0.158         9.847         1.201         1.794         3.039
 REL03         -0.416         2.596         0.132         0.705         2.101
 REL04          7.523       999.000         6.543         5.100         4.481
 REL05         -1.152         4.541         1.124         0.799         2.328


           Standardized Residuals (z-scores) for Covariances
              GEN03         BIR04         GENR04        BI05          GEN05
              ________      ________      ________      ________      ________
 GEN03         -1.138
 BIR04         -2.174        -0.882
 GENR04        -1.042         2.149        -0.757
 BI05           2.814        -2.543        -1.994        -1.171
 GEN05         -0.630         1.342        -0.122        -1.377        -0.694
 BIR06         -2.101         5.344       999.000         0.440        -1.246
 BI07           0.596        -1.373        -1.647         0.369        -1.012
 BIR08         -3.928         2.030        10.978        -2.789        -0.386
 BI09          -0.562        -2.135        -2.954         2.276         0.778
 B01           -0.358        -0.830        -1.312        -1.189         2.059
 R01            1.227        -1.345         1.223         1.328         1.304
 B02            3.006        -0.032         0.728         0.968         5.006
 R02            0.385        -0.356        -0.192         1.858        -2.880
 B03            0.716         0.405        -0.491         0.192         3.498
 R03            1.968        -1.212         1.029         2.037         0.064
 B04           -0.527         2.371        -0.794        -2.909         4.272
 R04            0.691        -0.012         0.685         1.135        -0.890
 B05           -1.395         1.144        -0.214        -1.442         1.969
 R05          999.000        -2.512        -1.182       999.000        -4.506
 N01            1.479        -3.553         0.965         0.737         0.884
 P01           -0.353        -1.637        -1.655        -0.467         0.824
 N02           -0.628        -3.303        -0.179        -0.878        -1.469
 P02            1.917         0.414        -0.442         0.152         2.188
 N03            3.945         1.658         2.544         3.973         3.372
 P03           -3.668        -2.691        -3.367        -4.519        -2.796
 N04            1.312        -1.354         1.765         1.799         1.776
 P04            3.151         0.683         1.352         2.015         4.538
 N05           -9.741        -6.582        -6.190       -10.469        -7.568
 P05           -0.011        -0.649        -0.717        -1.315         1.080
 N06           -4.553        -3.460        -3.179        -4.672        -4.028
 N07           -0.012        -1.646        -0.281         0.829        -0.119
 P07            0.038        -0.262        -1.104        -0.329         3.384
 N08            2.842        -1.387         2.216         2.530         2.535
 P08           -3.590        -2.991        -3.562        -3.770        -2.398
 N09            1.622        -1.323         1.447         1.713         1.430
 P09           -2.741        -2.423        -3.613        -3.015        -1.295
 N10            1.039        -2.602         0.098         1.387         1.058
 P10           -4.891        -3.317        -4.347        -4.670        -2.880
 TRUST01       -2.246        -0.760        -2.245        -1.653        -0.601
 TRUST02       -0.764         0.465        -1.475        -0.032         0.466
 TRUST03       -0.115         1.056        -0.660        -0.029         0.606
 TRUST04       -2.852        -1.043        -4.317        -3.185        -2.050
 TRUST05       -1.838        -1.266        -3.209        -2.122        -0.907
 TRUST06        1.849         0.684         1.338         2.381         3.024
 TRUST07        2.713         1.717         1.649         3.528         3.316
 HED01          1.053         0.718         1.114         1.834         3.404
 HED03         -3.883        -1.104        -3.253        -3.874        -3.092
 HED04          1.053         0.460         2.217         1.530         3.389
 HED05         -4.580        -2.341        -3.803        -4.338        -2.014
 HED06         -2.172        -2.368        -1.686        -2.108        -0.338
 HED07         -0.592         0.535        -0.990         0.838         0.815
 HED08         -3.087        -2.425        -3.542        -2.829        -2.108
 HED09          0.894         0.949         0.424         2.195         2.139
 UTI01         -2.367        -1.582        -1.496        -1.993         0.925
 UTI02         -1.518        -1.658        -0.392        -1.240         0.947
 UTI03         -1.496        -0.189        -0.819        -1.128         1.225
 UTI04         -1.513         0.126        -0.385        -1.101         1.435
 UTI05         -1.337         0.127        -0.998        -0.408         1.017
 UTI06         -1.843        -0.217        -1.101        -1.061         0.316
 UTI07         -0.218         0.037         0.555         1.462         1.536
 UTI08          0.173        -0.587        -0.565         0.905         1.033
 UTI09         -0.473         0.645         0.317         0.321         2.048
 CON01          0.215         0.031         1.060         0.525         4.020
 CON02         -1.355        -0.424        -0.323        -1.209         2.696
 CON03          0.335        -0.164         0.156        -0.030         2.244
 CON04         -2.668        -1.652        -1.706        -2.805         0.407
 CON05         -0.687        -0.045        -0.247        -0.448         1.937
 CON06          1.150         0.146         0.402         0.788         3.415
 DEO01         -1.543         0.718        -0.295        -1.145         0.611
 DEO02         -0.375         0.137         0.464        -0.049         1.031
 DEO03         -2.157        -0.465        -1.507        -1.887         0.656
 DEO04          0.884         0.204         0.234         0.893         3.814
 DEO05          1.122        -0.058         0.759         0.911         2.654
 DEO06         -1.201        -0.669        -0.814        -1.157         0.518
 DEO07         -0.336         0.120         0.097        -1.191         1.970
 DEO08         -3.452        -1.262        -2.618        -4.121        -0.629
 REL01          0.775         1.010        -0.401         0.560         1.947
 REL02        999.000         4.187         1.836       999.000         6.653
 REL03          3.317         1.755         0.800         2.436         2.491
 REL04        999.000         4.329         8.036       999.000        15.633
 REL05        999.000         3.989         0.515         5.441         3.993


           Standardized Residuals (z-scores) for Covariances
              BIR06         BI07          BIR08         BI09          B01
              ________      ________      ________      ________      ________
 BIR06         -0.638
 BI07          -1.073        -0.897
 BIR08        999.000         4.011        -0.628
 BI09          -1.825         2.004        -2.062       999.000
 B01           -0.625         1.103        -1.249        -1.127       999.000
 R01            0.923         1.222        -0.317         0.928        -0.041
 B02            1.574         2.216         0.517         2.737         1.297
 R02           -0.093         1.573        -0.580         0.761        -0.822
 B03           -0.422         1.428         0.841         2.099         1.677
 R03            2.156         1.027         0.590         0.599        -2.272
 B04           -1.594        -1.618        -1.088        -2.290        -1.484
 R04            0.523         1.844        -0.563         0.398        -1.166
 B05            0.395        -1.147        -1.886        -1.373        -0.228
 R05           -1.992        -1.424        -2.246         0.109        -1.629
 N01            0.015         1.411         0.533         2.589         0.274
 P01           -1.465        -0.354        -2.040         2.756        -0.887
 N02           -0.615        -0.198         0.219         1.930        -1.583
 P02           -1.267        -0.285        -2.106         2.084        -0.651
 N03            3.397         5.299         2.800         5.087         3.665
 P03           -4.589        -3.726        -3.984        -1.207        -3.715
 N04            1.776         2.296         0.290         2.725        -0.043
 P04            0.410         1.383         0.741         2.398         0.703
 N05           -8.168        -6.995        -5.742        -4.421        -4.112
 P05           -1.113        -0.064        -1.779         0.016         0.198
 N06           -3.683        -3.035        -2.117        -1.216        -2.449
 N07           -0.102         1.772         0.194         2.607         1.251
 P07           -0.704        -0.112        -2.220         4.143        -0.069
 N08            1.362         3.111         0.215         3.227         1.073
 P08           -4.107        -3.854        -4.818         0.201        -3.585
 N09            0.427         3.007        -0.056         2.937         0.132
 P09           -3.025        -1.655        -2.369         0.087        -1.432
 N10            0.753         2.015        -0.087         3.141         0.412
 P10           -4.657        -4.431        -4.573        -1.287        -3.035
 TRUST01       -2.730        -1.551        -1.313         2.840        -0.020
 TRUST02       -1.131        -0.429        -0.530         1.735         1.241
 TRUST03        0.148        -0.302        -0.920         0.590         1.589
 TRUST04       -3.922        -2.294        -2.619         2.103        -0.229
 TRUST05       -3.227        -1.208        -1.564         2.477         1.517
 TRUST06        1.039         3.031         1.546         4.976         2.371
 TRUST07        2.126         3.146         1.442         4.509         2.896
 HED01          1.628         0.708         0.597         0.983        -0.135
 HED03         -3.937        -3.678        -2.626        -1.069        -2.510
 HED04          1.209         0.983         1.081         1.894        -0.204
 HED05         -3.989        -3.590        -3.317        -0.483        -2.685
 HED06         -2.200        -1.843        -3.091         0.167        -1.724
 HED07         -0.159         0.173        -0.934         1.869        -0.432
 HED08         -2.707        -1.881        -2.210         0.970        -2.095
 HED09          0.530         1.245         0.668         3.016        -0.518
 UTI01         -1.805        -1.456        -0.564         0.013        -2.442
 UTI02         -0.619        -1.249        -0.165         1.284        -2.011
 UTI03         -0.914        -1.390         0.564         1.087        -2.035
 UTI04         -0.460        -1.156         1.394         0.103        -2.337
 UTI05         -0.245        -0.845         1.376         1.028        -2.053
 UTI06         -0.913        -1.644        -0.075         0.303        -1.836
 UTI07          0.488         0.050         1.218         2.387         0.320
 UTI08         -0.038        -0.215         1.844         1.251        -1.381
 UTI09          0.378        -0.853         1.183         1.456        -0.544
 CON01         -0.288         0.878        -0.134         0.123         0.410
 CON02         -1.432         0.035        -0.903        -0.391        -0.079
 CON03         -0.666        -0.694        -0.922        -0.313        -0.640
 CON04         -2.624        -1.889        -1.725        -1.788        -1.201
 CON05         -0.106         0.078        -0.492         0.415        -0.210
 CON06         -0.094         1.348         0.573         1.334         1.592
 DEO01         -0.503        -0.336         0.405         0.061        -0.965
 DEO02          0.481         0.728         0.924         0.599         0.875
 DEO03         -1.960        -1.819        -0.940        -1.228        -1.869
 DEO04          0.324         1.036         0.364         1.698        -0.443
 DEO05          0.322         1.066         1.163         0.544        -1.118
 DEO06         -0.803        -0.495        -1.062         1.477        -1.616
 DEO07         -0.182         0.065         0.210         0.095        -0.521
 DEO08         -3.383        -2.628        -2.449        -1.303        -2.188
 REL01         -0.118        -0.142         0.138         1.570         0.041
 REL02          4.532         4.323         2.191         2.545        -0.206
 REL03          1.117         1.548         1.588         2.947         0.153
 REL04         10.412        13.843         5.219         4.930         3.248
 REL05          3.162         2.455         1.159         1.472         0.687


           Standardized Residuals (z-scores) for Covariances
              R01           B02           R02           B03           R03
              ________      ________      ________      ________      ________
 R01          999.000
 B02            2.117       999.000
 R02           -0.797         3.284       999.000
 B03            2.815       999.000         3.557       999.000
 R03           -1.390         2.217         4.235         1.600        -0.470
 B04           -0.750        -2.650        -0.240         1.081        -0.983
 R04            1.950         1.843         2.440         2.051         1.749
 B05            1.047         0.120         0.505        -1.702        -0.431
 R05            0.991         0.884        -1.424         1.230        -2.605
 N01            0.364         1.011        -3.011        -0.321         0.439
 P01            1.605         3.681         3.746         1.468         1.786
 N02            1.081        -0.307        -0.215        -1.318        -0.011
 P02           -1.753         2.789         0.196        -0.480        -0.471
 N03           -0.959         4.228        -3.359         3.228        -1.306
 P03            2.669        -0.492         2.775        -3.269         1.133
 N04           -0.597         2.368        -0.799         1.344         1.455
 P04           -1.072         4.757        -0.462         1.555        -1.953
 N05            1.949        -3.338         3.665        -3.816         3.360
 P05            0.209         1.561         0.344        -0.209        -1.954
 N06            1.947        -1.595         0.336        -2.134        -0.178
 N07           -1.146        -0.011        -2.795        -0.331        -0.807
 P07            0.279         2.086        -0.499         1.189         0.246
 N08            0.525         2.875        -1.156         1.555        -0.057
 P08            2.492         0.304         2.932        -3.157         1.645
 N09           -0.292         0.677        -2.535         0.215        -2.310
 P09            1.720         0.692         3.135         0.830         2.495
 N10            0.655         1.757         0.286         0.478         1.644
 P10            2.005        -0.507         2.440        -3.406         1.116
 TRUST01       -0.818         1.765         1.669        -0.249        -2.511
 TRUST02       -0.060         2.586         0.905         1.568        -1.997
 TRUST03       -2.243         1.500        -0.042         1.249        -1.001
 TRUST04       -1.114         0.780         0.670        -1.218        -2.961
 TRUST05       -0.947         1.727         0.921        -0.683        -2.423
 TRUST06       -1.457         3.495        -0.604         2.104        -2.205
 TRUST07       -3.019         3.947        -0.961         3.441        -2.741
 HED01         -0.680         2.600         0.277         1.359         1.268
 HED03         -1.125        -0.837         2.881        -1.135         3.587
 HED04         -0.314         2.896         0.684         1.487         2.281
 HED05          1.596         0.650         2.336        -0.732         3.862
 HED06          1.639         1.898         2.681        -0.930         2.782
 HED07         -1.513         1.348         1.412        -0.219         2.284
 HED08         -0.353         0.758         3.322        -0.665         3.305
 HED09         -0.904         1.583         0.680         0.544         0.891
 UTI01          2.328         1.942         1.328         1.067         4.040
 UTI02          0.842         3.448         1.722         1.842         3.892
 UTI03          0.961         2.270         1.423         1.719         3.208
 UTI04          1.430         1.665         1.629         1.875         3.093
 UTI05          0.287         2.822         1.904         3.022         4.019
 UTI06          0.885         2.288         1.689         2.190         3.813
 UTI07          1.502         3.078         1.556         4.296         3.166
 UTI08          0.648         2.213         1.683         3.331         3.260
 UTI09          0.736         2.336        -0.412         2.110         1.776
 CON01         -0.675         1.757         0.401         1.512         1.472
 CON02          0.626         1.302         0.458         0.639         1.235
 CON03         -0.290         0.453         0.765         0.494         3.133
 CON04          0.279         1.341         2.937         1.560         3.808
 CON05          0.406         1.086         0.399         0.393         0.289
 CON06         -0.490         1.345        -0.143         1.940         1.462
 DEO01          0.805         0.869         1.413        -0.148         1.906
 DEO02         -0.119         1.324         0.317        -1.050         0.693
 DEO03          0.513         0.929         1.789        -0.429         3.710
 DEO04          0.007         2.557         1.075         2.021         1.806
 DEO05         -1.069         2.661         1.393         2.306         3.215
 DEO06         -0.168         0.243         1.682        -0.922         2.438
 DEO07         -0.990         1.666         1.777         0.085         1.948
 DEO08         -0.131         1.167         2.715        -0.705         1.962
 REL01         -0.081         2.475         0.468         1.755         2.220
 REL02         -0.139         1.573         0.189         2.792         1.209
 REL03         -0.546         2.899        -0.164         1.594         2.070
 REL04         -2.751         3.112        -4.605         3.774        -0.713
 REL05         -2.727         0.912        -0.337         0.877         0.367


           Standardized Residuals (z-scores) for Covariances
              B04           R04           B05           R05           N01
              ________      ________      ________      ________      ________
 B04          999.000
 R04            1.630        -0.511
 B05            4.032        -1.876       999.000
 R05           -3.387        -1.868         0.819       999.000
 N01            1.653        -1.934        -0.193         0.530         0.000
 P01           -1.079         1.811        -2.514         0.037         0.611
 N02           -0.915        -0.757        -0.566         2.711       999.000
 P02            0.634         0.609        -0.108        -3.088        -0.854
 N03            3.131        -4.081         2.126        -3.757         1.443
 P03           -2.377         2.836        -1.264         3.280         2.462
 N04            1.468        -1.302         0.803        -0.434        -1.110
 P04            2.439        -0.966         2.437        -4.236        -1.187
 N05           -4.898         2.511        -3.983         6.371         0.265
 P05            1.327         0.212         1.009        -0.866        -0.117
 N06           -2.724         0.393        -2.031         2.086         2.300
 N07            0.085        -1.676        -0.942        -1.136       999.000
 P07            0.548         1.213        -0.389        -0.536         0.446
 N08            1.920        -0.932         1.951        -1.479        -3.271
 P08           -2.310         3.051        -2.108         2.362         3.674
 N09            2.592        -1.834         1.055        -1.139        -2.087
 P09           -2.273         2.162        -2.726         1.725         2.316
 N10            1.524         0.076         0.464         0.207        -1.289
 P10           -2.951         3.033        -2.572         2.563         1.970
 TRUST01       -0.335         0.471         0.251         1.653        -1.660
 TRUST02       -0.419        -0.277         0.817         0.375        -1.975
 TRUST03        0.528        -1.860         2.423        -0.677        -3.454
 TRUST04       -1.273        -0.521        -0.325         2.108        -1.268
 TRUST05       -0.215        -0.908         0.280         1.231        -1.407
 TRUST06        1.661        -0.878         1.751        -1.984        -0.021
 TRUST07        2.690        -1.700         2.778        -3.249        -1.108
 HED01          0.620         0.036         0.220        -0.987        -0.307
 HED03         -2.679         1.084        -3.691         0.812        -0.159
 HED04         -0.226        -0.140        -0.415        -2.462         0.788
 HED05         -2.494         3.432        -3.103         2.093         2.133
 HED06         -1.735         2.755        -2.242        -0.163         1.554
 HED07          0.558        -0.084        -1.367        -2.685         0.371
 HED08         -2.123         2.316        -3.521         1.330         1.718
 HED09          0.973        -0.309        -1.399        -4.222         0.339
 UTI01         -1.571         1.362        -1.127         0.602         1.249
 UTI02         -1.933         0.965        -0.972         0.087         2.544
 UTI03         -0.577        -0.013        -2.121        -1.314         0.122
 UTI04         -0.239        -0.174        -1.821        -0.946         0.402
 UTI05         -0.493         0.883        -1.824        -1.038         1.376
 UTI06         -1.204         1.287        -1.794        -0.882         0.137
 UTI07         -0.290         0.466         0.323        -1.274        -0.584
 UTI08          0.228         1.264         0.218        -0.156        -0.034
 UTI09          0.177        -1.571        -0.756        -2.096         0.713
 CON01          0.442        -2.257        -0.880        -1.076        -0.185
 CON02          1.021        -2.228        -0.162         0.048        -0.193
 CON03         -0.078        -0.078        -2.535         0.400         0.591
 CON04          0.370         0.756        -1.685         1.372         0.151
 CON05          0.710        -3.580         1.543        -0.294        -1.051
 CON06          1.795        -1.134         0.081        -2.249         0.179
 DEO01          0.832         1.017        -1.051         1.020         1.413
 DEO02          0.387         0.552         0.395        -0.198        -0.333
 DEO03         -0.004         0.862        -1.379         0.608         1.191
 DEO04          2.097        -0.466        -0.066        -2.810         0.221
 DEO05          0.317         0.407        -1.743        -3.317         0.216
 DEO06          0.164         0.384        -1.016        -1.423         2.406
 DEO07          2.022         0.190        -0.502        -1.769        -0.081
 DEO08         -0.653         1.807        -1.517         0.416         1.713
 REL01         -1.008        -1.231        -1.732        -4.197        -1.682
 REL02          1.469        -1.305         1.459       -14.176        -2.748
 REL03         -2.563        -1.105        -1.639        -5.621        -1.111
 REL04          5.360        -3.090         4.758       -16.092        -3.517
 REL05          0.282        -1.806         0.408        -7.440        -2.889


           Standardized Residuals (z-scores) for Covariances
              P01           N02           P02           N03           P03
              ________      ________      ________      ________      ________
 P01            0.000
 N02            0.296         0.000
 P02           -3.612        -2.125         0.000
 N03            4.355         0.039         2.225         0.000
 P03           -0.549         2.817        -0.532         2.729         0.000
 N04            2.195        -1.957         0.211         1.750         2.894
 P04            0.480        -1.977         2.485         2.677        -2.623
 N05           -1.915         1.525        -3.111        -1.658         2.093
 P05          -10.057        -1.182         2.133         1.044         2.452
 N06           -1.975         5.815        -2.256        -2.208         3.198
 N07            1.163         2.986        -1.255         0.000         2.167
 P07            3.886        -1.096         0.760         3.667        -1.372
 N08            3.467        -4.938         0.759         1.127         3.495
 P08            3.548         2.592        -2.802         4.699        34.802
 N09            2.278        -3.126         1.365         0.533         4.253
 P09            2.424         2.282        -4.217         4.148         1.678
 N10            3.360        -0.834        -0.296         1.600         2.643
 P10            2.227         2.306        -2.138         3.346       999.000
 TRUST01       -1.139        -2.955         0.602         1.507         1.576
 TRUST02        0.320        -2.334        -0.182         1.215        -0.886
 TRUST03       -0.734        -3.296        -0.069         1.172        -0.743
 TRUST04       -2.864        -2.228         0.020         2.353        -0.407
 TRUST05       -2.126        -1.441         1.043         2.603         0.692
 TRUST06        3.451        -1.836         2.566         3.249         0.478
 TRUST07        2.714        -2.295         2.308         3.441         1.124
 HED01         -0.247        -0.455         0.393         1.266        -0.613
 HED03         -2.218        -0.215        -3.225         0.846        -1.598
 HED04          0.541         0.075         1.217         2.699        -0.916
 HED05         -0.649         1.545        -0.982         3.204        -0.400
 HED06         -0.181         0.800         0.881         2.459        -0.419
 HED07          0.917         0.747         2.333         3.056        -0.401
 HED08          0.328         0.820        -0.232         3.687        -0.581
 HED09          0.569        -0.164         2.356         4.102        -0.570
 UTI01          0.118         0.794        -0.084         2.701        -1.370
 UTI02          0.096         2.345        -0.526         1.674        -1.613
 UTI03          1.061         0.130         0.777         1.986        -1.385
 UTI04          0.365         0.368        -0.392         2.770        -2.058
 UTI05          1.421         0.677         0.624         3.579        -1.838
 UTI06          1.683        -0.190         0.299         2.677        -1.757
 UTI07          1.582        -0.281         0.221         1.770        -1.339
 UTI08          0.408         0.076         0.977         1.268        -1.230
 UTI09         -0.194         0.110         0.235         3.521        -1.863
 CON01          0.900        -1.355         0.031         2.207        -3.320
 CON02          0.719        -1.211        -0.382         2.539        -2.362
 CON03          0.543        -0.139        -0.773         1.690        -2.859
 CON04          0.349        -0.334        -2.171         1.718        -2.266
 CON05          0.109        -0.569        -0.093         1.621        -1.561
 CON06          1.043        -1.536        -0.336         1.432        -2.340
 DEO01          1.469         0.973         0.065         2.459        -2.039
 DEO02         -0.516         0.138         1.476         2.045         0.123
 DEO03          1.100         0.989        -0.012         2.578        -2.141
 DEO04          1.528         0.032         1.658         1.499        -1.418
 DEO05          1.298        -0.771         0.447         2.645        -2.272
 DEO06          0.083         1.342         0.415         3.000        -1.970
 DEO07          1.239        -0.657         1.304         1.575        -1.795
 DEO08          1.310         1.329         0.078         1.601        -1.752
 REL01          1.906        -2.262        -0.069         1.979        -3.360
 REL02          1.227        -1.301         1.193         2.230        -3.057
 REL03          2.131        -1.416        -0.254         2.216        -3.815
 REL04          1.664        -3.841         3.754         1.163        -1.848
 REL05          0.234        -2.555         0.407         1.337        -2.310


           Standardized Residuals (z-scores) for Covariances
              N04           P04           N05           P05           N06
              ________      ________      ________      ________      ________
 N04            0.000
 P04           -0.608         0.000
 N05           -2.818        -5.361         0.000
 P05            1.061       999.000        -2.252         0.000
 N06           -2.736        -1.835         0.000        -0.286         0.000
 N07           -3.090        -0.766         0.638        -0.403         0.261
 P07            1.530        -0.323        -3.937         0.431        -1.918
 N08          999.000        -0.548        -1.687         1.150        -4.369
 P08            3.224        -0.700         0.794        -1.301         2.167
 N09          999.000        -0.228         0.412         2.068         0.042
 P09            2.262        -0.379         0.854        -2.703         1.517
 N10            0.000        -0.005        -3.435         0.640        -4.098
 P10            2.856        -1.426         0.827         0.899         1.741
 TRUST01        0.213        -0.022        -0.248         1.078        -0.779
 TRUST02       -1.043        -0.187        -1.270         1.711        -2.099
 TRUST03       -2.353        -0.379        -1.401         1.170        -2.621
 TRUST04        0.147        -2.352         0.618        -0.016        -0.009
 TRUST05       -0.199        -0.556         0.538         0.884        -0.310
 TRUST06        1.059         2.448        -1.853         2.538        -2.970
 TRUST07        0.111         2.559        -2.043         1.965        -2.939
 HED01          0.007         0.715        -3.027        -0.112        -2.278
 HED03         -0.109        -3.400         0.520        -3.713        -0.355
 HED04          1.674         1.940        -3.854         0.966        -2.297
 HED05          0.966        -2.053        -1.104         0.386        -0.320
 HED06          2.140         0.027        -2.206         0.446        -1.552
 HED07          0.871         2.444        -3.542         0.790        -1.792
 HED08          2.138        -0.784        -0.998        -0.020        -1.190
 HED09          0.195         2.337        -3.848         0.125        -2.202
 UTI01          1.226        -0.337        -2.352         0.660        -1.280
 UTI02          2.507        -0.009        -2.844         0.397        -1.569
 UTI03          1.035         0.129        -2.696         0.225        -2.036
 UTI04          1.219         0.135        -2.610        -0.285        -1.861
 UTI05          2.636         0.717        -3.331        -0.927        -1.914
 UTI06          1.083         0.329        -3.782        -1.576        -2.278
 UTI07          0.982         0.598        -4.538         0.652        -2.243
 UTI08          1.313         1.976        -2.579         0.631        -1.638
 UTI09          1.202         0.659        -2.990        -1.174        -1.635
 CON01          0.534         1.565        -5.413         0.685        -3.363
 CON02          0.434         1.300        -3.977         0.820        -2.309
 CON03          1.161        -0.802        -4.732         0.730        -2.634
 CON04          0.210        -0.723        -3.272        -0.161        -2.418
 CON05          0.343        -0.017        -2.417         1.684        -2.181
 CON06          0.079         1.307        -4.757         1.006        -2.105
 DEO01          1.406         0.834        -1.635         0.776        -1.350
 DEO02         -0.537         0.245        -2.647         1.615        -1.883
 DEO03          0.853         0.871        -2.762         0.926        -1.568
 DEO04          0.200         2.466        -4.804         2.937        -2.286
 DEO05         -0.693         1.458        -4.395         0.075        -2.094
 DEO06          1.709         1.199        -2.552         1.309        -0.798
 DEO07         -0.544         2.653        -4.282         0.865        -1.576
 DEO08          1.258         0.584        -1.595         1.598        -0.221
 REL01         -0.343         1.178        -4.942        -0.555        -3.485
 REL02         -0.979         2.634        -6.007         0.568        -3.863
 REL03         -0.733         1.505        -5.654        -0.766        -3.089
 REL04         -2.401         5.040        -7.428         1.290        -5.243
 REL05         -2.132         1.646        -5.721         0.588        -3.747


           Standardized Residuals (z-scores) for Covariances
              N07           P07           N08           P08           N09
              ________      ________      ________      ________      ________
 N07            0.000
 P07            0.469         0.000
 N08           -4.573         1.595         0.000
 P08            3.142        -1.790         3.921         0.000
 N09           -1.717         2.065       999.000         4.008         0.000
 P09            2.684         1.483         2.938         6.662         3.054
 N10           -2.135         1.997       999.000         3.292       999.000
 P10            2.899        -0.706         2.685        11.614         4.295
 TRUST01        0.261        -0.360         3.356         0.065         2.425
 TRUST02        0.514        -0.164         0.542        -0.786        -0.578
 TRUST03        0.014        -0.193        -1.431        -1.306        -1.777
 TRUST04        0.096        -2.347         3.046        -2.162         2.027
 TRUST05        0.760        -1.100         2.451        -0.669         2.460
 TRUST06        1.219         4.291         2.896         0.601         0.909
 TRUST07        0.845         2.877         1.416         0.395        -0.388
 HED01         -0.096        -0.479        -0.551        -0.475         0.701
 HED03          0.866        -4.027         0.117        -2.188         0.237
 HED04          1.209         0.542         2.005        -0.541         1.617
 HED05          2.033        -1.425         2.051        -0.564         1.670
 HED06          1.058        -0.651         1.974         0.032         2.480
 HED07          1.177         0.775         0.696        -0.094         1.257
 HED08          2.106        -0.770         1.302        -0.391         2.380
 HED09          1.809         0.595         0.778        -0.504         1.524
 UTI01          0.799        -0.745         2.389        -1.708         2.092
 UTI02          0.716        -1.459         2.314        -1.229         2.189
 UTI03          0.702        -0.115         1.486        -1.584         1.228
 UTI04          0.682        -1.114         1.353        -3.209         1.162
 UTI05          0.818         0.213         2.683        -1.387         1.619
 UTI06          0.121        -0.202         2.676        -2.033         1.005
 UTI07         -0.262        -0.007         1.249        -1.516         1.448
 UTI08         -0.127         0.838         2.046        -2.506         0.874
 UTI09          0.814        -0.851         1.523        -2.240         1.529
 CON01         -0.857         0.711         1.377        -1.513         0.411
 CON02          0.058         0.825         1.840        -1.283         0.675
 CON03          0.904        -0.284         1.609        -1.844         0.067
 CON04         -0.016        -1.371         1.087        -2.090         0.270
 CON05         -0.192        -0.244         0.688        -0.936         0.574
 CON06          0.143         1.779         0.617        -1.767         0.293
 DEO01          1.070         1.430         2.813        -0.400         1.774
 DEO02          0.867         0.362         0.251        -0.014        -0.059
 DEO03          1.639         0.398         1.825        -2.066         2.100
 DEO04          0.355         1.144         0.711        -1.391         1.421
 DEO05          0.679         0.090         0.358        -2.884         0.941
 DEO06          1.474         1.140         2.015        -2.726         3.515
 DEO07         -0.215         0.645         0.166        -2.075         0.590
 DEO08          1.134         0.462         2.561        -2.765         2.192
 REL01         -0.268        -1.046         0.027        -2.848        -0.661
 REL02          0.208         0.030        -1.238        -2.501        -0.708
 REL03         -0.574        -0.518        -0.563        -2.654        -1.047
 REL04         -0.843         1.779        -1.624        -2.360        -1.373
 REL05          0.253        -0.300        -1.328        -3.468        -0.648


           Standardized Residuals (z-scores) for Covariances
              P09           N10           P10           TRUST01       TRUST02
              ________      ________      ________      ________      ________
 P09            1.797
 N10            3.108         0.000
 P10            3.585         2.851         1.086
 TRUST01       -1.653         0.881         1.069         0.000
 TRUST02        0.558        -0.617         1.080        -0.358       999.000
 TRUST03       -0.136        -2.846         0.347        -0.872       999.000
 TRUST04       -2.015         1.062        -0.591       999.000        -5.235
 TRUST05       -0.862         0.837         0.238       999.000        -2.531
 TRUST06        1.120         2.665         1.579        -1.625         4.926
 TRUST07        1.599         0.738         1.823        -4.921         8.750
 HED01         -0.840        -0.847        -1.187         0.403         0.533
 HED03         -0.924        -0.403        -2.649         0.926        -0.401
 HED04         -0.812         1.268        -1.494         0.177        -0.248
 HED05         -0.504         0.925        -1.793         0.537        -0.348
 HED06         -0.616         1.445        -1.087         0.041        -0.496
 HED07         -0.220         0.578        -0.514         1.801        -0.297
 HED08          0.263         1.721        -0.323        -0.032         0.730
 HED09         -0.223         0.148        -0.838         2.690         0.587
 UTI01         -0.623         1.370        -1.001        -1.649         0.699
 UTI02         -1.253         2.234        -0.613        -1.255         0.003
 UTI03         -0.399         1.183        -0.908        -0.731        -0.274
 UTI04         -0.841         0.821        -1.830        -1.714         0.944
 UTI05         -0.187         2.435        -1.710        -1.622         0.705
 UTI06          0.626         1.266        -0.778        -0.933         2.209
 UTI07          0.605         0.518        -0.044        -1.127         0.342
 UTI08         -0.516         0.795        -0.689        -0.807         0.981
 UTI09         -0.529         0.619        -2.254        -2.091         0.238
 CON01         -0.367        -0.005        -1.841         1.512         2.608
 CON02         -0.246        -0.050        -1.725         1.017         2.270
 CON03         -0.195         0.624        -1.719        -0.519         1.129
 CON04         -0.034         0.609        -1.553        -0.428         0.036
 CON05         -0.091        -0.511        -0.876         1.057         2.373
 CON06         -0.478         0.266        -1.456         0.689         1.780
 DEO01         -0.226         1.232         0.152         0.447         1.775
 DEO02         -0.078        -0.888        -0.186         0.750         0.756
 DEO03         -0.529         0.510        -1.420        -0.901         1.648
 DEO04         -1.007        -0.912        -1.100         1.187         1.582
 DEO05         -1.091        -1.384        -3.068        -0.361        -0.273
 DEO06         -2.001         1.727        -2.591         0.527         0.756
 DEO07         -1.140        -0.520        -2.376        -1.174        -0.985
 DEO08         -0.443         1.165        -1.668        -0.842         0.551
 REL01          0.238        -0.890        -1.585        -1.082         1.272
 REL02         -0.924        -1.107        -2.796        -1.099         1.227
 REL03         -0.500        -0.346        -2.471         0.498         1.332
 REL04         -1.074        -3.306        -1.876        -0.754         0.491
 REL05         -1.674        -2.510        -2.216        -0.585         0.935


           Standardized Residuals (z-scores) for Covariances
              TRUST03       TRUST04       TRUST05       TRUST06       TRUST07
              ________      ________      ________      ________      ________
 TRUST03      999.000
 TRUST04      999.000         0.041
 TRUST05       -0.742         0.029         0.000
 TRUST06       -0.470        -1.055         1.390         0.084
 TRUST07        3.862        -3.836        -1.231         0.083         0.063
 HED01          0.462        -1.460         0.219         0.858         2.258
 HED03          0.417         0.671         1.057         1.269         1.912
 HED04          0.191        -1.091         1.053         2.154         3.188
 HED05         -0.491        -0.288         1.223         1.653         2.501
 HED06         -0.662        -1.208        -0.063         0.723         2.061
 HED07          0.664         0.671         2.317         2.353         3.758
 HED08          0.270        -0.635         1.533         2.259         3.434
 HED09          0.831         1.903         3.207         2.872         4.438
 UTI01          0.350        -2.431        -0.525         0.955         2.427
 UTI02          1.192        -2.771        -0.676         1.141         2.912
 UTI03          0.934        -2.526        -0.399         1.364         2.639
 UTI04          2.130        -3.159        -0.784         1.409         3.480
 UTI05          0.963        -3.061        -1.648         1.469         3.030
 UTI06          1.350        -1.271         0.025         2.664         3.669
 UTI07          0.895        -2.054        -0.391         1.347         1.966
 UTI08          1.874        -2.346        -0.751         1.068         2.625
 UTI09          1.359        -2.083        -0.313         0.882         2.979
 CON01          2.427        -0.270         0.402         1.897         4.316
 CON02          2.083        -0.182         0.983         2.204         3.703
 CON03          1.348        -1.876        -0.464         2.188         2.046
 CON04          0.568        -2.246        -0.612         1.421         2.385
 CON05          1.330         0.045         1.532         2.172         3.418
 CON06          1.933        -0.583         0.576         2.807         3.142
 DEO01          1.803        -1.450         0.164         2.933         2.919
 DEO02          0.812        -0.682         0.998         0.638         2.280
 DEO03          1.465        -2.526        -0.651         3.113         3.749
 DEO04          1.375        -1.695         1.112         3.069         3.165
 DEO05          1.106        -0.832        -0.072         2.358         2.207
 DEO06          1.438        -0.601         1.546         2.422         2.741
 DEO07          0.133        -2.441        -0.920         0.911         1.189
 DEO08          1.035        -2.316        -0.585         0.352         2.119
 REL01          1.638        -2.047        -0.983         2.265         3.310
 REL02          1.451        -2.360        -0.709         1.683         2.608
 REL03          0.953        -0.418         0.620         3.170         3.521
 REL04          1.286        -2.157        -1.290         1.931         2.274
 REL05          2.114        -1.353        -0.313         1.901         3.139


           Standardized Residuals (z-scores) for Covariances
              HED01         HED03         HED04         HED05         HED06
              ________      ________      ________      ________      ________
 HED01          0.000
 HED03         -0.378         0.000
 HED04          1.826        -1.681         0.000
 HED05          1.475         3.067        -2.794         0.000
 HED06          1.576         2.543         2.653         4.902         0.000
 HED07         -1.468        -0.239        -2.125        -0.724        -1.808
 HED08         -0.797         2.261         0.011         8.632         1.830
 HED09         -2.527         0.029        -0.720        -1.617        -2.408
 UTI01          3.239         0.733         4.538         1.015         3.119
 UTI02          3.422        -0.102         3.324         0.427         1.638
 UTI03          3.343         0.447         5.859         0.798         1.032
 UTI04          2.780        -0.149         2.473        -1.872        -0.477
 UTI05          1.127        -0.237         2.483        -2.249        -0.953
 UTI06          2.807        -0.136         4.360        -1.778        -0.246
 UTI07          1.851         0.639         3.282        -1.029        -0.018
 UTI08          1.623         1.282         2.098        -2.117        -0.323
 UTI09          2.235         0.463         3.090        -2.231         0.029
 CON01          0.687        -1.998         0.933        -1.659        -1.715
 CON02         -0.753        -1.616        -0.490        -1.953        -2.611
 CON03          0.964        -0.784         1.622        -0.188        -1.620
 CON04          0.070         0.717         0.546        -1.144        -2.096
 CON05          0.192         0.546         0.959        -1.898        -0.866
 CON06         -0.246        -1.404         0.079        -2.734        -2.783
 DEO01         -0.656        -2.127         0.591        -1.328        -2.352
 DEO02          4.491         0.765         3.841         2.837         4.177
 DEO03         -0.254        -3.184        -0.848        -1.928        -3.041
 DEO04          1.985        -3.418         1.306        -1.465        -0.884
 DEO05          2.004        -2.097         1.757        -1.551        -1.171
 DEO06         -0.037        -3.169         0.715        -2.933        -1.873
 DEO07          0.745        -2.990         1.430        -3.134        -1.000
 DEO08         -0.174        -3.438         0.298        -1.832        -1.915
 REL01         -1.166        -1.781        -0.174        -2.657        -1.963
 REL02          1.196        -2.757         1.630        -3.693        -2.360
 REL03         -1.076        -2.200        -0.177        -2.656        -3.066
 REL04          2.959        -2.966         1.632        -4.216        -2.005
 REL05          0.318        -2.786        -0.236        -3.713        -2.635


           Standardized Residuals (z-scores) for Covariances
              HED07         HED08         HED09         UTI01         UTI02
              ________      ________      ________      ________      ________
 HED07          0.000
 HED08         -1.488         0.000
 HED09        999.000        -1.490         0.000
 UTI01          2.012         2.711         2.734       999.000
 UTI02          0.994         1.133         2.342         4.617       999.000
 UTI03          3.731         1.123         6.555        -0.170         0.295
 UTI04          0.849        -0.667         3.992        -1.166        -0.935
 UTI05          1.233        -1.069         1.394         0.169         1.580
 UTI06          2.460         0.406         3.734         3.354        -1.799
 UTI07          1.582         0.126         2.055         1.627         0.606
 UTI08          2.118         0.183         3.620        -1.196        -0.782
 UTI09          3.157        -0.570         5.162        -2.753        -1.286
 CON01         -0.533        -0.756        -0.349        -0.787        -0.734
 CON02         -0.475        -1.657        -1.306        -0.838        -3.718
 CON03          0.012         0.252         0.192         0.162         0.924
 CON04         -0.522         0.375        -0.767         0.305        -0.338
 CON05          0.709         0.121         1.623        -1.265        -0.677
 CON06          0.348        -0.829         0.169        -0.273         0.648
 DEO01         -1.638        -1.325        -0.708        -1.693        -0.703
 DEO02          4.300         5.022         4.966         2.018         2.751
 DEO03         -0.386        -1.797        -0.179        -2.138        -0.053
 DEO04          2.628        -0.426         1.148        -1.425         1.950
 DEO05          0.872        -0.009         0.892        -0.253         1.910
 DEO06          1.316        -0.736         1.241        -2.437        -0.672
 DEO07          2.342        -1.155         1.636        -0.754        -0.837
 DEO08         -0.817        -0.631         0.207        -0.619         0.383
 REL01         -0.320        -1.311         0.374        -1.060        -0.548
 REL02          0.248        -2.580         2.572        -2.331        -1.323
 REL03         -1.392        -2.004         0.635        -3.070        -0.274
 REL04         -0.250        -2.799         0.978        -0.284         0.995
 REL05          0.077        -3.300         0.891        -3.364        -1.849


           Standardized Residuals (z-scores) for Covariances
              UTI03         UTI04         UTI05         UTI06         UTI07
              ________      ________      ________      ________      ________
 UTI03        999.000
 UTI04          0.572       999.000
 UTI05         -1.056        -0.584       999.000
 UTI06          2.433         0.449         0.768       999.000
 UTI07         -1.241        -1.309        -0.012        -1.548       999.000
 UTI08          0.877        -0.663        -0.791        -0.717         8.300
 UTI09         -1.324         3.853         0.988        -1.131        -0.777
 CON01          0.222        -0.838        -0.549         0.225        -1.470
 CON02         -0.570        -1.889        -2.514        -0.481        -2.720
 CON03          2.832         0.808         1.232         1.965        -0.116
 CON04          1.516        -0.415        -0.488         0.729        -0.631
 CON05          1.163        -0.535        -0.572        -0.249        -0.383
 CON06          1.061         0.556         0.302         2.017         0.738
 DEO01         -1.642        -0.716        -0.811        -0.854        -1.497
 DEO02          2.073         0.612         0.194         0.794         1.315
 DEO03         -1.213        -1.076        -0.848        -0.784        -1.104
 DEO04          0.036         0.085        -0.537        -1.333         0.087
 DEO05          0.496         0.490         0.726         1.023        -0.653
 DEO06         -1.448        -2.234        -2.681        -3.084        -2.941
 DEO07          0.395        -0.626        -1.476        -0.752        -1.210
 DEO08          0.336        -1.359        -1.533        -0.731        -1.666
 REL01         -0.010        -0.401        -0.065        -0.096         0.333
 REL02         -0.177         0.158         0.138        -0.731         0.386
 REL03         -0.863        -0.095        -1.117        -0.494         0.170
 REL04          0.234         1.513         1.880         0.739         1.866
 REL05         -1.943        -0.849        -1.721        -0.785        -0.976


           Standardized Residuals (z-scores) for Covariances
              UTI08         UTI09         CON01         CON02         CON03
              ________      ________      ________      ________      ________
 UTI08        999.000
 UTI09         -0.243       999.000
 CON01         -0.329         0.426       999.000
 CON02         -1.205        -1.373       999.000       999.000
 CON03          0.303         0.922        -0.662        -2.579       999.000
 CON04         -0.330        -1.561        -1.746        -0.375         4.397
 CON05         -0.073        -0.246        -0.713         0.593         0.518
 CON06          0.511         1.032        -1.114         0.343         0.450
 DEO01         -1.679        -0.744         0.128         0.236         1.624
 DEO02          1.719         2.608         2.060         1.270         2.988
 DEO03         -0.343         0.877         1.662         0.004         4.320
 DEO04          1.075         1.171         2.125         0.374         5.395
 DEO05          0.432         1.770         2.825         0.988         4.839
 DEO06         -0.978         0.862        -0.126        -1.052         4.663
 DEO07          0.018         1.288         0.531         0.053         3.235
 DEO08          0.522        -0.272         0.341        -0.492         2.636
 REL01         -0.424        -0.592        -1.425        -1.912        -0.569
 REL02          0.925         0.673        -0.285        -1.395         1.088
 REL03         -0.897        -1.138        -0.752        -1.923         0.285
 REL04          2.169         2.868         0.894         0.112         1.598
 REL05         -1.057         0.425        -0.144        -0.571         0.051


           Standardized Residuals (z-scores) for Covariances
              CON04         CON05         CON06         DEO01         DEO02
              ________      ________      ________      ________      ________
 CON04        999.000
 CON05          0.024       999.000
 CON06          1.034        -0.434       999.000
 DEO01         -0.929         1.033        -0.643         0.000
 DEO02          1.555         1.923         1.015        -0.481         0.000
 DEO03          0.306         0.921         1.132        20.561        -0.559
 DEO04          1.009         0.842         2.015        -0.248         2.148
 DEO05          2.070        -0.059         4.561        -1.981        -0.144
 DEO06         -1.139         0.056         1.948        -0.031        -0.161
 DEO07          0.391         0.863         2.547        -1.895        -1.416
 DEO08          0.684         0.689         0.472         0.341        -1.594
 REL01         -0.113        -0.726        -0.259        -0.458        -1.659
 REL02         -1.064        -0.754        -0.407        -1.952        -0.232
 REL03         -0.948        -0.499         0.034        -0.801        -2.372
 REL04          0.242         0.389         1.658        -1.196         1.195
 REL05         -0.850        -0.452         0.603        -0.393        -0.684


           Standardized Residuals (z-scores) for Covariances
              DEO03         DEO04         DEO05         DEO06         DEO07
              ________      ________      ________      ________      ________
 DEO03          0.036
 DEO04         17.344         0.061
 DEO05         -0.208         0.433         0.039
 DEO06         -1.686        -1.333        -1.488         0.051
 DEO07         -3.170        -2.474        -0.202       999.000         0.061
 DEO08          1.135        -0.392        -0.145         1.352         2.837
 REL01         -2.177        -0.982         1.601        -2.848        -0.600
 REL02         -1.771         0.972         3.057        -1.305        -0.042
 REL03         -2.871        -1.500         3.086        -2.728        -1.202
 REL04         -1.435         2.444         5.854         0.484         2.299
 REL05         -1.286         0.074         3.106        -1.261         0.979


           Standardized Residuals (z-scores) for Covariances
              DEO08         REL01         REL02         REL03         REL04
              ________      ________      ________      ________      ________
 DEO08          0.000
 REL01         -0.726         0.000
 REL02         -1.724        -2.986         0.000
 REL03         -1.233       999.000        -1.862         0.000
 REL04         -1.764        -3.286         2.296        -2.929         0.000
 REL05         -0.422        -0.137        -0.310        -0.531         1.865


           Standardized Residuals (z-scores) for Covariances
              REL05
              ________
 REL05          0.000


           Normalized Residuals for Covariances
              BI01          GEN01         BI02          GENR02        BIR03
              ________      ________      ________      ________      ________
 BI01          -0.056
 GEN01          0.164        -0.061
 BI02           0.634         0.711        -0.049
 GENR02        -0.897        -0.524        -0.723        -0.043
 BIR03         -0.876        -0.531        -1.394         2.006        -0.037
 GEN03          0.220         0.293        -0.250        -0.653        -0.304
 BIR04         -1.118        -0.668        -1.477         1.293         2.457
 GENR04        -0.020        -0.770        -0.692         1.904         1.531
 BI05           0.207        -0.081        -0.104        -0.445        -0.259
 GEN05         -0.290         0.129        -0.053        -0.263        -0.266
 BIR06         -0.128        -0.845        -0.819         1.589         1.463
 BI07           0.116         0.074         0.338        -0.828        -0.529
 BIR08         -0.782        -0.754        -0.269         1.778         1.022
 BI09          -0.302         0.539         1.759        -0.644        -1.429
 B01            0.191         0.666        -0.274        -0.256        -0.305
 R01            1.132         1.135         0.208         0.546         0.036
 B02            0.313         0.765         0.727        -0.082        -0.124
 R02           -0.154         0.357         0.451        -0.415         0.218
 B03           -0.327         0.382        -0.333        -0.030         0.138
 R03            0.291         0.496         0.320         0.927         1.427
 B04           -0.015        -0.236        -0.242        -0.370        -0.617
 R04            0.644         0.750         1.139        -0.113         0.964
 B05            0.275        -0.011         0.268        -0.208        -0.940
 R05           -0.106        -1.007        -0.296        -0.790        -0.680
 N01            1.326         0.858         1.945        -0.762        -1.516
 P01            0.247         0.985         2.318        -0.759        -1.403
 N02            0.553        -0.040         0.469        -0.996        -1.359
 P02            0.609         1.627         2.501         0.498        -0.863
 N03            3.618         2.875         3.314         1.385         0.872
 P03           -1.614        -1.839         0.186        -2.461        -3.720
 N04            1.673         0.881         1.334        -0.134        -0.519
 P04            2.124         2.176         3.501         1.086        -0.378
 N05           -3.828        -4.806        -3.849        -5.394        -4.557
 P05            0.946         0.986         1.961        -0.017        -1.721
 N06           -1.934        -2.368        -2.066        -2.269        -3.325
 N07            1.299         0.833         1.087        -0.547        -1.392
 P07            0.844         1.301         3.496        -0.336        -1.370
 N08            2.283         2.254         2.641        -0.211        -0.440
 P08           -1.381        -1.419         0.748        -3.066        -3.297
 N09            1.319         0.942         1.676        -0.522        -1.986
 P09           -2.061        -1.232         0.063        -2.653        -3.173
 N10            1.288         1.138         1.832        -1.186        -1.315
 P10           -1.944        -2.130        -0.210        -3.052        -3.435
 TRUST01       -1.327        -0.830         0.479        -1.038        -2.489
 TRUST02       -0.947        -0.376        -0.075        -2.002        -1.634
 TRUST03       -1.231        -0.600         0.359        -0.299        -0.891
 TRUST04       -2.482        -1.364        -0.410        -2.194        -2.934
 TRUST05       -1.860        -0.487         0.316        -1.942        -2.600
 TRUST06        1.469         2.286         2.420         0.698        -0.042
 TRUST07        2.293         2.634         2.689         1.104         0.164
 HED01          0.657         0.604         0.408         0.881         0.225
 HED03         -3.259        -2.688        -2.340        -1.954        -2.707
 HED04         -0.034         0.832         0.653         0.677        -0.238
 HED05         -2.377        -1.873        -1.594        -2.499        -1.907
 HED06         -1.423        -0.697        -0.696        -0.944        -1.707
 HED07         -0.531         0.568         0.169         0.367         0.029
 HED08         -1.573        -1.214        -1.268        -1.625        -1.816
 HED09         -0.424         1.108         0.310         0.432         0.526
 UTI01         -1.436        -0.628        -1.192        -0.744        -0.516
 UTI02         -1.228        -0.752        -0.685        -0.683        -0.224
 UTI03         -1.647        -0.468        -1.091        -0.390        -0.160
 UTI04         -1.354         0.005        -0.831         0.095         0.279
 UTI05         -1.316        -0.372        -0.928        -0.015        -0.141
 UTI06         -1.881        -0.213        -0.851        -0.572         0.138
 UTI07         -0.273         0.587        -0.334         0.522         0.491
 UTI08         -0.535         0.432         0.004        -0.249         0.388
 UTI09         -1.398         0.100        -0.719         0.274         0.566
 CON01         -0.500         0.596         0.382        -0.413        -0.323
 CON02         -0.970         0.122         0.257        -0.852        -1.321
 CON03         -1.280         0.128        -0.184        -0.389        -0.233
 CON04         -1.949        -0.956        -0.808        -0.935        -1.595
 CON05         -0.694         0.036         0.038        -0.671        -1.661
 CON06         -0.103         1.188         0.824         0.384        -0.369
 DEO01         -0.814        -0.479        -0.248        -0.675        -0.867
 DEO02         -0.128         0.872        -0.366         0.203         0.210
 DEO03         -1.299        -0.599        -1.440        -0.885        -0.742
 DEO04         -0.216         0.790         0.235         0.723         0.219
 DEO05         -0.557         0.278         0.153         0.558         0.369
 DEO06         -1.116        -0.513        -1.163        -0.444        -1.267
 DEO07         -1.071        -0.155        -0.551         0.020        -0.019
 DEO08         -2.338        -1.619        -2.119        -2.090        -1.717
 REL01         -1.076         0.276        -0.783         0.674         0.421
 REL02          0.056         1.097         0.478         0.858         1.346
 REL03         -0.192         0.873         0.071         0.407         1.171
 REL04          2.165         2.843         2.327         2.422         2.249
 REL05         -0.438         0.856         0.441         0.408         1.123


           Normalized Residuals for Covariances
              GEN03         BIR04         GENR04        BI05          GEN05
              ________      ________      ________      ________      ________
 GEN03         -0.065
 BIR04         -0.536        -0.025
 GENR04        -0.183         0.986        -0.051
 BI05           0.379        -0.400        -0.605        -0.068
 GEN05         -0.149         0.501        -0.033        -0.380        -0.051
 BIR06         -0.558         1.432         1.422         0.101        -0.401
 BI07           0.118        -0.542        -0.614         0.061        -0.256
 BIR08         -0.849         1.034         1.322        -0.406        -0.137
 BI09          -0.143        -1.341        -1.508         0.372         0.278
 B01           -0.125        -0.535        -0.648        -0.430         0.687
 R01            0.595        -0.927         0.726         0.667         0.696
 B02            0.864        -0.022         0.333         0.231         2.070
 R02            0.166        -0.232        -0.099         0.840        -1.311
 B03            0.235         0.273        -0.255         0.058         1.458
 R03            0.917        -0.794         0.584         1.064         0.038
 B04           -0.164         1.275        -0.312        -0.809         1.203
 R04            0.296        -0.008         0.369         0.498        -0.469
 B05           -0.544         0.624        -0.084        -0.601         0.800
 R05           -0.681        -1.310        -0.428        -0.657        -1.347
 N01            0.657        -2.603         0.560         0.279         0.453
 P01           -0.224        -1.344        -1.210        -0.300         0.557
 N02           -0.268        -2.379        -0.107        -0.349        -0.782
 P02            0.620         0.291        -0.250         0.057         1.066
 N03            2.957         1.446         2.045         3.076         2.695
 P03           -2.642        -2.244        -2.584        -3.257        -2.071
 N04            0.692        -0.988         1.103         0.948         1.045
 P04            1.175         0.496         0.755         0.853         2.093
 N05           -5.024        -5.211        -4.097        -5.143        -4.659
 P05           -0.006        -0.487        -0.449        -0.696         0.646
 N06           -2.609        -2.765        -2.116        -2.590        -2.585
 N07           -0.008        -1.357        -0.207         0.554        -0.085
 P07            0.014        -0.187        -0.628        -0.125         1.600
 N08            1.686        -1.053         1.465         1.444         1.646
 P08           -2.493        -2.484        -2.727        -2.640        -1.657
 N09            0.858        -1.029         0.951         0.885         0.833
 P09           -2.142        -2.170        -3.032        -2.350        -1.025
 N10            0.497        -1.831         0.060         0.663         0.608
 P10           -3.420        -2.804        -3.344        -3.325        -2.084
 TRUST01       -1.218        -0.612        -1.515        -0.916        -0.351
 TRUST02       -0.610         0.425        -1.270        -0.026         0.387
 TRUST03       -0.096         0.976        -0.578        -0.024         0.519
 TRUST04       -1.510        -0.854        -2.853        -1.703        -1.250
 TRUST05       -0.996        -1.038        -2.123        -1.170        -0.571
 TRUST06        1.410         0.615         1.105         1.833         2.449
 TRUST07        2.179         1.565         1.407         2.772         2.785
 HED01          0.543         0.503         0.677         0.916         1.746
 HED03         -2.881        -0.938        -2.617        -2.918        -2.349
 HED04          0.494         0.309         1.197         0.700         1.600
 HED05         -2.863        -1.720        -2.572        -2.681        -1.312
 HED06         -1.227        -1.670        -1.060        -1.124        -0.187
 HED07         -0.262         0.358        -0.572         0.329         0.384
 HED08         -1.750        -1.763        -2.349        -1.556        -1.156
 HED09          0.418         0.623         0.240         0.961         1.023
 UTI01         -1.244        -1.143        -0.895        -1.032         0.489
 UTI02         -0.762        -1.111        -0.221        -0.606         0.489
 UTI03         -0.812        -0.140        -0.498        -0.589         0.672
 UTI04         -0.719         0.084        -0.209        -0.497         0.722
 UTI05         -0.645         0.088        -0.578        -0.177         0.514
 UTI06         -0.919        -0.152        -0.641        -0.514         0.164
 UTI07         -0.107         0.026         0.340         0.713         0.874
 UTI08          0.088        -0.420        -0.351         0.469         0.586
 UTI09         -0.237         0.447         0.180         0.155         1.046
 CON01          0.086         0.021         0.550         0.204         1.786
 CON02         -0.593        -0.297        -0.168        -0.526         1.275
 CON03          0.154        -0.117         0.084        -0.014         1.160
 CON04         -1.497        -1.219        -1.015        -1.579         0.234
 CON05         -0.403        -0.036        -0.164        -0.269         1.200
 CON06          0.469         0.103         0.213         0.330         1.615
 DEO01         -0.991         0.553        -0.206        -0.751         0.417
 DEO02         -0.201         0.102         0.286        -0.027         0.576
 DEO03         -1.176        -0.314        -0.885        -1.048         0.356
 DEO04          0.373         0.132         0.129         0.360         1.631
 DEO05          0.528        -0.040         0.442         0.431         1.300
 DEO06         -0.578        -0.435        -0.450        -0.559         0.238
 DEO07         -0.151         0.080         0.051        -0.545         0.883
 DEO08         -1.953        -0.905        -1.679        -2.398        -0.346
 REL01          0.258         0.585        -0.220         0.204         0.832
 REL02          1.210         2.032         0.752         1.745         1.514
 REL03          1.031         1.011         0.413         0.819         0.940
 REL04          2.951         2.296         2.805         3.338         3.394
 REL05          0.549         1.927         0.232         0.951         1.053


           Normalized Residuals for Covariances
              BIR06         BI07          BIR08         BI09          B01
              ________      ________      ________      ________      ________
 BIR06         -0.059
 BI07          -0.289        -0.057
 BIR08          1.192         0.720        -0.041
 BI09          -0.735         0.501        -1.083        -0.034
 B01           -0.296         0.355        -0.652        -0.690        -0.033
 R01            0.516         0.603        -0.197         0.640        -0.026
 B02            0.659         0.903         0.307         1.642         0.503
 R02           -0.044         0.831        -0.272         0.512        -0.413
 B03           -0.181         0.585         0.484         1.203         0.674
 R03            1.234         0.548         0.298         0.422        -1.070
 B04           -0.600        -0.536        -0.420        -1.355        -0.556
 R04            0.260         0.884        -0.308         0.253        -0.505
 B05            0.167        -0.485        -0.886        -0.855        -0.090
 R05           -0.579        -0.329        -0.778         0.058        -0.620
 N01            0.007         0.707         0.351         1.895         0.192
 P01           -1.039        -0.242        -1.558         2.106        -0.678
 N02           -0.325        -0.099         0.147         1.430        -1.075
 P02           -0.692        -0.124        -1.247         1.247        -0.391
 N03            2.636         4.097         2.333         4.415         3.021
 P03           -3.456        -2.789        -3.117        -0.996        -2.886
 N04            1.028         1.313         0.195         2.113        -0.031
 P04            0.233         0.624         0.447         1.494         0.420
 N05           -4.906        -4.216        -4.258        -3.323        -3.084
 P05           -0.659        -0.036        -1.089         0.011         0.119
 N06           -2.359        -1.902        -1.574        -0.947        -1.890
 N07           -0.072         1.246         0.153         2.146         0.976
 P07           -0.362        -0.046        -1.309         2.290        -0.041
 N08            0.828         1.931         0.144         2.566         0.813
 P08           -3.140        -2.777        -3.845         0.159        -2.788
 N09            0.262         1.797        -0.041         2.308         0.101
 P09           -2.485        -1.316        -2.028         0.075        -1.228
 N10            0.402         1.098        -0.058         2.402         0.282
 P10           -3.533        -3.223        -3.551        -1.046        -2.310
 TRUST01       -1.730        -0.874        -0.901         2.038        -0.012
 TRUST02       -0.952        -0.353        -0.460         1.537         1.040
 TRUST03        0.128        -0.257        -0.818         0.536         1.385
 TRUST04       -2.448        -1.380        -1.795         1.544        -0.144
 TRUST05       -2.042        -0.709        -1.059         1.819         0.980
 TRUST06        0.842         2.374         1.310         4.321         1.925
 TRUST07        1.780         2.566         1.253         4.012         2.429
 HED01          0.936         0.396         0.391         0.683        -0.092
 HED03         -3.077        -2.787        -2.131        -0.890        -2.084
 HED04          0.627         0.503         0.662         1.247        -0.129
 HED05         -2.656        -2.333        -2.396        -0.361        -1.900
 HED06         -1.300        -1.087        -2.128         0.117        -1.125
 HED07         -0.084         0.080        -0.588         1.206        -0.272
 HED08         -1.670        -1.127        -1.500         0.676        -1.463
 HED09          0.279         0.600         0.414         1.890        -0.342
 UTI01         -1.068        -0.844        -0.331         0.009        -1.568
 UTI02         -0.351        -0.690        -0.092         0.859        -1.211
 UTI03         -0.521        -0.804         0.338         0.734        -1.315
 UTI04         -0.249        -0.585         0.725         0.066        -1.416
 UTI05         -0.133        -0.446         0.776         0.709        -1.313
 UTI06         -0.504        -0.900        -0.044         0.202        -1.169
 UTI07          0.278         0.027         0.736         1.657         0.213
 UTI08         -0.023        -0.120         1.110         0.863        -0.878
 UTI09          0.212        -0.458         0.683         0.988        -0.348
 CON01         -0.155         0.419        -0.085         0.078         0.244
 CON02         -0.777         0.017        -0.570        -0.245        -0.045
 CON03         -0.376        -0.359        -0.609        -0.212        -0.412
 CON04         -1.619        -1.097        -1.191        -1.281        -0.791
 CON05         -0.069         0.048        -0.357         0.311        -0.151
 CON06         -0.050         0.625         0.365         0.870         0.952
 DEO01         -0.339        -0.230         0.298         0.048        -0.729
 DEO02          0.278         0.421         0.623         0.437         0.596
 DEO03         -1.137        -1.039        -0.626        -0.886        -1.213
 DEO04          0.159         0.483         0.215         1.039        -0.233
 DEO05          0.176         0.552         0.725         0.362        -0.680
 DEO06         -0.430        -0.249        -0.627         0.928        -0.935
 DEO07         -0.090         0.032         0.128         0.061        -0.290
 DEO08         -2.121        -1.609        -1.691        -0.929        -1.406
 REL01         -0.055        -0.060         0.086         1.015         0.025
 REL02          1.303         1.202         1.092         1.325        -0.105
 REL03          0.513         0.642         0.910         1.782         0.091
 REL04          2.960         2.749         2.524         2.539         1.678
 REL05          1.075         0.770         0.624         0.830         0.379


           Normalized Residuals for Covariances
              R01           B02           R02           B03           R03
              ________      ________      ________      ________      ________
 R01           -0.024
 B02            1.522        -0.013
 R02           -0.290         1.851        -0.036
 B03            2.005        -0.019         2.244        -0.022
 R03           -0.629         1.597         1.480         0.970        -0.018
 B04           -0.342        -1.071        -0.107         0.274        -0.446
 R04            0.782         1.233         1.165         1.374         0.766
 B05            0.615         0.050         0.281        -0.747        -0.270
 R05            0.290         0.441        -0.524         0.611        -0.955
 N01            0.247         0.797        -1.837        -0.230         0.282
 P01            1.291         2.966         2.996         1.153         1.484
 N02            0.749        -0.246        -0.124        -0.945        -0.007
 P02           -1.169         1.535         0.123        -0.249        -0.348
 N03           -0.826         3.805        -2.849         2.799        -1.115
 P03            2.179        -0.404         2.119        -2.633         0.959
 N04           -0.417         1.907        -0.513         1.009         1.003
 P04           -0.717         2.542        -0.282         0.840        -1.445
 N05            1.500        -2.836         2.416        -3.107         2.385
 P05            0.156         0.982         0.242        -0.119        -1.497
 N06            1.510        -1.378         0.220        -1.742        -0.137
 N07           -0.913        -0.009        -2.036        -0.272        -0.591
 P07            0.176         1.252        -0.306         0.688         0.179
 N08            0.387         2.350        -0.836         1.216        -0.043
 P08            1.968         0.232         2.244        -2.450         1.358
 N09           -0.211         0.574        -1.717         0.172        -1.637
 P09            1.523         0.606         2.699         0.718         2.218
 N10            0.457         1.429         0.186         0.363         1.155
 P10            1.589        -0.394         1.897        -2.710         0.940
 TRUST01       -0.571         1.316         0.929        -0.176        -1.761
 TRUST02       -0.053         2.349         0.741         1.387        -1.744
 TRUST03       -2.007         1.386        -0.036         1.131        -0.884
 TRUST04       -0.798         0.583         0.432        -0.877        -2.236
 TRUST05       -0.686         1.329         0.568        -0.490        -1.838
 TRUST06       -1.240         3.106        -0.480         1.831        -1.865
 TRUST07       -2.614         3.607        -0.793         3.083        -2.352
 HED01         -0.460         1.799         0.196         0.938         0.909
 HED03         -0.947        -0.712         2.461        -0.973         3.150
 HED04         -0.210         1.903         0.449         0.998         1.631
 HED05          1.165         0.470         1.775        -0.546         3.058
 HED06          1.178         1.299         1.923        -0.657         2.077
 HED07         -1.020         0.858         0.979        -0.139         1.620
 HED08         -0.247         0.560         2.382        -0.492         2.531
 HED09         -0.617         1.032         0.455         0.370         0.634
 UTI01          1.591         1.247         0.846         0.699         2.996
 UTI02          0.572         2.179         1.134         1.105         2.952
 UTI03          0.683         1.526         0.968         1.126         2.350
 UTI04          0.943         0.996         1.048         1.136         2.254
 UTI05          0.200         1.777         1.272         1.877         3.024
 UTI06          0.606         1.486         1.116         1.388         2.920
 UTI07          1.119         2.070         1.108         2.959         2.418
 UTI08          0.456         1.504         1.149         2.265         2.530
 UTI09          0.486         1.455        -0.270         1.332         1.280
 CON01         -0.432         1.131         0.244         0.953         1.048
 CON02          0.394         0.835         0.284         0.412         0.881
 CON03         -0.206         0.309         0.549         0.348         2.363
 CON04          0.196         0.926         2.080         1.053         2.839
 CON05          0.313         0.806         0.310         0.302         0.237
 CON06         -0.320         0.892        -0.094         1.224         1.050
 DEO01          0.652         0.688         1.118        -0.120         1.580
 DEO02         -0.090         0.945         0.239        -0.770         0.520
 DEO03          0.364         0.595         1.248        -0.290         2.904
 DEO04          0.005         1.435         0.661         1.123         1.265
 DEO05         -0.718         1.677         0.892         1.476         2.296
 DEO06         -0.109         0.125         1.073        -0.536         1.634
 DEO07         -0.635         0.900         1.143         0.051         1.335
 DEO08         -0.093         0.753         1.987        -0.456         1.479
 REL01         -0.057         1.653         0.299         1.141         1.655
 REL02         -0.083         0.928         0.099         1.540         0.825
 REL03         -0.359         1.880        -0.105         1.004         1.536
 REL04         -1.611         1.878        -2.346         2.215        -0.473
 REL05         -1.659         0.559        -0.191         0.502         0.250


           Normalized Residuals for Covariances
              B04           R04           B05           R05           N01
              ________      ________      ________      ________      ________
 B04           -0.040
 R04            0.809        -0.031
 B05            0.639        -0.880        -0.033
 R05           -0.714        -0.815         0.319        -0.047
 N01            0.915        -1.310        -0.108         0.251         0.000
 P01           -0.762         1.447        -1.854         0.026         0.556
 N02           -0.490        -0.497        -0.322         1.173         0.815
 P02            0.299         0.402        -0.068        -1.252        -0.701
 N03            2.528        -3.431         1.796        -2.983         0.514
 P03           -1.711         2.262        -0.965         2.337         2.270
 N04            0.910        -0.898         0.542        -0.230        -0.280
 P04            1.210        -0.648         1.398        -1.991        -1.006
 N05           -3.254         1.846        -2.769         3.634         0.059
 P05            0.757         0.154         0.657        -0.515        -0.098
 N06           -1.755         0.291        -1.391         1.310         0.349
 N07            0.061        -1.260        -0.666        -0.733         0.656
 P07            0.288         0.836        -0.234        -0.241         0.376
 N08            1.357        -0.685         1.391        -0.875        -0.873
 P08           -1.624         2.436        -1.554         1.650         3.353
 N09            1.784        -1.340         0.744        -0.659        -0.615
 P09           -1.855         1.906        -2.255         1.434         2.211
 N10            0.931         0.053         0.316         0.108        -0.357
 P10           -2.056         2.455        -1.945         1.852         1.785
 TRUST01       -0.185         0.301         0.156         0.659        -0.773
 TRUST02       -0.339        -0.233         0.680         0.288        -1.599
 TRUST03        0.446        -1.596         2.110        -0.548        -2.957
 TRUST04       -0.704        -0.344        -0.204         0.939        -0.631
 TRUST05       -0.120        -0.600         0.178         0.589        -0.693
 TRUST06        1.277        -0.725         1.401        -1.452        -0.016
 TRUST07        2.187        -1.431         2.278        -2.520        -0.943
 HED01          0.366         0.026         0.133        -0.512        -0.223
 HED03         -2.126         0.925        -3.029         0.631        -0.138
 HED04         -0.124        -0.093        -0.247        -1.260         0.539
 HED05         -1.622         2.553        -2.204         1.337         1.639
 HED06         -0.983         1.858        -1.424        -0.088         1.110
 HED07          0.282        -0.057        -0.860        -1.335         0.256
 HED08         -1.325         1.661        -2.347         0.771         1.268
 HED09          0.526        -0.211        -0.881        -2.063         0.237
 UTI01         -0.856         0.823        -0.690         0.328         0.844
 UTI02         -0.911         0.599        -0.591         0.041         1.672
 UTI03         -0.319        -0.009        -1.356        -0.691         0.085
 UTI04         -0.115        -0.105        -1.037        -0.432         0.252
 UTI05         -0.238         0.574        -1.049        -0.526         0.961
 UTI06         -0.618         0.885        -1.076        -0.448         0.094
 UTI07         -0.166         0.342         0.203        -0.706        -0.398
 UTI08          0.116         0.873         0.141        -0.077        -0.023
 UTI09          0.095        -0.997        -0.475        -1.029         0.456
 CON01          0.219        -1.408        -0.489        -0.540        -0.118
 CON02          0.514        -1.400        -0.090         0.023        -0.128
 CON03         -0.042        -0.054        -1.561         0.208         0.415
 CON04          0.213         0.525        -1.038         0.811         0.104
 CON05          0.469        -2.648         1.048        -0.190        -0.822
 CON06          0.927        -0.746         0.049        -1.106         0.122
 DEO01          0.568         0.816        -0.779         0.720         1.154
 DEO02          0.236         0.409         0.262        -0.124        -0.245
 DEO03         -0.002         0.607        -0.860         0.329         0.819
 DEO04          0.916        -0.277        -0.035        -1.141         0.124
 DEO05          0.169         0.253        -1.054        -1.473         0.133
 DEO06          0.076         0.231        -0.585        -0.592         1.392
 DEO07          1.028         0.116        -0.274        -0.721        -0.050
 DEO08         -0.363         1.231        -0.928         0.210         1.168
 REL01         -0.461        -0.819        -0.991        -1.819        -1.093
 REL02          0.516        -0.793         0.723        -2.303        -1.495
 REL03         -1.264        -0.733        -0.923        -2.142        -0.731
 REL04          2.056        -1.894         2.081        -3.489        -1.958
 REL05          0.128        -1.131         0.217        -2.359        -1.701


           Normalized Residuals for Covariances
              P01           N02           P02           N03           P03
              ________      ________      ________      ________      ________
 P01            0.000
 N02            0.271         0.000
 P02           -1.032        -1.733         0.000
 N03            4.202         0.018         2.116         0.000
 P03           -0.291         2.617        -0.176         2.649         0.000
 N04            2.027        -0.500         0.182         0.435         2.687
 P04            0.197        -1.679         0.356         2.530        -0.774
 N05           -1.799         0.458        -2.718        -1.058         1.994
 P05           -2.565        -0.981         0.684         0.990         0.920
 N06           -1.863         1.192        -1.899        -1.434         3.033
 N07            1.104         1.012        -1.118         0.000         2.069
 P07            0.979        -0.921         0.136         3.472        -0.477
 N08            3.232        -1.612         0.672         0.298         3.275
 P08            1.634         2.389        -0.934         4.533         3.604
 N09            2.135        -1.224         1.210         0.319         4.030
 P09            0.339         2.184        -1.747         4.066         0.989
 N10            3.085        -0.216        -0.251         0.385         2.444
 P10            0.900         2.112        -0.823         3.234         0.286
 TRUST01       -0.787        -1.446         0.324         1.273         1.172
 TRUST02        0.279        -1.953        -0.142         1.141        -0.780
 TRUST03       -0.654        -2.869        -0.058         1.114        -0.673
 TRUST04       -2.009        -1.174         0.011         2.067        -0.302
 TRUST05       -1.502        -0.792         0.599         2.247         0.526
 TRUST06        2.943        -1.477         1.937         3.034         0.414
 TRUST07        2.352        -1.968         1.752         3.234         0.982
 HED01         -0.203        -0.341         0.241         1.125        -0.499
 HED03         -2.022        -0.189        -2.747         0.809        -1.451
 HED04          0.428         0.055         0.736         2.402        -0.733
 HED05         -0.552         1.224        -0.721         2.906        -0.332
 HED06         -0.145         0.594         0.592         2.178        -0.333
 HED07          0.718         0.535         1.518         2.682        -0.319
 HED08          0.267         0.639        -0.161         3.293        -0.485
 HED09          0.446        -0.116         1.428         3.555        -0.447
 UTI01          0.095         0.572        -0.054         2.393        -1.114
 UTI02          0.077         1.621        -0.299         1.485        -1.284
 UTI03          0.858         0.098         0.453         1.752        -1.108
 UTI04          0.286         0.255        -0.195         2.392        -1.576
 UTI05          1.152         0.510         0.337         3.127        -1.479
 UTI06          1.360        -0.139         0.176         2.376        -1.403
 UTI07          1.297        -0.203         0.143         1.569        -1.088
 UTI08          0.329         0.053         0.608         1.123        -0.996
 UTI09         -0.155         0.075         0.134         3.064        -1.464
 CON01          0.701        -0.951         0.020         1.899        -2.682
 CON02          0.555        -0.825        -0.250         2.181        -1.896
 CON03          0.446        -0.103        -0.526         1.510        -2.392
 CON04          0.284        -0.238        -1.499         1.528        -1.833
 CON05          0.093        -0.463        -0.072         1.488        -1.359
 CON06          0.822        -1.072        -0.224         1.270        -1.911
 DEO01          1.266         0.805         0.047         2.245        -1.802
 DEO02         -0.419         0.106         1.050         1.796         0.102
 DEO03          0.885         0.719        -0.007         2.253        -1.728
 DEO04          1.118         0.020         0.917         1.270        -1.103
 DEO05          1.017        -0.516         0.256         2.271        -1.793
 DEO06          0.062         0.886         0.247         2.589        -1.534
 DEO07          0.914        -0.444         0.742         1.374        -1.393
 DEO08          1.032         0.954         0.051         1.401        -1.409
 REL01          1.549        -1.555        -0.038         1.721        -2.768
 REL02          0.931        -0.777         0.644         1.884        -2.376
 REL03          1.704        -0.974        -0.135         1.932        -3.102
 REL04          1.265        -2.290         1.956         0.993        -1.424
 REL05          0.180        -1.564         0.236         1.141        -1.798


           Normalized Residuals for Covariances
              N04           P04           N05           P05           N06
              ________      ________      ________      ________      ________
 N04            0.000
 P04           -0.523         0.000
 N05           -1.002        -4.783         0.000
 P05            0.924        -0.249        -2.004         0.000
 N06           -0.863        -1.617         0.000        -0.246         0.000
 N07           -0.682        -0.686         0.310        -0.363         0.148
 P07            1.330        -0.107        -3.482         0.061        -1.662
 N08            2.252        -0.483        -0.464         1.027        -1.497
 P08            2.969        -0.323         0.744        -0.301         2.020
 N09            0.794        -0.200         0.198         1.852         0.018
 P09            2.179        -0.191         0.827        -1.148         1.465
 N10            0.000        -0.004        -0.983         0.554        -1.002
 P10            2.648        -0.559         0.778         0.300         1.610
 TRUST01        0.114        -0.011        -0.185         0.715        -0.534
 TRUST02       -0.862        -0.143        -1.138         1.378        -1.857
 TRUST03       -2.042        -0.311        -1.290         1.012        -2.406
 TRUST04        0.084        -1.128         0.480        -0.011        -0.007
 TRUST05       -0.115        -0.276         0.414         0.610        -0.226
 TRUST06        0.848         1.834        -1.646         2.006        -2.607
 TRUST07        0.093         1.910        -1.848         1.602        -2.663
 HED01          0.005         0.458        -2.471        -0.072        -1.851
 HED03         -0.097        -2.919         0.470        -3.192        -0.318
 HED04          1.216         1.153        -3.056         0.629        -1.782
 HED05          0.750        -1.516        -0.930         0.291        -0.262
 HED06          1.570         0.018        -1.789         0.304        -1.200
 HED07          0.631         1.501        -2.781         0.563        -1.356
 HED08          1.643        -0.528        -0.836        -0.014        -0.978
 HED09          0.142         1.432        -3.020         0.086        -1.709
 UTI01          0.870        -0.221        -1.889         0.431        -1.019
 UTI02          1.702        -0.006        -2.176         0.239        -1.241
 UTI03          0.760         0.080        -2.145         0.147        -1.655
 UTI04          0.812         0.077        -1.958        -0.148        -1.435
 UTI05          1.883         0.423        -2.626        -0.529        -1.546
 UTI06          0.794         0.202        -2.954        -0.986        -1.834
 UTI07          0.694         0.391        -3.437         0.430        -1.809
 UTI08          0.932         1.262        -1.999         0.408        -1.291
 UTI09          0.824         0.396        -2.305        -0.700        -1.238
 CON01          0.362         1.010        -4.205         0.432        -2.593
 CON02          0.298         0.850        -3.099         0.546        -1.741
 CON03          0.860        -0.555        -3.852         0.505        -2.135
 CON04          0.154        -0.504        -2.653        -0.111        -1.950
 CON05          0.276        -0.013        -2.073         1.282        -1.876
 CON06          0.056         0.890        -3.760         0.642        -1.635
 DEO01          1.152         0.644        -1.433         0.591        -1.174
 DEO02         -0.407         0.173        -2.233         1.196        -1.552
 DEO03          0.587         0.575        -2.201         0.580        -1.233
 DEO04          0.118         1.452        -3.485         1.747        -1.653
 DEO05         -0.454         0.919        -3.306         0.045        -1.585
 DEO06          1.066         0.715        -1.864         0.823        -0.572
 DEO07         -0.353         1.544        -3.132         0.522        -1.163
 DEO08          0.868         0.385        -1.249         1.074        -0.171
 REL01         -0.233         0.724        -3.826        -0.338        -2.756
 REL02         -0.611         1.526        -4.287         0.339        -2.816
 REL03         -0.509         0.912        -4.306        -0.475        -2.429
 REL04         -1.481         2.848        -5.454         0.782        -3.873
 REL05         -1.363         1.032        -4.263         0.382        -2.699


           Normalized Residuals for Covariances
              N07           P07           N08           P08           N09
              ________      ________      ________      ________      ________
 N07            0.000
 P07            0.425         0.000
 N08           -1.131         1.424         0.000
 P08            2.994        -0.702         3.657         0.000
 N09           -0.889         1.864         2.304         3.786         0.000
 P09            2.601         0.517         2.843         3.492         2.961
 N10           -0.448         1.727         1.718         3.030         0.623
 P10            2.747        -0.243         2.519         3.721         4.065
 TRUST01        0.199        -0.168         2.094         0.045         1.645
 TRUST02        0.461        -0.125         0.462        -0.675        -0.500
 TRUST03        0.013        -0.158        -1.262        -1.162        -1.600
 TRUST04        0.075        -1.075         1.974        -1.455         1.385
 TRUST05        0.581        -0.528         1.614        -0.458         1.687
 TRUST06        1.093         3.091         2.412         0.506         0.780
 TRUST07        0.778         2.146         1.232         0.336        -0.344
 HED01         -0.082        -0.319        -0.427        -0.380         0.562
 HED03          0.806        -3.481         0.105        -1.985         0.216
 HED04          1.002         0.349         1.529        -0.420         1.287
 HED05          1.753        -1.080         1.659        -0.466         1.395
 HED06          0.885        -0.452         1.518         0.025         1.976
 HED07          0.972         0.518         0.522        -0.072         0.990
 HED08          1.780        -0.536         1.036        -0.320         1.947
 HED09          1.496         0.380         0.594        -0.389         1.203
 UTI01          0.668        -0.482         1.823        -1.359         1.621
 UTI02          0.587        -0.886         1.685        -0.951         1.638
 UTI03          0.581        -0.074         1.136        -1.242         0.970
 UTI04          0.556        -0.640         0.957        -2.438         0.861
 UTI05          0.687         0.126         1.999        -1.080         1.264
 UTI06          0.101        -0.125         2.019        -1.597         0.785
 UTI07         -0.222        -0.004         0.954        -1.223         1.139
 UTI08         -0.106         0.547         1.531        -2.009         0.682
 UTI09          0.670        -0.529         1.108        -1.754         1.141
 CON01         -0.698         0.449         1.018        -1.182         0.312
 CON02          0.047         0.549         1.365        -1.002         0.518
 CON03          0.769        -0.197         1.262        -1.491         0.053
 CON04         -0.013        -0.960         0.844        -1.673         0.214
 CON05         -0.170        -0.190         0.578        -0.795         0.488
 CON06          0.119         1.193         0.464        -1.399         0.228
 DEO01          0.951         1.074         2.394        -0.342         1.544
 DEO02          0.733         0.259         0.199        -0.011        -0.048
 DEO03          1.367         0.263         1.360        -1.682         1.646
 DEO04          0.281         0.663         0.478        -1.053         0.974
 DEO05          0.546         0.057         0.252        -2.283         0.680
 DEO06          1.191         0.679         1.413        -2.119         2.592
 DEO07         -0.177         0.382         0.117        -1.605         0.435
 DEO08          0.944         0.301         1.892        -2.209         1.705
 REL01         -0.216        -0.667         0.020        -2.219        -0.501
 REL02          0.156         0.018        -0.840        -1.890        -0.504
 REL03         -0.463        -0.326        -0.408        -2.047        -0.806
 REL04         -0.658         1.100        -1.108        -1.782        -0.957
 REL05          0.197        -0.188        -0.909        -2.643        -0.471


           Normalized Residuals for Covariances
              P09           N10           P10           TRUST01       TRUST02
              ________      ________      ________      ________      ________
 P09            0.278
 N10            2.984         0.000
 P10            0.697         2.641         0.155
 TRUST01       -1.392         0.440         0.804         0.000
 TRUST02        0.518        -0.511         0.939        -0.067        -0.001
 TRUST03       -0.128        -2.463         0.313        -0.299        -0.001
 TRUST04       -1.712         0.537        -0.449         0.222        -0.932
 TRUST05       -0.732         0.450         0.181         0.099        -0.657
 TRUST06        1.030         2.122         1.354        -0.548         2.559
 TRUST07        1.488         0.623         1.573        -0.602         4.507
 HED01         -0.738        -0.606        -0.964         0.274         0.459
 HED03         -0.875        -0.353        -2.428         0.815        -0.378
 HED04         -0.713         0.912        -1.201         0.111        -0.212
 HED05         -0.458         0.700        -1.526         0.405        -0.312
 HED06         -0.546         1.051        -0.885         0.027        -0.429
 HED07         -0.193         0.407        -0.413         1.200        -0.256
 HED08          0.234         1.301        -0.264        -0.023         0.643
 HED09         -0.197         0.106        -0.672         1.765         0.504
 UTI01         -0.547         0.986        -0.797        -1.033         0.599
 UTI02         -1.082         1.513        -0.477        -0.754         0.002
 UTI03         -0.350         0.869        -0.719        -0.457        -0.236
 UTI04         -0.726         0.540        -1.402        -0.879         0.776
 UTI05         -0.163         1.691        -1.344        -1.007         0.601
 UTI06          0.550         0.914        -0.612        -0.575         1.881
 UTI07          0.531         0.365        -0.035        -0.765         0.295
 UTI08         -0.455         0.568        -0.553        -0.505         0.841
 UTI09         -0.465         0.418        -1.777        -1.205         0.196
 CON01         -0.316        -0.003        -1.459         0.958         2.209
 CON02         -0.213        -0.034        -1.376         0.662         1.910
 CON03         -0.173         0.459        -1.417        -0.368         0.984
 CON04         -0.030         0.440        -1.268        -0.293         0.031
 CON05         -0.083        -0.410        -0.760         0.834         2.147
 CON06         -0.418         0.186        -1.175         0.470         1.535
 DEO01         -0.206         1.014         0.130         0.352         1.611
 DEO02         -0.070        -0.677        -0.155         0.584         0.677
 DEO03         -0.461         0.361        -1.125        -0.592         1.386
 DEO04         -0.848        -0.557        -0.833         0.683         1.295
 DEO05         -0.949        -0.881        -2.401        -0.219        -0.229
 DEO06         -1.708         1.104        -2.023         0.308         0.614
 DEO07         -0.980        -0.340        -1.821        -0.722        -0.809
 DEO08         -0.388         0.798        -1.338        -0.551         0.461
 REL01          0.208        -0.613        -1.251        -0.673         1.097
 REL02         -0.795        -0.696        -2.156        -0.624         1.015
 REL03         -0.438        -0.239        -1.930         0.300         1.138
 REL04         -0.930        -1.965        -1.442        -0.462         0.410
 REL05         -1.455        -1.572        -1.752        -0.357         0.786


           Normalized Residuals for Covariances
              TRUST03       TRUST04       TRUST05       TRUST06       TRUST07
              ________      ________      ________      ________      ________
 TRUST03        0.000
 TRUST04        0.286         0.000
 TRUST05       -0.179         0.000         0.000
 TRUST06       -0.319        -0.176         0.279         0.001
 TRUST07        2.562        -0.637        -0.306         0.001         0.001
 HED01          0.410        -1.026         0.152         0.728         1.960
 HED03          0.397         0.594         0.932         1.195         1.804
 HED04          0.167        -0.706         0.684         1.792         2.757
 HED05         -0.446        -0.226         0.947         1.458         2.241
 HED06         -0.586        -0.864        -0.044         0.608         1.801
 HED07          0.587         0.451         1.557         1.964         3.263
 HED08          0.243        -0.466         1.140         1.959         3.045
 HED09          0.726         1.288         2.187         2.403         3.842
 UTI01          0.308        -1.594        -0.350         0.810         2.099
 UTI02          1.035        -1.806        -0.444         0.959         2.511
 UTI03          0.817        -1.649        -0.266         1.154         2.283
 UTI04          1.822        -1.774        -0.460         1.141         2.935
 UTI05          0.842        -1.977        -1.062         1.239         2.626
 UTI06          1.184        -0.809         0.016         2.236         3.173
 UTI07          0.792        -1.445        -0.277         1.161         1.733
 UTI08          1.642        -1.519        -0.500         0.908         2.281
 UTI09          1.166        -1.265        -0.194         0.724         2.520
 CON01          2.115        -0.177         0.267         1.578         3.655
 CON02          1.820        -0.117         0.654         1.835         3.149
 CON03          1.206        -1.375        -0.343         1.878         1.785
 CON04          0.503        -1.588        -0.441         1.217         2.072
 CON05          1.230         0.037         1.229         1.947         3.095
 CON06          1.707        -0.403         0.404         2.376         2.711
 DEO01          1.674        -1.149         0.130         2.642         2.662
 DEO02          0.747        -0.535         0.783         0.560         2.057
 DEO03          1.288        -1.719        -0.435         2.580         3.187
 DEO04          1.180        -0.987         0.639         2.437         2.609
 DEO05          0.967        -0.523        -0.045         1.939         1.877
 DEO06          1.237        -0.367         0.911         1.933         2.252
 DEO07          0.115        -1.600        -0.580         0.734         0.995
 DEO08          0.903        -1.529        -0.366         0.295         1.806
 REL01          1.450        -1.329        -0.647         1.915         2.876
 REL02          1.255        -1.384        -0.430         1.365         2.173
 REL03          0.838        -0.256         0.395         2.625         3.037
 REL04          1.118        -1.352        -0.825         1.585         1.920
 REL05          1.841        -0.859        -0.203         1.573         2.644


           Normalized Residuals for Covariances
              HED01         HED03         HED04         HED05         HED06
              ________      ________      ________      ________      ________
 HED01          0.000
 HED03         -0.160         0.000
 HED04          0.546        -0.718         0.000
 HED05          0.439         1.459        -0.996         0.000
 HED06          0.323         1.003         0.461         1.074         0.000
 HED07         -0.463        -0.095        -0.621        -0.193        -0.538
 HED08         -0.266         0.950         0.003         1.641         0.444
 HED09         -0.992         0.011        -0.188        -0.440        -0.759
 UTI01          1.500         0.485         1.801         0.553         1.394
 UTI02          1.577        -0.068         1.425         0.224         0.786
 UTI03          1.586         0.308         2.350         0.443         0.515
 UTI04          1.224        -0.097         0.889        -1.020        -0.209
 UTI05          0.551        -0.164         1.119        -1.298        -0.485
 UTI06          1.302        -0.094         1.688        -1.011        -0.118
 UTI07          1.002         0.459         1.678        -0.620        -0.010
 UTI08          0.813         0.899         0.980        -1.167        -0.171
 UTI09          1.101         0.306         1.328        -1.261         0.014
 CON01          0.362        -1.465         0.426        -0.966        -0.940
 CON02         -0.409        -1.162        -0.237        -1.164        -1.476
 CON03          0.513        -0.599         0.773        -0.114        -0.928
 CON04          0.041         0.542         0.285        -0.724        -1.282
 CON05          0.124         0.440         0.576        -1.301        -0.570
 CON06         -0.140        -1.079         0.041        -1.594        -1.585
 DEO01         -0.430        -1.735         0.344        -0.921        -1.480
 DEO02          2.385         0.582         1.874         1.732         2.361
 DEO03         -0.148        -2.426        -0.441        -1.216        -1.796
 DEO04          0.941        -2.418         0.547        -0.765        -0.432
 DEO05          1.085        -1.563         0.877        -0.897        -0.651
 DEO06         -0.020        -2.296         0.344        -1.613        -1.003
 DEO07          0.380        -2.148         0.619        -1.799        -0.488
 DEO08         -0.097        -2.512         0.150        -1.081        -1.116
 REL01         -0.638        -1.283        -0.097        -1.622        -1.159
 REL02          0.548        -1.931         0.748        -2.041        -1.252
 REL03         -0.571        -1.604        -0.098        -1.602        -1.788
 REL04          1.465        -2.137         0.838        -2.337        -1.094
 REL05          0.160        -2.050        -0.125        -2.180        -1.459


           Normalized Residuals for Covariances
              HED07         HED08         HED09         UTI01         UTI02
              ________      ________      ________      ________      ________
 HED07          0.000
 HED08         -0.405         0.000
 HED09          1.799        -0.375         0.000
 UTI01          0.604         1.285         0.963         0.000
 UTI02          0.341         0.550         0.881         0.772         0.000
 UTI03          1.323         0.549         2.439        -0.043         0.074
 UTI04          0.293        -0.312         1.263        -0.236        -0.223
 UTI05          0.488        -0.541         0.561         0.041         0.324
 UTI06          0.953         0.210         1.448         0.595        -0.442
 UTI07          0.737         0.068         1.023         0.345         0.146
 UTI08          0.781         0.099         1.391        -0.363        -0.245
 UTI09          1.137        -0.285         1.853        -0.713        -0.241
 CON01         -0.251        -0.420        -0.179        -0.383        -0.292
 CON02         -0.227        -0.952        -0.690        -0.382        -1.342
 CON03          0.006         0.141         0.101         0.079         0.453
 CON04         -0.278         0.213        -0.446         0.158        -0.170
 CON05          0.428         0.081         1.005        -0.776        -0.393
 CON06          0.174        -0.476         0.089        -0.131         0.289
 DEO01         -1.017        -0.839        -0.446        -1.008        -0.394
 DEO02          2.179         2.890         2.423         1.047         1.305
 DEO03         -0.183        -0.988        -0.091        -1.052        -0.023
 DEO04          0.923        -0.198         0.451        -0.627         0.639
 DEO05          0.381        -0.005         0.420        -0.121         0.800
 DEO06          0.531        -0.374         0.542        -1.056        -0.265
 DEO07          0.901        -0.580         0.704        -0.317        -0.306
 DEO08         -0.399        -0.345         0.104        -0.309         0.187
 REL01         -0.161        -0.787         0.195        -0.575        -0.304
 REL02          0.107        -1.361         1.023        -1.096        -0.509
 REL03         -0.694        -1.193         0.322        -1.607        -0.136
 REL04         -0.118        -1.549         0.447        -0.142         0.434
 REL05          0.037        -1.917         0.433        -1.660        -0.814


           Normalized Residuals for Covariances
              UTI03         UTI04         UTI05         UTI06         UTI07
              ________      ________      ________      ________      ________
 UTI03          0.000
 UTI04          0.094         0.000
 UTI05         -0.311        -0.115         0.000
 UTI06          0.566         0.097         0.204         0.000
 UTI07         -0.368        -0.315        -0.003        -0.500         0.000
 UTI08          0.133        -0.133        -0.210        -0.213         1.564
 UTI09         -0.379         0.745         0.189        -0.349        -0.272
 CON01          0.101        -0.358        -0.231         0.101        -0.752
 CON02         -0.269        -0.850        -1.050        -0.220        -1.383
 CON03          1.326         0.373         0.581         0.925        -0.066
 CON04          0.766        -0.213        -0.240         0.366        -0.366
 CON05          0.714        -0.317        -0.349        -0.152        -0.251
 CON06          0.516         0.242         0.138         0.932         0.367
 DEO01         -1.052        -0.428        -0.472        -0.502        -0.987
 DEO02          1.106         0.300         0.107         0.420         0.735
 DEO03         -0.679        -0.524        -0.440        -0.394        -0.615
 DEO04          0.017         0.036        -0.241        -0.548         0.040
 DEO05          0.267         0.230         0.354         0.469        -0.365
 DEO06         -0.688        -1.020        -1.305        -1.345        -1.578
 DEO07          0.181        -0.278        -0.704        -0.324        -0.640
 DEO08          0.183        -0.702        -0.843        -0.368        -0.963
 REL01         -0.006        -0.197        -0.036        -0.053         0.188
 REL02         -0.083         0.056         0.057        -0.337         0.162
 REL03         -0.447        -0.044        -0.557        -0.263         0.088
 REL04          0.117         0.590         0.830         0.348         0.919
 REL05         -0.986        -0.353        -0.775        -0.402        -0.485


           Normalized Residuals for Covariances
              UTI08         UTI09         CON01         CON02         CON03
              ________      ________      ________      ________      ________
 UTI08          0.000
 UTI09         -0.087         0.000
 CON01         -0.160         0.203         0.000
 CON02         -0.612        -0.687         0.439         0.000
 CON03          0.163         0.475        -0.102        -0.711         0.000
 CON04         -0.180        -0.887        -0.403        -0.050         0.906
 CON05         -0.047        -0.154        -0.168         0.148         0.188
 CON06          0.270         0.539        -0.270         0.044         0.072
 DEO01         -1.114        -0.454         0.070         0.128         0.988
 DEO02          0.920         1.320         1.054         0.674         1.612
 DEO03         -0.186         0.455         0.772         0.002         2.052
 DEO04          0.483         0.511         0.834         0.155         1.787
 DEO05          0.224         0.888         1.147         0.463         2.071
 DEO06         -0.472         0.412        -0.046        -0.417         1.630
 DEO07          0.008         0.617         0.201         0.022         1.283
 DEO08          0.284        -0.150         0.149        -0.225         1.275
 REL01         -0.239        -0.315        -0.764        -1.064        -0.330
 REL02          0.430         0.278        -0.133        -0.720         0.489
 REL03         -0.460        -0.567        -0.368        -1.062         0.152
 REL04          1.050         1.351         0.385         0.055         0.756
 REL05         -0.544         0.210        -0.070        -0.301         0.027


           Normalized Residuals for Covariances
              CON04         CON05         CON06         DEO01         DEO02
              ________      ________      ________      ________      ________
 CON04          0.000
 CON05          0.008         0.000
 CON06          0.224        -0.143         0.000
 DEO01         -0.598         0.716        -0.384         0.000
 DEO02          0.914         1.297         0.568        -0.243         0.000
 DEO03          0.171         0.548         0.541         2.932        -0.166
 DEO04          0.471         0.453         0.802        -0.063         0.271
 DEO05          1.095        -0.036         2.022        -0.929        -0.039
 DEO06         -0.586         0.032         0.722        -0.005        -0.048
 DEO07          0.191         0.495         1.045        -0.652        -0.465
 DEO08          0.361         0.418         0.232         0.126        -0.628
 REL01         -0.067        -0.480        -0.147        -0.305        -0.977
 REL02         -0.591        -0.444        -0.206        -1.187        -0.123
 REL03         -0.546        -0.319         0.019        -0.536        -1.384
 REL04          0.133         0.238         0.826        -0.726         0.636
 REL05         -0.496        -0.284         0.315        -0.252        -0.372


           Normalized Residuals for Covariances
              DEO03         DEO04         DEO05         DEO06         DEO07
              ________      ________      ________      ________      ________
 DEO03          0.000
 DEO04          0.703         0.000
 DEO05         -0.065         0.097         0.000
 DEO06         -0.377        -0.339        -0.402         0.000
 DEO07         -1.007        -0.509        -0.047         1.231         0.000
 DEO08          0.210        -0.096        -0.034         0.316         0.444
 REL01         -1.273        -0.470         0.802        -1.358        -0.278
 REL02         -0.892         0.383         1.217        -0.524        -0.016
 REL03         -1.583        -0.643         1.495        -1.265        -0.551
 REL04         -0.717         0.919         2.337         0.204         0.896
 REL05         -0.708         0.029         1.419        -0.568         0.413


           Normalized Residuals for Covariances
              DEO08         REL01         REL02         REL03         REL04
              ________      ________      ________      ________      ________
 DEO08          0.000
 REL01         -0.403         0.000
 REL02         -0.801        -0.243         0.000
 REL03         -0.665         1.815        -0.194         0.000
 REL04         -0.885        -0.881         0.342        -0.744         0.000
 REL05         -0.220        -0.020        -0.019        -0.099         0.240


           Normalized Residuals for Covariances
              REL05
              ________
 REL05          0.000


MODEL MODIFICATION INDICES

NOTE:  Modification indices for direct effects of observed dependent variables
regressed on covariates may not be included.  To include these, request
MODINDICES (ALL).

Minimum M.I. value for printing the modification index    10.000

                                   M.I.     E.P.C.  Std E.P.C.  StdYX E.P.C.

BY Statements

ACCEPT   BY R05                   21.191    -0.169     -0.381       -0.355
ACCEPT   BY N03                   19.663     0.075      0.168        0.166
ACCEPT   BY P03                   13.444    -0.071     -0.160       -0.153
ACCEPT   BY P04                   19.667     0.075      0.170        0.149
ACCEPT   BY N05                   52.691    -0.123     -0.277       -0.267
ACCEPT   BY P08                   23.004    -0.101     -0.226       -0.198
ACCEPT   BY HED03                 21.601    -0.178     -0.401       -0.238
ACCEPT   BY HED04                 10.256     0.076      0.170        0.104
ACCEPT   BY HED05                 27.402    -0.137     -0.309       -0.216
ACCEPT   BY HED08                 12.619    -0.086     -0.194       -0.135
ACCEPT   BY CON04                 11.980    -0.078     -0.175       -0.112
ACCEPT   BY DEO08                 24.657    -0.122     -0.274       -0.183
ACCEPT   BY REL04                 50.433     0.162      0.364        0.204
RISK     BY GEN05                 19.062    -0.160     -0.248       -0.208
RISK     BY N03                   18.577    -0.118     -0.182       -0.180
RISK     BY P03                   13.599     0.105      0.162        0.155
RISK     BY P04                   24.172    -0.122     -0.190       -0.167
RISK     BY N05                   34.539     0.161      0.250        0.241
RISK     BY P08                   23.688     0.150      0.232        0.203
RISK     BY HED05                 20.147     0.171      0.264        0.185
RISK     BY HED08                 11.540     0.120      0.185        0.129
RISK     BY HED09                 10.102    -0.111     -0.172       -0.107
RISK     BY CON04                 12.020     0.114      0.176        0.113
RISK     BY REL04                 38.610    -0.205     -0.317       -0.178
BENF     BY GEN05                 37.761     0.257      0.420        0.353
BENF     BY R05                   11.949    -0.238     -0.390       -0.363
BENF     BY N03                   22.084     0.115      0.188        0.186
BENF     BY P03                   11.667    -0.095     -0.155       -0.149
BENF     BY P04                   21.748     0.114      0.186        0.164
BENF     BY N05                   38.184    -0.152     -0.249       -0.240
BENF     BY P08                   23.064    -0.145     -0.237       -0.208
BENF     BY TRUST07               10.411     0.167      0.273        0.107
BENF     BY HED03                 16.605    -0.226     -0.369       -0.219
BENF     BY HED05                 18.897    -0.165     -0.269       -0.189
BENF     BY HED08                 12.028    -0.122     -0.199       -0.139
BENF     BY REL04                 48.532     0.230      0.375        0.211
NEGEMO   BY BIR03                 12.810    -0.160     -0.169       -0.126
NEGEMO   BY BIR04                 15.272    -0.175     -0.185       -0.158
NEGEMO   BY P03                   11.161     0.114      0.120        0.115
NEGEMO   BY P04                   15.890    -0.117     -0.123       -0.108
NEGEMO   BY P08                   24.466     0.182      0.192        0.168
POSEMO   BY GEN01                 15.172     0.096      0.111        0.093
POSEMO   BY BI02                  47.671     0.240      0.277        0.230
POSEMO   BY BIR03                 11.926    -0.158     -0.183       -0.137
POSEMO   BY BIR06                 10.125    -0.104     -0.120       -0.090
POSEMO   BY N03                   17.156     0.126      0.146        0.144
POSEMO   BY N05                   16.701    -0.126     -0.145       -0.140
POSEMO   BY HED03                 19.899    -0.284     -0.328       -0.194
POSEMO   BY REL04                 11.457     0.126      0.146        0.082
TRUST    BY BI09                  17.462     0.161      0.164        0.143
TRUST    BY N08                   10.591     0.119      0.121        0.102
HEDO     BY R05                   10.795    -0.081     -0.147       -0.138
HEDO     BY N05                   14.710    -0.076     -0.138       -0.133
HEDO     BY TRUST07               11.476     0.152      0.274        0.108
HEDO     BY DEO02                 36.337     0.236      0.427        0.308
UTIL     BY BI01                  10.903    -0.066     -0.125       -0.100
UTIL     BY GEN05                 11.141     0.064      0.121        0.102
UTIL     BY R03                   16.241     0.098      0.185        0.195
UTIL     BY N05                   13.602    -0.070     -0.131       -0.127
UTIL     BY TRUST07               13.922     0.158      0.299        0.117
UTIL     BY HED05                 10.943    -0.116     -0.218       -0.153
UTIL     BY REL04                 10.986     0.101      0.191        0.107
CONT     BY GEN05                 20.823     0.098      0.159        0.134
CONT     BY N05                   21.671    -0.102     -0.166       -0.160
CONT     BY TRUST07               10.071     0.157      0.256        0.100
DEON     BY GEN05                 13.912     0.068      0.142        0.119
DEON     BY N05                   18.663    -0.074     -0.155       -0.150
DEON     BY P08                   12.102    -0.070     -0.148       -0.130
DEON     BY TRUST04               11.288    -0.070     -0.146       -0.072
DEON     BY HED03                 20.452    -0.220     -0.463       -0.275
DEON     BY HED05                 11.388    -0.113     -0.237       -0.166
DEON     BY CON03                 14.575     0.107      0.225        0.147
RELA     BY R05                   17.922    -0.103     -0.190       -0.177
RELA     BY P03                   10.386    -0.068     -0.125       -0.119
RELA     BY P04                   11.244     0.061      0.113        0.099
RELA     BY N05                   22.636    -0.092     -0.170       -0.164
RELA     BY P08                   15.248    -0.089     -0.164       -0.143
RELA     BY HED03                 11.249    -0.175     -0.322       -0.191
RELA     BY HED05                 20.552    -0.162     -0.298       -0.209
RELA     BY HED06                 12.064    -0.108     -0.198       -0.137
RELA     BY HED08                 10.656    -0.108     -0.200       -0.139
RELA     BY HED09                 10.155     0.105      0.194        0.121
RELA     BY DEO05                 25.468     0.190      0.351        0.212
ESTA     BY BI01                  10.959    -0.161     -0.161       -0.129
ESTA     BY GEN05                 17.953     0.198      0.198        0.166
ESTA     BY R03                   13.944     0.209      0.209        0.221
ESTA     BY R05                   16.644    -0.237     -0.237       -0.221
ESTA     BY N03                   12.404     0.130      0.130        0.128
ESTA     BY N05                   27.570    -0.195     -0.195       -0.188
ESTA     BY P08                   12.406    -0.159     -0.159       -0.140
ESTA     BY TRUST04               10.601    -0.145     -0.145       -0.071
ESTA     BY TRUST07               12.330     0.290      0.290        0.114
ESTA     BY HED03                 16.792    -0.575     -0.575       -0.341
ESTA     BY HED04                 13.229     0.322      0.322        0.197
ESTA     BY HED05                 25.595    -0.489     -0.489       -0.343
ESTA     BY HED06                 14.069    -0.316     -0.316       -0.218
ESTA     BY DEO02                 10.579     0.391      0.391        0.282
ESTA     BY DEO05                 12.701     0.424      0.424        0.256
ESTA     BY REL04                 21.384     0.401      0.401        0.225

ON/BY Statements

NEGEMO   ON RELA     /
RELA     BY NEGEMO                15.665    -0.217     -0.380       -0.380
HEDO     ON UTIL     /
UTIL     BY HEDO                  17.784     0.282      0.294        0.294
UTIL     ON HEDO     /
HEDO     BY UTIL                  17.779     0.282      0.270        0.270
RELA     ON ACCEPT   /
ACCEPT   BY RELA                  25.914     0.209      0.255        0.255
RELA     ON RISK     /
RISK     BY RELA                  25.121    -0.276     -0.231       -0.231
RELA     ON BENF     /
BENF     BY RELA                  15.195     0.228      0.203        0.203
RELA     ON NEGEMO   /
NEGEMO   BY RELA                  15.548    -0.216     -0.124       -0.124

WITH Statements

BI02     WITH GEN01               17.656     0.065      0.065        0.201
GENR02   WITH BI01                10.403    -0.077     -0.077       -0.148
BIR03    WITH BI02                17.976    -0.121     -0.121       -0.191
BIR03    WITH GENR02              33.061     0.199      0.199        0.257
GEN03    WITH GEN01               12.914     0.038      0.038        0.189
GEN03    WITH GENR02              11.687    -0.060     -0.060       -0.166
BIR04    WITH BI01                11.679    -0.088     -0.088       -0.155
BIR04    WITH BI02                14.976    -0.110     -0.110       -0.173
BIR04    WITH GENR02              10.456     0.112      0.112        0.144
BIR04    WITH BIR03               33.646     0.218      0.218        0.256
GENR04   WITH GEN01               16.851    -0.070     -0.070       -0.196
GENR04   WITH GENR02              44.180     0.193      0.193        0.301
GENR04   WITH BIR03               26.606     0.162      0.162        0.232
BI05     WITH GEN03               23.094     0.050      0.050        0.260
BI05     WITH GENR04              11.364    -0.056     -0.056       -0.164
BIR06    WITH GEN01               27.998    -0.077     -0.077       -0.259
BIR06    WITH BI02                10.481    -0.066     -0.066       -0.150
BIR06    WITH GENR02              42.204     0.161      0.161        0.299
BIR06    WITH BIR03               33.779     0.156      0.156        0.266
BIR06    WITH GEN03               14.373    -0.052     -0.052       -0.191
BIR06    WITH BIR04               22.564     0.127      0.127        0.216
BIR06    WITH GENR04              44.970     0.151      0.151        0.312
BI07     WITH GENR02              11.097    -0.068     -0.068       -0.154
BIR08    WITH GEN01               12.391    -0.066     -0.066       -0.166
BIR08    WITH GENR02              29.144     0.174      0.174        0.242
BIR08    WITH GEN03               20.380    -0.080     -0.080       -0.219
BIR08    WITH GENR04              21.668     0.136      0.136        0.211
BIR08    WITH BIR06               23.568     0.121      0.121        0.223
BIR08    WITH BI07                11.065     0.068      0.068        0.154
BI09     WITH BI02                23.111     0.124      0.124        0.216
BI09     WITH GENR04              15.571    -0.113     -0.113       -0.177
R03      WITH R02                 10.162     0.089      0.089        0.158
B04      WITH B02                 10.541    -0.098     -0.098       -0.150
P01      WITH B02                 11.905     0.100      0.100        0.133
P01      WITH R02                 12.006     0.096      0.096        0.153
N02      WITH N01                 26.377     0.103      0.103        0.303
N05      WITH P04                 11.715    -0.077     -0.077       -0.160
P05      WITH P01                 22.330    -0.115     -0.115       -0.208
N06      WITH P01                 19.151    -0.108     -0.108       -0.176
N06      WITH N02                 22.354     0.094      0.094        0.225
N07      WITH N02                 19.878     0.094      0.094        0.195
N08      WITH N01                 11.105    -0.080     -0.080       -0.181
N08      WITH N02                 38.382    -0.151     -0.151       -0.330
N08      WITH N04                 28.216     0.122      0.122        0.236
N08      WITH N06                 13.857    -0.092     -0.092       -0.168
N08      WITH N07                 11.400    -0.088     -0.088       -0.141
P08      WITH P03                 32.044     0.166      0.166        0.249
N09      WITH N02                 26.257    -0.118     -0.118       -0.265
N09      WITH N08                 43.615     0.187      0.187        0.323
P09      WITH P08                 10.018     0.109      0.109        0.128
P10      WITH P08                 20.794     0.126      0.126        0.191
TRUST02  WITH GENR02              10.244    -0.209     -0.209       -0.126
TRUST06  WITH TRUST03             13.804    -0.538     -0.538       -0.125
TRUST07  WITH TRUST02             18.916     0.595      0.595        0.146
HED04    WITH GENR04              11.500     0.102      0.102        0.165
HED05    WITH HED04               15.838    -0.159     -0.159       -0.202
HED06    WITH HED05               15.717     0.151      0.151        0.194
HED07    WITH HED04               10.800    -0.118     -0.118       -0.180
HED08    WITH HED05               28.249     0.217      0.217        0.254
HED09    WITH HED01               21.212    -0.185     -0.185       -0.243
HED09    WITH HED06               12.794    -0.128     -0.128       -0.187
HED09    WITH HED07               77.180     0.320      0.320        0.467
UTI01    WITH HED06               12.745     0.101      0.101        0.172
UTI02    WITH UTI01               15.579     0.096      0.096        0.195
UTI06    WITH TRUST02             10.963     0.207      0.207        0.134
UTI07    WITH B03                 12.350     0.133      0.133        0.148
UTI08    WITH UTI07               30.209     0.202      0.202        0.258
UTI09    WITH UTI01               11.097    -0.100     -0.100       -0.165
UTI09    WITH UTI04               26.307     0.147      0.147        0.278
CON01    WITH TRUST06             10.532    -0.165     -0.165       -0.142
CON02    WITH CON01               25.918     0.133      0.133        0.364
CON03    WITH CON02               20.063    -0.134     -0.134       -0.256
CON04    WITH HED03               11.654     0.193      0.193        0.159
CON04    WITH UTI09               14.939    -0.133     -0.133       -0.190
CON04    WITH CON03               14.990     0.140      0.140        0.197
CON05    WITH R04                 11.168    -0.140     -0.140       -0.155
DEO02    WITH HED06               10.244     0.120      0.120        0.152
DEO02    WITH HED08               14.233     0.153      0.153        0.175
DEO03    WITH DEO01               57.571     0.367      0.367        0.351
DEO04    WITH DEO03               13.005     0.117      0.117        0.191
DEO07    WITH DEO03               17.182    -0.155     -0.155       -0.209
DEO07    WITH DEO04               10.084    -0.106     -0.106       -0.180
DEO07    WITH DEO06               45.786     0.247      0.247        0.370
REL01    WITH HED01               10.039    -0.108     -0.108       -0.156
REL03    WITH B04                 14.651    -0.112     -0.112       -0.197
REL03    WITH REL01              108.737     0.316      0.316        0.543
REL04    WITH HED01               21.640     0.166      0.166        0.239
REL04    WITH DEO08               17.041    -0.137     -0.137       -0.209
REL04    WITH REL01               29.079    -0.177     -0.177       -0.297
REL04    WITH REL02               13.021     0.110      0.110        0.249
REL04    WITH REL03               22.379    -0.155     -0.155       -0.265
UTIL     WITH HEDO                17.785     0.282      0.282        0.282
RELA     WITH NEGEMO              15.666    -0.217     -0.217       -0.217


SAMPLE STATISTICS FOR ESTIMATED FACTOR SCORES


     SAMPLE STATISTICS


           Means
              ACCEPT        ACCEPT_S      RISK          RISK_SE       BENF
              ________      ________      ________      ________      ________
                0.000         0.328         0.000         0.540         0.000


           Means
              BENF_SE       NEGEMO        NEGEMO_S      POSEMO        POSEMO_S
              ________      ________      ________      ________      ________
                0.550         0.000         0.288         0.000         0.326


           Means
              TRUST         TRUST_SE      HEDO          HEDO_SE       UTIL
              ________      ________      ________      ________      ________
                0.000         0.293         0.000         0.420         0.000


           Means
              UTIL_SE       CONT          CONT_SE       DEON          DEON_SE
              ________      ________      ________      ________      ________
                0.350         0.000         0.354         0.000         0.452


           Means
              RELA          RELA_SE       ESTA          ESTA_SE
              ________      ________      ________      ________
                0.000         0.382         0.000         0.279


           Covariances
              ACCEPT        ACCEPT_S      RISK          RISK_SE       BENF
              ________      ________      ________      ________      ________
 ACCEPT         4.945
 ACCEPT_S       0.000         0.000
 RISK          -2.780         0.000         2.092
 RISK_SE        0.000         0.000         0.000         0.000
 BENF           3.110         0.000        -2.040         0.000         2.363
 BENF_SE        0.000         0.000         0.000         0.000         0.000
 NEGEMO        -1.016         0.000         0.778         0.000        -0.715
 NEGEMO_S       0.000         0.000         0.000         0.000         0.000
 POSEMO         1.479         0.000        -0.877         0.000         1.012
 POSEMO_S       0.000         0.000         0.000         0.000         0.000
 TRUST          0.397         0.000        -0.382         0.000         0.329
 TRUST_SE       0.000         0.000         0.000         0.000         0.000
 HEDO           2.547         0.000        -1.518         0.000         1.748
 HEDO_SE        0.000         0.000         0.000         0.000         0.000
 UTIL           2.692         0.000        -1.584         0.000         1.866
 UTIL_SE        0.000         0.000         0.000         0.000         0.000
 CONT           2.199         0.000        -1.333         0.000         1.549
 CONT_SE        0.000         0.000         0.000         0.000         0.000
 DEON           3.127         0.000        -1.876         0.000         2.188
 DEON_SE        0.000         0.000         0.000         0.000         0.000
 RELA           2.909         0.000        -1.777         0.000         1.978
 RELA_SE        0.000         0.000         0.000         0.000         0.000
 ESTA           1.722         0.000        -1.032         0.000         1.186
 ESTA_SE        0.000         0.000         0.000         0.000         0.000


           Covariances
              BENF_SE       NEGEMO        NEGEMO_S      POSEMO        POSEMO_S
              ________      ________      ________      ________      ________
 BENF_SE        0.000
 NEGEMO         0.000         1.029
 NEGEMO_S       0.000         0.000         0.000
 POSEMO         0.000        -0.153         0.000         1.229
 POSEMO_S       0.000         0.000         0.000         0.000         0.000
 TRUST          0.000        -0.100         0.000         0.270         0.000
 TRUST_SE       0.000         0.000         0.000         0.000         0.000
 HEDO           0.000        -0.456         0.000         0.841         0.000
 HEDO_SE        0.000         0.000         0.000         0.000         0.000
 UTIL           0.000        -0.477         0.000         0.858         0.000
 UTIL_SE        0.000         0.000         0.000         0.000         0.000
 CONT           0.000        -0.448         0.000         0.701         0.000
 CONT_SE        0.000         0.000         0.000         0.000         0.000
 DEON           0.000        -0.581         0.000         1.048         0.000
 DEON_SE        0.000         0.000         0.000         0.000         0.000
 RELA           0.000        -0.650         0.000         0.876         0.000
 RELA_SE        0.000         0.000         0.000         0.000         0.000
 ESTA           0.000        -0.333         0.000         0.554         0.000
 ESTA_SE        0.000         0.000         0.000         0.000         0.000


           Covariances
              TRUST         TRUST_SE      HEDO          HEDO_SE       UTIL
              ________      ________      ________      ________      ________
 TRUST          0.951
 TRUST_SE       0.000         0.000
 HEDO           0.345         0.000         3.099
 HEDO_SE        0.000         0.000         0.000         0.000
 UTIL           0.263         0.000         2.529         0.000         3.439
 UTIL_SE        0.000         0.000         0.000         0.000         0.000
 CONT           0.287         0.000         1.889         0.000         2.030
 CONT_SE        0.000         0.000         0.000         0.000         0.000
 DEON           0.362         0.000         2.788         0.000         2.921
 DEON_SE        0.000         0.000         0.000         0.000         0.000
 RELA           0.286         0.000         2.272         0.000         2.459
 RELA_SE        0.000         0.000         0.000         0.000         0.000
 ESTA           0.192         0.000         1.488         0.000         1.586
 ESTA_SE        0.000         0.000         0.000         0.000         0.000


           Covariances
              UTIL_SE       CONT          CONT_SE       DEON          DEON_SE
              ________      ________      ________      ________      ________
 UTIL_SE        0.000
 CONT           0.000         2.525
 CONT_SE        0.000         0.000         0.000
 DEON           0.000         2.453         0.000         4.209
 DEON_SE        0.000         0.000         0.000         0.000         0.000
 RELA           0.000         1.960         0.000         2.838         0.000
 RELA_SE        0.000         0.000         0.000         0.000         0.000
 ESTA           0.000         1.272         0.000         1.820         0.000
 ESTA_SE        0.000         0.000         0.000         0.000         0.000


           Covariances
              RELA          RELA_SE       ESTA          ESTA_SE
              ________      ________      ________      ________
 RELA           3.255
 RELA_SE        0.000         0.000
 ESTA           1.532         0.000         0.922
 ESTA_SE        0.000         0.000         0.000         0.000


           Correlations
              ACCEPT        ACCEPT_S      RISK          RISK_SE       BENF
              ________      ________      ________      ________      ________
 ACCEPT         1.000
 ACCEPT_S     999.000         1.000
 RISK          -0.864       999.000         1.000
 RISK_SE      999.000       999.000       999.000         1.000
 BENF           0.910       999.000        -0.918       999.000         1.000
 BENF_SE      999.000       999.000       999.000       999.000       999.000
 NEGEMO        -0.450       999.000         0.530       999.000        -0.459
 NEGEMO_S     999.000       999.000       999.000       999.000       999.000
 POSEMO         0.600       999.000        -0.547       999.000         0.594
 POSEMO_S     999.000       999.000       999.000       999.000       999.000
 TRUST          0.183       999.000        -0.271       999.000         0.220
 TRUST_SE     999.000       999.000       999.000       999.000       999.000
 HEDO           0.651       999.000        -0.596       999.000         0.646
 HEDO_SE      999.000       999.000       999.000       999.000       999.000
 UTIL           0.653       999.000        -0.591       999.000         0.654
 UTIL_SE      999.000       999.000       999.000       999.000       999.000
 CONT           0.622       999.000        -0.580       999.000         0.634
 CONT_SE      999.000       999.000       999.000       999.000       999.000
 DEON           0.685       999.000        -0.632       999.000         0.694
 DEON_SE      999.000       999.000       999.000       999.000       999.000
 RELA           0.725       999.000        -0.681       999.000         0.713
 RELA_SE      999.000       999.000       999.000       999.000       999.000
 ESTA           0.806       999.000        -0.743       999.000         0.804
 ESTA_SE      999.000       999.000       999.000       999.000       999.000


           Correlations
              BENF_SE       NEGEMO        NEGEMO_S      POSEMO        POSEMO_S
              ________      ________      ________      ________      ________
 BENF_SE        1.000
 NEGEMO       999.000         1.000
 NEGEMO_S     999.000       999.000         1.000
 POSEMO       999.000        -0.136       999.000         1.000
 POSEMO_S     999.000       999.000       999.000       999.000         1.000
 TRUST        999.000        -0.102       999.000         0.250       999.000
 TRUST_SE     999.000       999.000       999.000       999.000       999.000
 HEDO         999.000        -0.255       999.000         0.431       999.000
 HEDO_SE      999.000       999.000       999.000       999.000       999.000
 UTIL         999.000        -0.253       999.000         0.418       999.000
 UTIL_SE      999.000       999.000       999.000       999.000       999.000
 CONT         999.000        -0.278       999.000         0.398       999.000
 CONT_SE      999.000       999.000       999.000       999.000       999.000
 DEON         999.000        -0.279       999.000         0.461       999.000
 DEON_SE      999.000       999.000       999.000       999.000       999.000
 RELA         999.000        -0.355       999.000         0.438       999.000
 RELA_SE      999.000       999.000       999.000       999.000       999.000
 ESTA         999.000        -0.342       999.000         0.520       999.000
 ESTA_SE      999.000       999.000       999.000       999.000       999.000


           Correlations
              TRUST         TRUST_SE      HEDO          HEDO_SE       UTIL
              ________      ________      ________      ________      ________
 TRUST          1.000
 TRUST_SE     999.000         1.000
 HEDO           0.201       999.000         1.000
 HEDO_SE      999.000       999.000       999.000         1.000
 UTIL           0.145       999.000         0.775       999.000         1.000
 UTIL_SE      999.000       999.000       999.000       999.000       999.000
 CONT           0.185       999.000         0.675       999.000         0.689
 CONT_SE      999.000       999.000       999.000       999.000       999.000
 DEON           0.181       999.000         0.772       999.000         0.768
 DEON_SE      999.000       999.000       999.000       999.000       999.000
 RELA           0.163       999.000         0.715       999.000         0.735
 RELA_SE      999.000       999.000       999.000       999.000       999.000
 ESTA           0.205       999.000         0.880       999.000         0.890
 ESTA_SE      999.000       999.000       999.000       999.000       999.000


           Correlations
              UTIL_SE       CONT          CONT_SE       DEON          DEON_SE
              ________      ________      ________      ________      ________
 UTIL_SE        1.000
 CONT         999.000         1.000
 CONT_SE      999.000       999.000         1.000
 DEON         999.000         0.752       999.000         1.000
 DEON_SE      999.000       999.000       999.000       999.000         1.000
 RELA         999.000         0.684       999.000         0.767       999.000
 RELA_SE      999.000       999.000       999.000       999.000       999.000
 ESTA         999.000         0.834       999.000         0.923       999.000
 ESTA_SE      999.000       999.000       999.000       999.000       999.000


           Correlations
              RELA          RELA_SE       ESTA          ESTA_SE
              ________      ________      ________      ________
 RELA           1.000
 RELA_SE      999.000         1.000
 ESTA           0.884       999.000         1.000
 ESTA_SE      999.000       999.000       999.000         1.000


PLOT INFORMATION

The following plots are available:

  Histograms (sample values, estimated factor scores, estimated values, residuals)
  Scatterplots (sample values, estimated factor scores, estimated values, residuals)
  Latent variable distribution plots

     Beginning Time:  10:25:21
        Ending Time:  10:30:48
       Elapsed Time:  00:05:27



MUTHEN & MUTHEN
3463 Stoner Ave.
Los Angeles, CA  90066

Tel: (310) 391-9971
Fax: (310) 391-8971
Web: www.StatModel.com
Support: Support@StatModel.com

Copyright (c) 1998-2021 Muthen & Muthen
